model,task,mae_published,rmse_published,conversion_factor,mae_current_units,rmse_current_units,source_url,source_table
TGCN,temperature,3.8638,5.8554,1,3.8638,5.8554,https://ojs.aaai.org/index.php/AAAI/article/download/20711/20470,Table 2
TGCN,humidity,1.4700,2.1066,10,14.7000,21.0660,https://ojs.aaai.org/index.php/AAAI/article/download/20711/20470,Table 2
TGCN,component_of_wind,4.1747,5.6730,1,4.1747,5.6730,https://ojs.aaai.org/index.php/AAAI/article/download/20711/20470,Table 2
TGCN,cloud_cover,2.3934,3.6512,0.1,0.23934,0.36512,https://ojs.aaai.org/index.php/AAAI/article/download/20711/20470,Table 2
STGCN,temperature,4.3525,6.8600,1,4.3525,6.8600,https://ojs.aaai.org/index.php/AAAI/article/download/20711/20470,Table 2
STGCN,humidity,0.7975,1.1109,10,7.9750,11.1090,https://ojs.aaai.org/index.php/AAAI/article/download/20711/20470,Table 2
STGCN,component_of_wind,3.6477,4.8146,1,3.6477,4.8146,https://ojs.aaai.org/index.php/AAAI/article/download/20711/20470,Table 2
STGCN,cloud_cover,2.0197,2.9542,0.1,0.20197,0.29542,https://ojs.aaai.org/index.php/AAAI/article/download/20711/20470,Table 2
MSTGCN,temperature,1.2199,1.9203,1,1.2199,1.9203,https://ojs.aaai.org/index.php/AAAI/article/download/20711/20470,Table 2
MSTGCN,humidity,0.6093,0.8684,10,6.0930,8.6840,https://ojs.aaai.org/index.php/AAAI/article/download/20711/20470,Table 2
MSTGCN,component_of_wind,1.9440,2.9111,1,1.9440,2.9111,https://ojs.aaai.org/index.php/AAAI/article/download/20711/20470,Table 2
MSTGCN,cloud_cover,1.8732,2.8629,0.1,0.18732,0.28629,https://ojs.aaai.org/index.php/AAAI/article/download/20711/20470,Table 2
ASTGCN,temperature,1.4896,2.4622,1,1.4896,2.4622,https://ojs.aaai.org/index.php/AAAI/article/download/20711/20470,Table 2
ASTGCN,humidity,0.7288,1.0471,10,7.2880,10.4710,https://ojs.aaai.org/index.php/AAAI/article/download/20711/20470,Table 2
ASTGCN,component_of_wind,2.0889,3.1356,1,2.0889,3.1356,https://ojs.aaai.org/index.php/AAAI/article/download/20711/20470,Table 2
ASTGCN,cloud_cover,1.9936,2.9576,0.1,0.19936,0.29576,https://ojs.aaai.org/index.php/AAAI/article/download/20711/20470,Table 2
GCGRU,temperature,1.3256,2.1721,1,1.3256,2.1721,https://ojs.aaai.org/index.php/AAAI/article/download/20711/20470,Table 2
GCGRU,humidity,0.5007,0.7891,10,5.0070,7.8910,https://ojs.aaai.org/index.php/AAAI/article/download/20711/20470,Table 2
GCGRU,component_of_wind,1.4116,2.2931,1,1.4116,2.2931,https://ojs.aaai.org/index.php/AAAI/article/download/20711/20470,Table 2
GCGRU,cloud_cover,1.5925,2.5576,0.1,0.15925,0.25576,https://ojs.aaai.org/index.php/AAAI/article/download/20711/20470,Table 2
DCRNN,temperature,1.3232,2.1874,1,1.3232,2.1874,https://ojs.aaai.org/index.php/AAAI/article/download/20711/20470,Table 2
DCRNN,humidity,0.5046,0.7956,10,5.0460,7.9560,https://ojs.aaai.org/index.php/AAAI/article/download/20711/20470,Table 2
DCRNN,component_of_wind,1.4321,2.3364,1,1.4321,2.3364,https://ojs.aaai.org/index.php/AAAI/article/download/20711/20470,Table 2
DCRNN,cloud_cover,1.5938,2.5412,0.1,0.15938,0.25412,https://ojs.aaai.org/index.php/AAAI/article/download/20711/20470,Table 2
AGCRN,temperature,1.2551,1.9314,1,1.2551,1.9314,https://ojs.aaai.org/index.php/AAAI/article/download/20711/20470,Table 2
AGCRN,humidity,0.5759,0.8549,10,5.7590,8.5490,https://ojs.aaai.org/index.php/AAAI/article/download/20711/20470,Table 2
AGCRN,component_of_wind,2.4194,3.4171,1,2.4194,3.4171,https://ojs.aaai.org/index.php/AAAI/article/download/20711/20470,Table 2
AGCRN,cloud_cover,1.7501,2.7585,0.1,0.17501,0.27585,https://ojs.aaai.org/index.php/AAAI/article/download/20711/20470,Table 2
CLCRN,temperature,1.1688,1.8825,1,1.1688,1.8825,https://ojs.aaai.org/index.php/AAAI/article/download/20711/20470,Table 2
CLCRN,humidity,0.4531,0.7078,10,4.5310,7.0780,https://ojs.aaai.org/index.php/AAAI/article/download/20711/20470,Table 2
CLCRN,component_of_wind,1.3260,2.1292,1,1.3260,2.1292,https://ojs.aaai.org/index.php/AAAI/article/download/20711/20470,Table 2
CLCRN,cloud_cover,1.4906,2.4559,0.1,0.14906,0.24559,https://ojs.aaai.org/index.php/AAAI/article/download/20711/20470,Table 2
