dataset,variant,seed,checkpoint,checkpoint_sha256,mae,rmse
temperature,w/o adaptive graph,2023,D:\CLCRN-main\修改稿2026_10_5\重新训练2026_10_5\runs\seed_2023\temperature\control\saved_model\epo92.tar,c28dc357de284db02aee283955582b87a5668bfd37db639739629a1acce1d153,1.1691256662342133,2.0634446306598697
temperature,w/o adaptive graph,2024,D:\CLCRN-main\修改稿2026_10_5\重新训练2026_10_5\runs\seed_2024\temperature\control\saved_model\epo66.tar,302e7345507d629ac12e45bd2917aab8244c6f4d8791d40242d0294a63b50f70,1.2722258166108094,2.143974014424672
temperature,w/o adaptive graph,2025,D:\CLCRN-main\修改稿2026_10_5\重新训练2026_10_5\runs\seed_2025\temperature\control\saved_model\epo92.tar,a7b084631e1565994b2504641d85db2d4c8c8fc9cafa55d172df079b6acef489,1.256295064297887,2.1313865377354064
temperature,Mean fusion,2023,D:\CLCRN-main\修改稿2026_10_5\重新训练2026_10_5\runs\seed_2023\temperature\mean_fusion\saved_model\epo89.tar,cc89e85662358a7c8df7f974c24089a5a723286c419a61c1a95382fe097397b5,1.2544364348273178,1.930239000568448
temperature,Mean fusion,2024,D:\CLCRN-main\修改稿2026_10_5\重新训练2026_10_5\runs\seed_2024\temperature\mean_fusion\saved_model\epo52.tar,bd83f9dd231af9c9eebb1b9b63c5528ab779905945f626918fc7d7f212540d1d,1.208926600880849,2.1240206040422187
temperature,Mean fusion,2025,D:\CLCRN-main\修改稿2026_10_5\重新训练2026_10_5\runs\seed_2025\temperature\mean_fusion\saved_model\epo98.tar,9519fc33ec22ce40bfa9eb9932d0c77fe68d1990e7aae292b33333ce90848050,1.3382138334883766,2.086046505453717
temperature,Full CLCRN-AGF,2023,D:\CLCRN-main\修改稿2026_10_5\重新训练2026_10_5\runs\seed_2023\temperature\agf\saved_model\epo87.tar,ee66072380c8824de448b525421aaf50d22d1ccb86044590dc43430cc0418c9d,1.2861805262033676,2.001704622691926
temperature,Full CLCRN-AGF,2024,D:\CLCRN-main\修改稿2026_10_5\重新训练2026_10_5\runs\seed_2024\temperature\agf\saved_model\epo78.tar,89520814367d5bb69a3dd5f342542e67fc27b023e9988cf8f9665ad12adca2b6,1.1091033464636917,1.9559192373327363
temperature,Full CLCRN-AGF,2025,D:\CLCRN-main\修改稿2026_10_5\重新训练2026_10_5\runs\seed_2025\temperature\agf\saved_model\epo90.tar,f0bfdfa2ff7a776752e2c24bfc30be5c8c4cfae78f2b3238bd856b0f8c4ccfb0,1.354845681925645,2.2148517645764056
humidity,w/o adaptive graph,2023,D:\CLCRN-main\修改稿2026_10_5\重新训练2026_10_5\runs\seed_2023\humidity\control\saved_model\epo82.tar,f62968d195b8c987c5dacb205368cc18e3df3bb560e1b871c215b21e41de60a3,4.639407184135163,7.185397949289334
humidity,w/o adaptive graph,2024,D:\CLCRN-main\修改稿2026_10_5\重新训练2026_10_5\runs\seed_2024\humidity\control\saved_model\epo85.tar,9253a3a89329c84184ef53ab93ea17662840363f6c22a37a894838b1731c32bf,4.6426453665881695,7.271183973301283
humidity,w/o adaptive graph,2025,D:\CLCRN-main\修改稿2026_10_5\重新训练2026_10_5\runs\seed_2025\humidity\control\saved_model\epo66.tar,eb6637dd3fdd8e8eeee352e39b4e558703513553a3cd62721cdffc4d2bee645a,4.6263274215027135,7.223203439644952
humidity,Mean fusion,2023,D:\CLCRN-main\修改稿2026_10_5\重新训练2026_10_5\runs\seed_2023\humidity\mean_fusion\saved_model\epo84.tar,3cd1fa2476f8f7a42d60a69a2d3c62a5662b41037051250f2e62c14011185a3e,4.598103883076139,7.101539476723971
humidity,Mean fusion,2024,D:\CLCRN-main\修改稿2026_10_5\重新训练2026_10_5\runs\seed_2024\humidity\mean_fusion\saved_model\epo93.tar,7e0576796b69f16f2cdaaa1d24ca1086348bdb2846ec1726b7f6836646c99683,4.576279673264903,7.0912933754924845
humidity,Mean fusion,2025,D:\CLCRN-main\修改稿2026_10_5\重新训练2026_10_5\runs\seed_2025\humidity\mean_fusion\saved_model\epo84.tar,b7c73070ce36d7b83cb6bb8db9445387238414d73e9c5c5f27146e1f576ced84,4.623429330542848,7.2037005224141035
humidity,Full CLCRN-AGF,2023,D:\CLCRN-main\修改稿2026_10_5\重新训练2026_10_5\runs\seed_2023\humidity\agf\saved_model\epo78.tar,6a93eb6500932e7006c80684255958590154752065fad7bbbe6d41df79d9a15d,4.534773631195974,7.076385319156218
humidity,Full CLCRN-AGF,2024,D:\CLCRN-main\修改稿2026_10_5\重新训练2026_10_5\runs\seed_2024\humidity\agf\saved_model\epo87.tar,cd5e444c13c75591f89f09b63461dc2fff1024fe184fd3265fd0d8e8c76b42d0,4.527877067232042,6.986436905515132
humidity,Full CLCRN-AGF,2025,D:\CLCRN-main\修改稿2026_10_5\重新训练2026_10_5\runs\seed_2025\humidity\agf\saved_model\epo94.tar,9cc43a815db221ea5037a3ea3ebb3f62421850905768ba66085a3ef658d1eb61,4.6024189052594435,7.058047218357686
