dataset,seed,bin_left,bin_right,count
temperature,2021,0.0,0.01,55544
temperature,2021,0.01,0.02,149876
temperature,2021,0.02,0.03,198571
temperature,2021,0.03,0.04,228588
temperature,2021,0.04,0.05,233658
temperature,2021,0.05,0.06,228152
temperature,2021,0.06,0.07,219182
temperature,2021,0.07,0.08,219255
temperature,2021,0.08,0.09,199284
temperature,2021,0.09,0.1,206449
temperature,2021,0.1,0.11,191184
temperature,2021,0.11,0.12,221323
temperature,2021,0.12,0.13,208645
temperature,2021,0.13,0.14,242661
temperature,2021,0.14,0.15,236659
temperature,2021,0.15,0.16,288419
temperature,2021,0.16,0.17,355516
temperature,2021,0.17,0.18,359262
temperature,2021,0.18,0.19,407018
temperature,2021,0.19,0.2,465760
temperature,2021,0.2,0.21,520206
temperature,2021,0.21,0.22,578239
temperature,2021,0.22,0.23,594373
temperature,2021,0.23,0.24,668843
temperature,2021,0.24,0.25,732586
temperature,2021,0.25,0.26,847030
temperature,2021,0.26,0.27,869431
temperature,2021,0.27,0.28,944994
temperature,2021,0.28,0.29,936103
temperature,2021,0.29,0.3,1050239
temperature,2021,0.3,0.31,1102383
temperature,2021,0.31,0.32,1097083
temperature,2021,0.32,0.33,1209629
temperature,2021,0.33,0.34,1241292
temperature,2021,0.34,0.35000000000000003,1271338
temperature,2021,0.35000000000000003,0.36,1295424
temperature,2021,0.36,0.37,1344848
temperature,2021,0.37,0.38,1428835
temperature,2021,0.38,0.39,1478490
temperature,2021,0.39,0.4,1532439
temperature,2021,0.4,0.41000000000000003,1542664
temperature,2021,0.41000000000000003,0.42,1548265
temperature,2021,0.42,0.43,1605839
temperature,2021,0.43,0.44,1662237
temperature,2021,0.44,0.45,1685302
temperature,2021,0.45,0.46,1759039
temperature,2021,0.46,0.47000000000000003,1719348
temperature,2021,0.47000000000000003,0.48,1726022
temperature,2021,0.48,0.49,1738401
temperature,2021,0.49,0.5,1780381
temperature,2021,0.5,0.51,1808695
temperature,2021,0.51,0.52,1872426
temperature,2021,0.52,0.53,1807011
temperature,2021,0.53,0.54,1777502
temperature,2021,0.54,0.55,1866492
temperature,2021,0.55,0.56,1942492
temperature,2021,0.56,0.5700000000000001,1891372
temperature,2021,0.5700000000000001,0.58,1811743
temperature,2021,0.58,0.59,1779299
temperature,2021,0.59,0.6,1940041
temperature,2021,0.6,0.61,1935614
temperature,2021,0.61,0.62,1882703
temperature,2021,0.62,0.63,1878800
temperature,2021,0.63,0.64,1902043
temperature,2021,0.64,0.65,1776528
temperature,2021,0.65,0.66,1706502
temperature,2021,0.66,0.67,1693931
temperature,2021,0.67,0.68,1813609
temperature,2021,0.68,0.6900000000000001,1803306
temperature,2021,0.6900000000000001,0.7000000000000001,1783725
temperature,2021,0.7000000000000001,0.71,1864296
temperature,2021,0.71,0.72,1861520
temperature,2021,0.72,0.73,1803881
temperature,2021,0.73,0.74,1761381
temperature,2021,0.74,0.75,1750379
temperature,2021,0.75,0.76,1718010
temperature,2021,0.76,0.77,1682026
temperature,2021,0.77,0.78,1601453
temperature,2021,0.78,0.79,1608670
temperature,2021,0.79,0.8,1466719
temperature,2021,0.8,0.81,1345468
temperature,2021,0.81,0.8200000000000001,1248113
temperature,2021,0.8200000000000001,0.8300000000000001,1164006
temperature,2021,0.8300000000000001,0.84,1095369
temperature,2021,0.84,0.85,1175927
temperature,2021,0.85,0.86,1081286
temperature,2021,0.86,0.87,1064046
temperature,2021,0.87,0.88,1101939
temperature,2021,0.88,0.89,1202822
temperature,2021,0.89,0.9,1262644
temperature,2021,0.9,0.91,1430345
temperature,2021,0.91,0.92,1637412
temperature,2021,0.92,0.93,1992504
temperature,2021,0.93,0.9400000000000001,2734586
temperature,2021,0.9400000000000001,0.9500000000000001,4031835
temperature,2021,0.9500000000000001,0.96,4086760
temperature,2021,0.96,0.97,3478231
temperature,2021,0.97,0.98,1378960
temperature,2021,0.98,0.99,421106
temperature,2021,0.99,1.0,19619
temperature,2022,0.0,0.01,32936
temperature,2022,0.01,0.02,87269
temperature,2022,0.02,0.03,131890
temperature,2022,0.03,0.04,194413
temperature,2022,0.04,0.05,240513
temperature,2022,0.05,0.06,265294
temperature,2022,0.06,0.07,272705
temperature,2022,0.07,0.08,287758
temperature,2022,0.08,0.09,335496
temperature,2022,0.09,0.1,440090
temperature,2022,0.1,0.11,578581
temperature,2022,0.11,0.12,707365
temperature,2022,0.12,0.13,810262
temperature,2022,0.13,0.14,871983
temperature,2022,0.14,0.15,895674
temperature,2022,0.15,0.16,887785
temperature,2022,0.16,0.17,867815
temperature,2022,0.17,0.18,843012
temperature,2022,0.18,0.19,812707
temperature,2022,0.19,0.2,779724
temperature,2022,0.2,0.21,751760
temperature,2022,0.21,0.22,730775
temperature,2022,0.22,0.23,713496
temperature,2022,0.23,0.24,702553
temperature,2022,0.24,0.25,694627
temperature,2022,0.25,0.26,689224
temperature,2022,0.26,0.27,697593
temperature,2022,0.27,0.28,701167
temperature,2022,0.28,0.29,713880
temperature,2022,0.29,0.3,719807
temperature,2022,0.3,0.31,723375
temperature,2022,0.31,0.32,739587
temperature,2022,0.32,0.33,756786
temperature,2022,0.33,0.34,769813
temperature,2022,0.34,0.35000000000000003,793753
temperature,2022,0.35000000000000003,0.36,815281
temperature,2022,0.36,0.37,830473
temperature,2022,0.37,0.38,836294
temperature,2022,0.38,0.39,856996
temperature,2022,0.39,0.4,949385
temperature,2022,0.4,0.41000000000000003,1047363
temperature,2022,0.41000000000000003,0.42,1151115
temperature,2022,0.42,0.43,1249830
temperature,2022,0.43,0.44,1340732
temperature,2022,0.44,0.45,1462738
temperature,2022,0.45,0.46,1618949
temperature,2022,0.46,0.47000000000000003,1778447
temperature,2022,0.47000000000000003,0.48,1958874
temperature,2022,0.48,0.49,2159607
temperature,2022,0.49,0.5,2354439
temperature,2022,0.5,0.51,2371883
temperature,2022,0.51,0.52,2547436
temperature,2022,0.52,0.53,2759496
temperature,2022,0.53,0.54,2743163
temperature,2022,0.54,0.55,2680682
temperature,2022,0.55,0.56,2796916
temperature,2022,0.56,0.5700000000000001,2804334
temperature,2022,0.5700000000000001,0.58,2734243
temperature,2022,0.58,0.59,2690054
temperature,2022,0.59,0.6,2438615
temperature,2022,0.6,0.61,2178356
temperature,2022,0.61,0.62,2035537
temperature,2022,0.62,0.63,1987250
temperature,2022,0.63,0.64,1785106
temperature,2022,0.64,0.65,1486480
temperature,2022,0.65,0.66,1265298
temperature,2022,0.66,0.67,1121108
temperature,2022,0.67,0.68,968024
temperature,2022,0.68,0.6900000000000001,813103
temperature,2022,0.6900000000000001,0.7000000000000001,701410
temperature,2022,0.7000000000000001,0.71,648466
temperature,2022,0.71,0.72,606538
temperature,2022,0.72,0.73,574198
temperature,2022,0.73,0.74,568036
temperature,2022,0.74,0.75,551716
temperature,2022,0.75,0.76,548943
temperature,2022,0.76,0.77,556785
temperature,2022,0.77,0.78,575554
temperature,2022,0.78,0.79,600045
temperature,2022,0.79,0.8,621315
temperature,2022,0.8,0.81,644085
temperature,2022,0.81,0.8200000000000001,679108
temperature,2022,0.8200000000000001,0.8300000000000001,706648
temperature,2022,0.8300000000000001,0.84,738296
temperature,2022,0.84,0.85,752021
temperature,2022,0.85,0.86,768613
temperature,2022,0.86,0.87,776261
temperature,2022,0.87,0.88,789482
temperature,2022,0.88,0.89,810455
temperature,2022,0.89,0.9,837122
temperature,2022,0.9,0.91,893974
temperature,2022,0.91,0.92,962838
temperature,2022,0.92,0.93,1054720
temperature,2022,0.93,0.9400000000000001,1192678
temperature,2022,0.9400000000000001,0.9500000000000001,1402969
temperature,2022,0.9500000000000001,0.96,1739185
temperature,2022,0.96,0.97,2391722
temperature,2022,0.97,0.98,2960701
temperature,2022,0.98,0.99,4249205
temperature,2022,0.99,1.0,16409292
temperature,2023,0.0,0.01,0
temperature,2023,0.01,0.02,0
temperature,2023,0.02,0.03,0
temperature,2023,0.03,0.04,0
temperature,2023,0.04,0.05,0
temperature,2023,0.05,0.06,0
temperature,2023,0.06,0.07,0
temperature,2023,0.07,0.08,0
temperature,2023,0.08,0.09,0
temperature,2023,0.09,0.1,0
temperature,2023,0.1,0.11,0
temperature,2023,0.11,0.12,0
temperature,2023,0.12,0.13,0
temperature,2023,0.13,0.14,312
temperature,2023,0.14,0.15,2477
temperature,2023,0.15,0.16,4451
temperature,2023,0.16,0.17,6784
temperature,2023,0.17,0.18,13348
temperature,2023,0.18,0.19,19853
temperature,2023,0.19,0.2,24207
temperature,2023,0.2,0.21,25583
temperature,2023,0.21,0.22,51054
temperature,2023,0.22,0.23,70263
temperature,2023,0.23,0.24,95415
temperature,2023,0.24,0.25,122171
temperature,2023,0.25,0.26,125332
temperature,2023,0.26,0.27,151378
temperature,2023,0.27,0.28,156123
temperature,2023,0.28,0.29,175889
temperature,2023,0.29,0.3,228368
temperature,2023,0.3,0.31,270308
temperature,2023,0.31,0.32,330393
temperature,2023,0.32,0.33,358849
temperature,2023,0.33,0.34,407736
temperature,2023,0.34,0.35000000000000003,540222
temperature,2023,0.35000000000000003,0.36,664518
temperature,2023,0.36,0.37,750003
temperature,2023,0.37,0.38,790624
temperature,2023,0.38,0.39,900410
temperature,2023,0.39,0.4,1008303
temperature,2023,0.4,0.41000000000000003,1095792
temperature,2023,0.41000000000000003,0.42,1215929
temperature,2023,0.42,0.43,1427712
temperature,2023,0.43,0.44,1560403
temperature,2023,0.44,0.45,1648013
temperature,2023,0.45,0.46,1808993
temperature,2023,0.46,0.47000000000000003,1954693
temperature,2023,0.47000000000000003,0.48,2044937
temperature,2023,0.48,0.49,2178264
temperature,2023,0.49,0.5,2382451
temperature,2023,0.5,0.51,2529632
temperature,2023,0.51,0.52,2575702
temperature,2023,0.52,0.53,2679500
temperature,2023,0.53,0.54,2921624
temperature,2023,0.54,0.55,2983774
temperature,2023,0.55,0.56,3084927
temperature,2023,0.56,0.5700000000000001,3247302
temperature,2023,0.5700000000000001,0.58,3354340
temperature,2023,0.58,0.59,3362801
temperature,2023,0.59,0.6,3355110
temperature,2023,0.6,0.61,3417821
temperature,2023,0.61,0.62,3530286
temperature,2023,0.62,0.63,3544485
temperature,2023,0.63,0.64,3548334
temperature,2023,0.64,0.65,3592161
temperature,2023,0.65,0.66,3427309
temperature,2023,0.66,0.67,3380284
temperature,2023,0.67,0.68,3328598
temperature,2023,0.68,0.6900000000000001,3306466
temperature,2023,0.6900000000000001,0.7000000000000001,3261397
temperature,2023,0.7000000000000001,0.71,3032778
temperature,2023,0.71,0.72,3006767
temperature,2023,0.72,0.73,2917581
temperature,2023,0.73,0.74,2824670
temperature,2023,0.74,0.75,2618638
temperature,2023,0.75,0.76,2445779
temperature,2023,0.76,0.77,2351390
temperature,2023,0.77,0.78,2241424
temperature,2023,0.78,0.79,2058964
temperature,2023,0.79,0.8,1983131
temperature,2023,0.8,0.81,1865452
temperature,2023,0.81,0.8200000000000001,1789568
temperature,2023,0.8200000000000001,0.8300000000000001,1581589
temperature,2023,0.8300000000000001,0.84,1404592
temperature,2023,0.84,0.85,1282075
temperature,2023,0.85,0.86,1177406
temperature,2023,0.86,0.87,1043991
temperature,2023,0.87,0.88,898055
temperature,2023,0.88,0.89,755952
temperature,2023,0.89,0.9,657777
temperature,2023,0.9,0.91,543143
temperature,2023,0.91,0.92,439795
temperature,2023,0.92,0.93,372459
temperature,2023,0.93,0.9400000000000001,332984
temperature,2023,0.9400000000000001,0.9500000000000001,257697
temperature,2023,0.9500000000000001,0.96,156356
temperature,2023,0.96,0.97,77014
temperature,2023,0.97,0.98,10852
temperature,2023,0.98,0.99,163
temperature,2023,0.99,1.0,0
temperature,2024,0.0,0.01,0
temperature,2024,0.01,0.02,0
temperature,2024,0.02,0.03,0
temperature,2024,0.03,0.04,0
temperature,2024,0.04,0.05,849
temperature,2024,0.05,0.06,4428
temperature,2024,0.06,0.07,5145
temperature,2024,0.07,0.08,7387
temperature,2024,0.08,0.09,15579
temperature,2024,0.09,0.1,26824
temperature,2024,0.1,0.11,16351
temperature,2024,0.11,0.12,17763
temperature,2024,0.12,0.13,25836
temperature,2024,0.13,0.14,52098
temperature,2024,0.14,0.15,67507
temperature,2024,0.15,0.16,54464
temperature,2024,0.16,0.17,86044
temperature,2024,0.17,0.18,116043
temperature,2024,0.18,0.19,175933
temperature,2024,0.19,0.2,201016
temperature,2024,0.2,0.21,189449
temperature,2024,0.21,0.22,262701
temperature,2024,0.22,0.23,329125
temperature,2024,0.23,0.24,369390
temperature,2024,0.24,0.25,406095
temperature,2024,0.25,0.26,394325
temperature,2024,0.26,0.27,406264
temperature,2024,0.27,0.28,498394
temperature,2024,0.28,0.29,596317
temperature,2024,0.29,0.3,671048
temperature,2024,0.3,0.31,725880
temperature,2024,0.31,0.32,797922
temperature,2024,0.32,0.33,861198
temperature,2024,0.33,0.34,945691
temperature,2024,0.34,0.35000000000000003,986807
temperature,2024,0.35000000000000003,0.36,1101423
temperature,2024,0.36,0.37,1176366
temperature,2024,0.37,0.38,1366626
temperature,2024,0.38,0.39,1400567
temperature,2024,0.39,0.4,1547674
temperature,2024,0.4,0.41000000000000003,1808047
temperature,2024,0.41000000000000003,0.42,1953757
temperature,2024,0.42,0.43,2026313
temperature,2024,0.43,0.44,2062924
temperature,2024,0.44,0.45,2074074
temperature,2024,0.45,0.46,2339585
temperature,2024,0.46,0.47000000000000003,2491594
temperature,2024,0.47000000000000003,0.48,2702992
temperature,2024,0.48,0.49,2766944
temperature,2024,0.49,0.5,2985295
temperature,2024,0.5,0.51,3048779
temperature,2024,0.51,0.52,3122825
temperature,2024,0.52,0.53,3151594
temperature,2024,0.53,0.54,3161625
temperature,2024,0.54,0.55,3203676
temperature,2024,0.55,0.56,3342265
temperature,2024,0.56,0.5700000000000001,3290860
temperature,2024,0.5700000000000001,0.58,3249425
temperature,2024,0.58,0.59,3091606
temperature,2024,0.59,0.6,3088076
temperature,2024,0.6,0.61,3004616
temperature,2024,0.61,0.62,2900753
temperature,2024,0.62,0.63,2792108
temperature,2024,0.63,0.64,2916652
temperature,2024,0.64,0.65,2720654
temperature,2024,0.65,0.66,2726516
temperature,2024,0.66,0.67,2745483
temperature,2024,0.67,0.68,2610663
temperature,2024,0.68,0.6900000000000001,2609017
temperature,2024,0.6900000000000001,0.7000000000000001,2557222
temperature,2024,0.7000000000000001,0.71,2632272
temperature,2024,0.71,0.72,2494336
temperature,2024,0.72,0.73,2424583
temperature,2024,0.73,0.74,2446556
temperature,2024,0.74,0.75,2296408
temperature,2024,0.75,0.76,2087389
temperature,2024,0.76,0.77,2034171
temperature,2024,0.77,0.78,1951396
temperature,2024,0.78,0.79,1825278
temperature,2024,0.79,0.8,1692590
temperature,2024,0.8,0.81,1518943
temperature,2024,0.81,0.8200000000000001,1338758
temperature,2024,0.8200000000000001,0.8300000000000001,1254701
temperature,2024,0.8300000000000001,0.84,1072867
temperature,2024,0.84,0.85,809533
temperature,2024,0.85,0.86,694655
temperature,2024,0.86,0.87,562822
temperature,2024,0.87,0.88,369908
temperature,2024,0.88,0.89,308152
temperature,2024,0.89,0.9,320647
temperature,2024,0.9,0.91,226465
temperature,2024,0.91,0.92,117033
temperature,2024,0.92,0.93,89505
temperature,2024,0.93,0.9400000000000001,87129
temperature,2024,0.9400000000000001,0.9500000000000001,31448
temperature,2024,0.9500000000000001,0.96,21426
temperature,2024,0.96,0.97,6196
temperature,2024,0.97,0.98,3820
temperature,2024,0.98,0.99,0
temperature,2024,0.99,1.0,0
temperature,2025,0.0,0.01,0
temperature,2025,0.01,0.02,0
temperature,2025,0.02,0.03,0
temperature,2025,0.03,0.04,0
temperature,2025,0.04,0.05,0
temperature,2025,0.05,0.06,0
temperature,2025,0.06,0.07,115
temperature,2025,0.07,0.08,2705
temperature,2025,0.08,0.09,5117
temperature,2025,0.09,0.1,3194
temperature,2025,0.1,0.11,4149
temperature,2025,0.11,0.12,10258
temperature,2025,0.12,0.13,16838
temperature,2025,0.13,0.14,26714
temperature,2025,0.14,0.15,48072
temperature,2025,0.15,0.16,50398
temperature,2025,0.16,0.17,67883
temperature,2025,0.17,0.18,71530
temperature,2025,0.18,0.19,94928
temperature,2025,0.19,0.2,130353
temperature,2025,0.2,0.21,171980
temperature,2025,0.21,0.22,209747
temperature,2025,0.22,0.23,240172
temperature,2025,0.23,0.24,271179
temperature,2025,0.24,0.25,324994
temperature,2025,0.25,0.26,375350
temperature,2025,0.26,0.27,499471
temperature,2025,0.27,0.28,591862
temperature,2025,0.28,0.29,631101
temperature,2025,0.29,0.3,736175
temperature,2025,0.3,0.31,820261
temperature,2025,0.31,0.32,892106
temperature,2025,0.32,0.33,947642
temperature,2025,0.33,0.34,993354
temperature,2025,0.34,0.35000000000000003,1110064
temperature,2025,0.35000000000000003,0.36,1198281
temperature,2025,0.36,0.37,1384403
temperature,2025,0.37,0.38,1508674
temperature,2025,0.38,0.39,1678045
temperature,2025,0.39,0.4,1806775
temperature,2025,0.4,0.41000000000000003,1940859
temperature,2025,0.41000000000000003,0.42,2028416
temperature,2025,0.42,0.43,2243570
temperature,2025,0.43,0.44,2410280
temperature,2025,0.44,0.45,2607175
temperature,2025,0.45,0.46,2767796
temperature,2025,0.46,0.47000000000000003,3036773
temperature,2025,0.47000000000000003,0.48,3200587
temperature,2025,0.48,0.49,3313733
temperature,2025,0.49,0.5,3392051
temperature,2025,0.5,0.51,3405284
temperature,2025,0.51,0.52,3376136
temperature,2025,0.52,0.53,3481270
temperature,2025,0.53,0.54,3537279
temperature,2025,0.54,0.55,3626594
temperature,2025,0.55,0.56,3719264
temperature,2025,0.56,0.5700000000000001,3737038
temperature,2025,0.5700000000000001,0.58,3638494
temperature,2025,0.58,0.59,3675777
temperature,2025,0.59,0.6,3723819
temperature,2025,0.6,0.61,3505326
temperature,2025,0.61,0.62,3354497
temperature,2025,0.62,0.63,3174587
temperature,2025,0.63,0.64,3102709
temperature,2025,0.64,0.65,2975437
temperature,2025,0.65,0.66,2778784
temperature,2025,0.66,0.67,2687561
temperature,2025,0.67,0.68,2532264
temperature,2025,0.68,0.6900000000000001,2449607
temperature,2025,0.6900000000000001,0.7000000000000001,2462046
temperature,2025,0.7000000000000001,0.71,2195925
temperature,2025,0.71,0.72,2064441
temperature,2025,0.72,0.73,1865966
temperature,2025,0.73,0.74,1645018
temperature,2025,0.74,0.75,1454335
temperature,2025,0.75,0.76,1451088
temperature,2025,0.76,0.77,1460626
temperature,2025,0.77,0.78,1242068
temperature,2025,0.78,0.79,1175132
temperature,2025,0.79,0.8,943243
temperature,2025,0.8,0.81,886291
temperature,2025,0.81,0.8200000000000001,782145
temperature,2025,0.8200000000000001,0.8300000000000001,706212
temperature,2025,0.8300000000000001,0.84,595664
temperature,2025,0.84,0.85,413885
temperature,2025,0.85,0.86,334582
temperature,2025,0.86,0.87,257454
temperature,2025,0.87,0.88,264237
temperature,2025,0.88,0.89,193280
temperature,2025,0.89,0.9,159455
temperature,2025,0.9,0.91,99921
temperature,2025,0.91,0.92,52182
temperature,2025,0.92,0.93,30304
temperature,2025,0.93,0.9400000000000001,26077
temperature,2025,0.9400000000000001,0.9500000000000001,38455
temperature,2025,0.9500000000000001,0.96,24057
temperature,2025,0.96,0.97,510
temperature,2025,0.97,0.98,0
temperature,2025,0.98,0.99,0
temperature,2025,0.99,1.0,0
humidity,2021,0.0,0.01,340051
humidity,2021,0.01,0.02,644895
humidity,2021,0.02,0.03,579186
humidity,2021,0.03,0.04,628738
humidity,2021,0.04,0.05,595229
humidity,2021,0.05,0.06,584547
humidity,2021,0.06,0.07,579722
humidity,2021,0.07,0.08,617638
humidity,2021,0.08,0.09,630520
humidity,2021,0.09,0.1,628901
humidity,2021,0.1,0.11,605448
humidity,2021,0.11,0.12,623478
humidity,2021,0.12,0.13,599889
humidity,2021,0.13,0.14,629942
humidity,2021,0.14,0.15,660040
humidity,2021,0.15,0.16,639141
humidity,2021,0.16,0.17,634839
humidity,2021,0.17,0.18,658108
humidity,2021,0.18,0.19,630461
humidity,2021,0.19,0.2,603309
humidity,2021,0.2,0.21,572609
humidity,2021,0.21,0.22,611050
humidity,2021,0.22,0.23,668866
humidity,2021,0.23,0.24,703505
humidity,2021,0.24,0.25,750982
humidity,2021,0.25,0.26,727820
humidity,2021,0.26,0.27,735465
humidity,2021,0.27,0.28,735199
humidity,2021,0.28,0.29,736568
humidity,2021,0.29,0.3,753653
humidity,2021,0.3,0.31,770690
humidity,2021,0.31,0.32,933834
humidity,2021,0.32,0.33,952921
humidity,2021,0.33,0.34,1000722
humidity,2021,0.34,0.35000000000000003,1032967
humidity,2021,0.35000000000000003,0.36,1043408
humidity,2021,0.36,0.37,1049316
humidity,2021,0.37,0.38,1035226
humidity,2021,0.38,0.39,1121872
humidity,2021,0.39,0.4,1168698
humidity,2021,0.4,0.41000000000000003,1198038
humidity,2021,0.41000000000000003,0.42,1227634
humidity,2021,0.42,0.43,1259106
humidity,2021,0.43,0.44,1240319
humidity,2021,0.44,0.45,1301689
humidity,2021,0.45,0.46,1365230
humidity,2021,0.46,0.47000000000000003,1411167
humidity,2021,0.47000000000000003,0.48,1397018
humidity,2021,0.48,0.49,1381083
humidity,2021,0.49,0.5,1485876
humidity,2021,0.5,0.51,1484531
humidity,2021,0.51,0.52,1470765
humidity,2021,0.52,0.53,1556313
humidity,2021,0.53,0.54,1576868
humidity,2021,0.54,0.55,1630804
humidity,2021,0.55,0.56,1667994
humidity,2021,0.56,0.5700000000000001,1716403
humidity,2021,0.5700000000000001,0.58,1779036
humidity,2021,0.58,0.59,1757309
humidity,2021,0.59,0.6,1880437
humidity,2021,0.6,0.61,1933072
humidity,2021,0.61,0.62,1897993
humidity,2021,0.62,0.63,2068723
humidity,2021,0.63,0.64,2083037
humidity,2021,0.64,0.65,1984067
humidity,2021,0.65,0.66,2008141
humidity,2021,0.66,0.67,2175266
humidity,2021,0.67,0.68,2083347
humidity,2021,0.68,0.6900000000000001,2193059
humidity,2021,0.6900000000000001,0.7000000000000001,2182946
humidity,2021,0.7000000000000001,0.71,2120649
humidity,2021,0.71,0.72,2109882
humidity,2021,0.72,0.73,2351901
humidity,2021,0.73,0.74,2397229
humidity,2021,0.74,0.75,2397688
humidity,2021,0.75,0.76,2363629
humidity,2021,0.76,0.77,2417880
humidity,2021,0.77,0.78,2290691
humidity,2021,0.78,0.79,2224914
humidity,2021,0.79,0.8,2248388
humidity,2021,0.8,0.81,2206326
humidity,2021,0.81,0.8200000000000001,2191282
humidity,2021,0.8200000000000001,0.8300000000000001,1994851
humidity,2021,0.8300000000000001,0.84,2033171
humidity,2021,0.84,0.85,1913078
humidity,2021,0.85,0.86,1846617
humidity,2021,0.86,0.87,1708380
humidity,2021,0.87,0.88,1775126
humidity,2021,0.88,0.89,1620518
humidity,2021,0.89,0.9,1417671
humidity,2021,0.9,0.91,1342647
humidity,2021,0.91,0.92,1112241
humidity,2021,0.92,0.93,929068
humidity,2021,0.93,0.9400000000000001,823602
humidity,2021,0.9400000000000001,0.9500000000000001,849456
humidity,2021,0.9500000000000001,0.96,786352
humidity,2021,0.96,0.97,677165
humidity,2021,0.97,0.98,589823
humidity,2021,0.98,0.99,552902
humidity,2021,0.99,1.0,261605
humidity,2022,0.0,0.01,92
humidity,2022,0.01,0.02,41943
humidity,2022,0.02,0.03,57267
humidity,2022,0.03,0.04,91302
humidity,2022,0.04,0.05,234323
humidity,2022,0.05,0.06,275117
humidity,2022,0.06,0.07,206364
humidity,2022,0.07,0.08,306385
humidity,2022,0.08,0.09,275278
humidity,2022,0.09,0.1,369668
humidity,2022,0.1,0.11,381826
humidity,2022,0.11,0.12,418679
humidity,2022,0.12,0.13,455283
humidity,2022,0.13,0.14,433480
humidity,2022,0.14,0.15,502051
humidity,2022,0.15,0.16,557972
humidity,2022,0.16,0.17,545180
humidity,2022,0.17,0.18,590976
humidity,2022,0.18,0.19,647409
humidity,2022,0.19,0.2,658952
humidity,2022,0.2,0.21,637644
humidity,2022,0.21,0.22,781540
humidity,2022,0.22,0.23,769322
humidity,2022,0.23,0.24,801474
humidity,2022,0.24,0.25,835198
humidity,2022,0.25,0.26,910452
humidity,2022,0.26,0.27,956483
humidity,2022,0.27,0.28,982636
humidity,2022,0.28,0.29,1092462
humidity,2022,0.29,0.3,1130195
humidity,2022,0.3,0.31,1147243
humidity,2022,0.31,0.32,1142185
humidity,2022,0.32,0.33,1189170
humidity,2022,0.33,0.34,1218760
humidity,2022,0.34,0.35000000000000003,1268666
humidity,2022,0.35000000000000003,0.36,1303698
humidity,2022,0.36,0.37,1426451
humidity,2022,0.37,0.38,1448646
humidity,2022,0.38,0.39,1517532
humidity,2022,0.39,0.4,1497486
humidity,2022,0.4,0.41000000000000003,1671603
humidity,2022,0.41000000000000003,0.42,1717662
humidity,2022,0.42,0.43,1777889
humidity,2022,0.43,0.44,1712192
humidity,2022,0.44,0.45,1802247
humidity,2022,0.45,0.46,1877526
humidity,2022,0.46,0.47000000000000003,1845332
humidity,2022,0.47000000000000003,0.48,1911291
humidity,2022,0.48,0.49,2026989
humidity,2022,0.49,0.5,2032848
humidity,2022,0.5,0.51,2026954
humidity,2022,0.51,0.52,2048481
humidity,2022,0.52,0.53,2092714
humidity,2022,0.53,0.54,2181982
humidity,2022,0.54,0.55,2103513
humidity,2022,0.55,0.56,2057494
humidity,2022,0.56,0.5700000000000001,2124561
humidity,2022,0.5700000000000001,0.58,2205098
humidity,2022,0.58,0.59,2198334
humidity,2022,0.59,0.6,2151170
humidity,2022,0.6,0.61,2236513
humidity,2022,0.61,0.62,2151781
humidity,2022,0.62,0.63,2249828
humidity,2022,0.63,0.64,2188318
humidity,2022,0.64,0.65,2118008
humidity,2022,0.65,0.66,2183790
humidity,2022,0.66,0.67,2240520
humidity,2022,0.67,0.68,2164764
humidity,2022,0.68,0.6900000000000001,2225489
humidity,2022,0.6900000000000001,0.7000000000000001,2181306
humidity,2022,0.7000000000000001,0.71,2011152
humidity,2022,0.71,0.72,1998292
humidity,2022,0.72,0.73,2112678
humidity,2022,0.73,0.74,2160619
humidity,2022,0.74,0.75,1941801
humidity,2022,0.75,0.76,1948977
humidity,2022,0.76,0.77,1905680
humidity,2022,0.77,0.78,1754849
humidity,2022,0.78,0.79,1704372
humidity,2022,0.79,0.8,1702264
humidity,2022,0.8,0.81,1605209
humidity,2022,0.81,0.8200000000000001,1565039
humidity,2022,0.8200000000000001,0.8300000000000001,1358805
humidity,2022,0.8300000000000001,0.84,1396664
humidity,2022,0.84,0.85,1299061
humidity,2022,0.85,0.86,1253497
humidity,2022,0.86,0.87,1144690
humidity,2022,0.87,0.88,1176000
humidity,2022,0.88,0.89,1030909
humidity,2022,0.89,0.9,1034088
humidity,2022,0.9,0.91,863649
humidity,2022,0.91,0.92,918589
humidity,2022,0.92,0.93,721415
humidity,2022,0.93,0.9400000000000001,655459
humidity,2022,0.9400000000000001,0.9500000000000001,738195
humidity,2022,0.9500000000000001,0.96,623365
humidity,2022,0.96,0.97,646891
humidity,2022,0.97,0.98,538489
humidity,2022,0.98,0.99,484316
humidity,2022,0.99,1.0,263455
humidity,2023,0.0,0.01,0
humidity,2023,0.01,0.02,15681
humidity,2023,0.02,0.03,36077
humidity,2023,0.03,0.04,73589
humidity,2023,0.04,0.05,128127
humidity,2023,0.05,0.06,128316
humidity,2023,0.06,0.07,185522
humidity,2023,0.07,0.08,313026
humidity,2023,0.08,0.09,215438
humidity,2023,0.09,0.1,327497
humidity,2023,0.1,0.11,346957
humidity,2023,0.11,0.12,332844
humidity,2023,0.12,0.13,345776
humidity,2023,0.13,0.14,411785
humidity,2023,0.14,0.15,505160
humidity,2023,0.15,0.16,439105
humidity,2023,0.16,0.17,392017
humidity,2023,0.17,0.18,462744
humidity,2023,0.18,0.19,530181
humidity,2023,0.19,0.2,519112
humidity,2023,0.2,0.21,515959
humidity,2023,0.21,0.22,561321
humidity,2023,0.22,0.23,650957
humidity,2023,0.23,0.24,638873
humidity,2023,0.24,0.25,657207
humidity,2023,0.25,0.26,584795
humidity,2023,0.26,0.27,585128
humidity,2023,0.27,0.28,694113
humidity,2023,0.28,0.29,717059
humidity,2023,0.29,0.3,768491
humidity,2023,0.3,0.31,779543
humidity,2023,0.31,0.32,800563
humidity,2023,0.32,0.33,874268
humidity,2023,0.33,0.34,897828
humidity,2023,0.34,0.35000000000000003,831550
humidity,2023,0.35000000000000003,0.36,890446
humidity,2023,0.36,0.37,931049
humidity,2023,0.37,0.38,1001905
humidity,2023,0.38,0.39,979735
humidity,2023,0.39,0.4,1013285
humidity,2023,0.4,0.41000000000000003,1062665
humidity,2023,0.41000000000000003,0.42,1137557
humidity,2023,0.42,0.43,1137969
humidity,2023,0.43,0.44,1122514
humidity,2023,0.44,0.45,1110015
humidity,2023,0.45,0.46,1171920
humidity,2023,0.46,0.47000000000000003,1234773
humidity,2023,0.47000000000000003,0.48,1144682
humidity,2023,0.48,0.49,1158105
humidity,2023,0.49,0.5,1242758
humidity,2023,0.5,0.51,1277299
humidity,2023,0.51,0.52,1256746
humidity,2023,0.52,0.53,1280609
humidity,2023,0.53,0.54,1342913
humidity,2023,0.54,0.55,1381146
humidity,2023,0.55,0.56,1430007
humidity,2023,0.56,0.5700000000000001,1372863
humidity,2023,0.5700000000000001,0.58,1428223
humidity,2023,0.58,0.59,1501406
humidity,2023,0.59,0.6,1600646
humidity,2023,0.6,0.61,1618961
humidity,2023,0.61,0.62,1666417
humidity,2023,0.62,0.63,1597376
humidity,2023,0.63,0.64,1639376
humidity,2023,0.64,0.65,1555819
humidity,2023,0.65,0.66,1680053
humidity,2023,0.66,0.67,1727307
humidity,2023,0.67,0.68,1753386
humidity,2023,0.68,0.6900000000000001,1771325
humidity,2023,0.6900000000000001,0.7000000000000001,1853281
humidity,2023,0.7000000000000001,0.71,1821273
humidity,2023,0.71,0.72,1874785
humidity,2023,0.72,0.73,1888409
humidity,2023,0.73,0.74,1891778
humidity,2023,0.74,0.75,1935236
humidity,2023,0.75,0.76,1917907
humidity,2023,0.76,0.77,1998594
humidity,2023,0.77,0.78,2009144
humidity,2023,0.78,0.79,2006384
humidity,2023,0.79,0.8,1974518
humidity,2023,0.8,0.81,1998921
humidity,2023,0.81,0.8200000000000001,1988316
humidity,2023,0.8200000000000001,0.8300000000000001,2034475
humidity,2023,0.8300000000000001,0.84,2266485
humidity,2023,0.84,0.85,2224936
humidity,2023,0.85,0.86,2224424
humidity,2023,0.86,0.87,2292125
humidity,2023,0.87,0.88,2385324
humidity,2023,0.88,0.89,2406446
humidity,2023,0.89,0.9,2510465
humidity,2023,0.9,0.91,2527749
humidity,2023,0.91,0.92,2488725
humidity,2023,0.92,0.93,2544159
humidity,2023,0.93,0.9400000000000001,2664863
humidity,2023,0.9400000000000001,0.9500000000000001,2691422
humidity,2023,0.9500000000000001,0.96,2613035
humidity,2023,0.96,0.97,2631059
humidity,2023,0.97,0.98,2423469
humidity,2023,0.98,0.99,2213508
humidity,2023,0.99,1.0,1382376
humidity,2024,0.0,0.01,175280
humidity,2024,0.01,0.02,308651
humidity,2024,0.02,0.03,371638
humidity,2024,0.03,0.04,474364
humidity,2024,0.04,0.05,440641
humidity,2024,0.05,0.06,485209
humidity,2024,0.06,0.07,607582
humidity,2024,0.07,0.08,636730
humidity,2024,0.08,0.09,641517
humidity,2024,0.09,0.1,672283
humidity,2024,0.1,0.11,768976
humidity,2024,0.11,0.12,747435
humidity,2024,0.12,0.13,832978
humidity,2024,0.13,0.14,806691
humidity,2024,0.14,0.15,868391
humidity,2024,0.15,0.16,818442
humidity,2024,0.16,0.17,889973
humidity,2024,0.17,0.18,986877
humidity,2024,0.18,0.19,1058994
humidity,2024,0.19,0.2,1009919
humidity,2024,0.2,0.21,1093492
humidity,2024,0.21,0.22,1117845
humidity,2024,0.22,0.23,1182933
humidity,2024,0.23,0.24,1218617
humidity,2024,0.24,0.25,1263832
humidity,2024,0.25,0.26,1321147
humidity,2024,0.26,0.27,1337939
humidity,2024,0.27,0.28,1433310
humidity,2024,0.28,0.29,1350344
humidity,2024,0.29,0.3,1396251
humidity,2024,0.3,0.31,1490100
humidity,2024,0.31,0.32,1494420
humidity,2024,0.32,0.33,1509521
humidity,2024,0.33,0.34,1561953
humidity,2024,0.34,0.35000000000000003,1551049
humidity,2024,0.35000000000000003,0.36,1559478
humidity,2024,0.36,0.37,1605500
humidity,2024,0.37,0.38,1749776
humidity,2024,0.38,0.39,1716956
humidity,2024,0.39,0.4,1732171
humidity,2024,0.4,0.41000000000000003,1809564
humidity,2024,0.41000000000000003,0.42,1710384
humidity,2024,0.42,0.43,1698374
humidity,2024,0.43,0.44,1825658
humidity,2024,0.44,0.45,1803424
humidity,2024,0.45,0.46,1903002
humidity,2024,0.46,0.47000000000000003,1953992
humidity,2024,0.47000000000000003,0.48,1920606
humidity,2024,0.48,0.49,1888570
humidity,2024,0.49,0.5,1832763
humidity,2024,0.5,0.51,1848770
humidity,2024,0.51,0.52,1779872
humidity,2024,0.52,0.53,1762958
humidity,2024,0.53,0.54,1799808
humidity,2024,0.54,0.55,1725632
humidity,2024,0.55,0.56,1708230
humidity,2024,0.56,0.5700000000000001,1798570
humidity,2024,0.5700000000000001,0.58,1805508
humidity,2024,0.58,0.59,1748629
humidity,2024,0.59,0.6,1734554
humidity,2024,0.6,0.61,1766402
humidity,2024,0.61,0.62,1654698
humidity,2024,0.62,0.63,1651753
humidity,2024,0.63,0.64,1733953
humidity,2024,0.64,0.65,1748485
humidity,2024,0.65,0.66,1652223
humidity,2024,0.66,0.67,1620539
humidity,2024,0.67,0.68,1669826
humidity,2024,0.68,0.6900000000000001,1663069
humidity,2024,0.6900000000000001,0.7000000000000001,1676323
humidity,2024,0.7000000000000001,0.71,1534651
humidity,2024,0.71,0.72,1518534
humidity,2024,0.72,0.73,1599673
humidity,2024,0.73,0.74,1376674
humidity,2024,0.74,0.75,1333611
humidity,2024,0.75,0.76,1289193
humidity,2024,0.76,0.77,1296505
humidity,2024,0.77,0.78,1326088
humidity,2024,0.78,0.79,1394574
humidity,2024,0.79,0.8,1291820
humidity,2024,0.8,0.81,1312342
humidity,2024,0.81,0.8200000000000001,1300482
humidity,2024,0.8200000000000001,0.8300000000000001,1210776
humidity,2024,0.8300000000000001,0.84,1217755
humidity,2024,0.84,0.85,1087947
humidity,2024,0.85,0.86,1101846
humidity,2024,0.86,0.87,1138805
humidity,2024,0.87,0.88,1137125
humidity,2024,0.88,0.89,1039897
humidity,2024,0.89,0.9,1010774
humidity,2024,0.9,0.91,1133919
humidity,2024,0.91,0.92,986291
humidity,2024,0.92,0.93,923125
humidity,2024,0.93,0.9400000000000001,1020749
humidity,2024,0.9400000000000001,0.9500000000000001,985432
humidity,2024,0.9500000000000001,0.96,916145
humidity,2024,0.96,0.97,776004
humidity,2024,0.97,0.98,677634
humidity,2024,0.98,0.99,759415
humidity,2024,0.99,1.0,288326
humidity,2025,0.0,0.01,151804
humidity,2025,0.01,0.02,439233
humidity,2025,0.02,0.03,622484
humidity,2025,0.03,0.04,688635
humidity,2025,0.04,0.05,636259
humidity,2025,0.05,0.06,897169
humidity,2025,0.06,0.07,962341
humidity,2025,0.07,0.08,973903
humidity,2025,0.08,0.09,891632
humidity,2025,0.09,0.1,1019090
humidity,2025,0.1,0.11,1057097
humidity,2025,0.11,0.12,1050782
humidity,2025,0.12,0.13,1115250
humidity,2025,0.13,0.14,1091959
humidity,2025,0.14,0.15,1147002
humidity,2025,0.15,0.16,1086269
humidity,2025,0.16,0.17,1081624
humidity,2025,0.17,0.18,1083325
humidity,2025,0.18,0.19,1191825
humidity,2025,0.19,0.2,1327639
humidity,2025,0.2,0.21,1224543
humidity,2025,0.21,0.22,1267749
humidity,2025,0.22,0.23,1177123
humidity,2025,0.23,0.24,1287919
humidity,2025,0.24,0.25,1348036
humidity,2025,0.25,0.26,1299551
humidity,2025,0.26,0.27,1309081
humidity,2025,0.27,0.28,1386207
humidity,2025,0.28,0.29,1454646
humidity,2025,0.29,0.3,1406308
humidity,2025,0.3,0.31,1329672
humidity,2025,0.31,0.32,1378132
humidity,2025,0.32,0.33,1519391
humidity,2025,0.33,0.34,1480919
humidity,2025,0.34,0.35000000000000003,1499266
humidity,2025,0.35000000000000003,0.36,1542205
humidity,2025,0.36,0.37,1504875
humidity,2025,0.37,0.38,1524588
humidity,2025,0.38,0.39,1504169
humidity,2025,0.39,0.4,1555800
humidity,2025,0.4,0.41000000000000003,1619597
humidity,2025,0.41000000000000003,0.42,1589502
humidity,2025,0.42,0.43,1611333
humidity,2025,0.43,0.44,1581135
humidity,2025,0.44,0.45,1688025
humidity,2025,0.45,0.46,1564463
humidity,2025,0.46,0.47000000000000003,1680142
humidity,2025,0.47000000000000003,0.48,1672631
humidity,2025,0.48,0.49,1578647
humidity,2025,0.49,0.5,1508112
humidity,2025,0.5,0.51,1539130
humidity,2025,0.51,0.52,1549409
humidity,2025,0.52,0.53,1507727
humidity,2025,0.53,0.54,1689648
humidity,2025,0.54,0.55,1702032
humidity,2025,0.55,0.56,1621775
humidity,2025,0.56,0.5700000000000001,1485897
humidity,2025,0.5700000000000001,0.58,1533303
humidity,2025,0.58,0.59,1567665
humidity,2025,0.59,0.6,1662243
humidity,2025,0.6,0.61,1588076
humidity,2025,0.61,0.62,1529391
humidity,2025,0.62,0.63,1538967
humidity,2025,0.63,0.64,1498544
humidity,2025,0.64,0.65,1564002
humidity,2025,0.65,0.66,1728037
humidity,2025,0.66,0.67,1654282
humidity,2025,0.67,0.68,1678892
humidity,2025,0.68,0.6900000000000001,1551228
humidity,2025,0.6900000000000001,0.7000000000000001,1437467
humidity,2025,0.7000000000000001,0.71,1440387
humidity,2025,0.71,0.72,1432308
humidity,2025,0.72,0.73,1526437
humidity,2025,0.73,0.74,1515032
humidity,2025,0.74,0.75,1407303
humidity,2025,0.75,0.76,1354726
humidity,2025,0.76,0.77,1362226
humidity,2025,0.77,0.78,1332598
humidity,2025,0.78,0.79,1339630
humidity,2025,0.79,0.8,1345635
humidity,2025,0.8,0.81,1283783
humidity,2025,0.81,0.8200000000000001,1231377
humidity,2025,0.8200000000000001,0.8300000000000001,1258094
humidity,2025,0.8300000000000001,0.84,1227836
humidity,2025,0.84,0.85,1082480
humidity,2025,0.85,0.86,1211341
humidity,2025,0.86,0.87,1287351
humidity,2025,0.87,0.88,1182077
humidity,2025,0.88,0.89,1188919
humidity,2025,0.89,0.9,1045931
humidity,2025,0.9,0.91,1162260
humidity,2025,0.91,0.92,1047636
humidity,2025,0.92,0.93,954994
humidity,2025,0.93,0.9400000000000001,950420
humidity,2025,0.9400000000000001,0.9500000000000001,1113894
humidity,2025,0.9500000000000001,0.96,900494
humidity,2025,0.96,0.97,918614
humidity,2025,0.97,0.98,803423
humidity,2025,0.98,0.99,708183
humidity,2025,0.99,1.0,319263
component_of_wind,2021,0.0,0.01,0
component_of_wind,2021,0.01,0.02,0
component_of_wind,2021,0.02,0.03,0
component_of_wind,2021,0.03,0.04,0
component_of_wind,2021,0.04,0.05,0
component_of_wind,2021,0.05,0.06,0
component_of_wind,2021,0.06,0.07,0
component_of_wind,2021,0.07,0.08,0
component_of_wind,2021,0.08,0.09,0
component_of_wind,2021,0.09,0.1,9
component_of_wind,2021,0.1,0.11,2837
component_of_wind,2021,0.11,0.12,10251
component_of_wind,2021,0.12,0.13,25533
component_of_wind,2021,0.13,0.14,36440
component_of_wind,2021,0.14,0.15,45870
component_of_wind,2021,0.15,0.16,51784
component_of_wind,2021,0.16,0.17,63516
component_of_wind,2021,0.17,0.18,76437
component_of_wind,2021,0.18,0.19,92049
component_of_wind,2021,0.19,0.2,111382
component_of_wind,2021,0.2,0.21,138739
component_of_wind,2021,0.21,0.22,186870
component_of_wind,2021,0.22,0.23,268528
component_of_wind,2021,0.23,0.24,324951
component_of_wind,2021,0.24,0.25,396599
component_of_wind,2021,0.25,0.26,467649
component_of_wind,2021,0.26,0.27,553774
component_of_wind,2021,0.27,0.28,642299
component_of_wind,2021,0.28,0.29,786646
component_of_wind,2021,0.29,0.3,970258
component_of_wind,2021,0.3,0.31,1145770
component_of_wind,2021,0.31,0.32,1309283
component_of_wind,2021,0.32,0.33,1528950
component_of_wind,2021,0.33,0.34,1729350
component_of_wind,2021,0.34,0.35000000000000003,1925016
component_of_wind,2021,0.35000000000000003,0.36,2157097
component_of_wind,2021,0.36,0.37,2382144
component_of_wind,2021,0.37,0.38,2627183
component_of_wind,2021,0.38,0.39,2922187
component_of_wind,2021,0.39,0.4,3140855
component_of_wind,2021,0.4,0.41000000000000003,3336216
component_of_wind,2021,0.41000000000000003,0.42,3565500
component_of_wind,2021,0.42,0.43,3798314
component_of_wind,2021,0.43,0.44,3986582
component_of_wind,2021,0.44,0.45,4245110
component_of_wind,2021,0.45,0.46,4408779
component_of_wind,2021,0.46,0.47000000000000003,4453549
component_of_wind,2021,0.47000000000000003,0.48,4517375
component_of_wind,2021,0.48,0.49,4513224
component_of_wind,2021,0.49,0.5,4535539
component_of_wind,2021,0.5,0.51,4502864
component_of_wind,2021,0.51,0.52,4359726
component_of_wind,2021,0.52,0.53,4224575
component_of_wind,2021,0.53,0.54,4145547
component_of_wind,2021,0.54,0.55,3996046
component_of_wind,2021,0.55,0.56,3808958
component_of_wind,2021,0.56,0.5700000000000001,3649659
component_of_wind,2021,0.5700000000000001,0.58,3469673
component_of_wind,2021,0.58,0.59,3354445
component_of_wind,2021,0.59,0.6,3208020
component_of_wind,2021,0.6,0.61,2956641
component_of_wind,2021,0.61,0.62,2602042
component_of_wind,2021,0.62,0.63,2266117
component_of_wind,2021,0.63,0.64,2009129
component_of_wind,2021,0.64,0.65,1845372
component_of_wind,2021,0.65,0.66,1655942
component_of_wind,2021,0.66,0.67,1448031
component_of_wind,2021,0.67,0.68,1298773
component_of_wind,2021,0.68,0.6900000000000001,1157631
component_of_wind,2021,0.6900000000000001,0.7000000000000001,997435
component_of_wind,2021,0.7000000000000001,0.71,835985
component_of_wind,2021,0.71,0.72,726117
component_of_wind,2021,0.72,0.73,616880
component_of_wind,2021,0.73,0.74,497575
component_of_wind,2021,0.74,0.75,404320
component_of_wind,2021,0.75,0.76,319657
component_of_wind,2021,0.76,0.77,249002
component_of_wind,2021,0.77,0.78,205266
component_of_wind,2021,0.78,0.79,167763
component_of_wind,2021,0.79,0.8,143006
component_of_wind,2021,0.8,0.81,124003
component_of_wind,2021,0.81,0.8200000000000001,103270
component_of_wind,2021,0.8200000000000001,0.8300000000000001,93097
component_of_wind,2021,0.8300000000000001,0.84,76332
component_of_wind,2021,0.84,0.85,63879
component_of_wind,2021,0.85,0.86,56687
component_of_wind,2021,0.86,0.87,36835
component_of_wind,2021,0.87,0.88,13053
component_of_wind,2021,0.88,0.89,1585
component_of_wind,2021,0.89,0.9,74
component_of_wind,2021,0.9,0.91,0
component_of_wind,2021,0.91,0.92,0
component_of_wind,2021,0.92,0.93,0
component_of_wind,2021,0.93,0.9400000000000001,0
component_of_wind,2021,0.9400000000000001,0.9500000000000001,0
component_of_wind,2021,0.9500000000000001,0.96,0
component_of_wind,2021,0.96,0.97,0
component_of_wind,2021,0.97,0.98,0
component_of_wind,2021,0.98,0.99,0
component_of_wind,2021,0.99,1.0,0
component_of_wind,2022,0.0,0.01,0
component_of_wind,2022,0.01,0.02,0
component_of_wind,2022,0.02,0.03,0
component_of_wind,2022,0.03,0.04,0
component_of_wind,2022,0.04,0.05,0
component_of_wind,2022,0.05,0.06,0
component_of_wind,2022,0.06,0.07,0
component_of_wind,2022,0.07,0.08,268
component_of_wind,2022,0.08,0.09,4948
component_of_wind,2022,0.09,0.1,3112
component_of_wind,2022,0.1,0.11,7701
component_of_wind,2022,0.11,0.12,17524
component_of_wind,2022,0.12,0.13,42109
component_of_wind,2022,0.13,0.14,63390
component_of_wind,2022,0.14,0.15,87290
component_of_wind,2022,0.15,0.16,125580
component_of_wind,2022,0.16,0.17,175282
component_of_wind,2022,0.17,0.18,217027
component_of_wind,2022,0.18,0.19,277497
component_of_wind,2022,0.19,0.2,354869
component_of_wind,2022,0.2,0.21,413461
component_of_wind,2022,0.21,0.22,485820
component_of_wind,2022,0.22,0.23,603736
component_of_wind,2022,0.23,0.24,742081
component_of_wind,2022,0.24,0.25,843194
component_of_wind,2022,0.25,0.26,929840
component_of_wind,2022,0.26,0.27,1054015
component_of_wind,2022,0.27,0.28,1173069
component_of_wind,2022,0.28,0.29,1304790
component_of_wind,2022,0.29,0.3,1453232
component_of_wind,2022,0.3,0.31,1565705
component_of_wind,2022,0.31,0.32,1705576
component_of_wind,2022,0.32,0.33,1866893
component_of_wind,2022,0.33,0.34,2080588
component_of_wind,2022,0.34,0.35000000000000003,2286436
component_of_wind,2022,0.35000000000000003,0.36,2370711
component_of_wind,2022,0.36,0.37,2479671
component_of_wind,2022,0.37,0.38,2589192
component_of_wind,2022,0.38,0.39,2683001
component_of_wind,2022,0.39,0.4,2729539
component_of_wind,2022,0.4,0.41000000000000003,2774308
component_of_wind,2022,0.41000000000000003,0.42,2820336
component_of_wind,2022,0.42,0.43,2880527
component_of_wind,2022,0.43,0.44,2945864
component_of_wind,2022,0.44,0.45,3027765
component_of_wind,2022,0.45,0.46,3080622
component_of_wind,2022,0.46,0.47000000000000003,3163205
component_of_wind,2022,0.47000000000000003,0.48,3261648
component_of_wind,2022,0.48,0.49,3322623
component_of_wind,2022,0.49,0.5,3328415
component_of_wind,2022,0.5,0.51,3335287
component_of_wind,2022,0.51,0.52,3345827
component_of_wind,2022,0.52,0.53,3334577
component_of_wind,2022,0.53,0.54,3337740
component_of_wind,2022,0.54,0.55,3280680
component_of_wind,2022,0.55,0.56,3146570
component_of_wind,2022,0.56,0.5700000000000001,2937505
component_of_wind,2022,0.5700000000000001,0.58,2822768
component_of_wind,2022,0.58,0.59,2801077
component_of_wind,2022,0.59,0.6,2818219
component_of_wind,2022,0.6,0.61,2835574
component_of_wind,2022,0.61,0.62,2768311
component_of_wind,2022,0.62,0.63,2585059
component_of_wind,2022,0.63,0.64,2377773
component_of_wind,2022,0.64,0.65,2216061
component_of_wind,2022,0.65,0.66,2112247
component_of_wind,2022,0.66,0.67,2014123
component_of_wind,2022,0.67,0.68,1937249
component_of_wind,2022,0.68,0.6900000000000001,1775840
component_of_wind,2022,0.6900000000000001,0.7000000000000001,1632154
component_of_wind,2022,0.7000000000000001,0.71,1506835
component_of_wind,2022,0.71,0.72,1396452
component_of_wind,2022,0.72,0.73,1302351
component_of_wind,2022,0.73,0.74,1197118
component_of_wind,2022,0.74,0.75,1148201
component_of_wind,2022,0.75,0.76,1031747
component_of_wind,2022,0.76,0.77,887898
component_of_wind,2022,0.77,0.78,739637
component_of_wind,2022,0.78,0.79,622233
component_of_wind,2022,0.79,0.8,519324
component_of_wind,2022,0.8,0.81,439231
component_of_wind,2022,0.81,0.8200000000000001,369653
component_of_wind,2022,0.8200000000000001,0.8300000000000001,314207
component_of_wind,2022,0.8300000000000001,0.84,273995
component_of_wind,2022,0.84,0.85,222963
component_of_wind,2022,0.85,0.86,153123
component_of_wind,2022,0.86,0.87,79405
component_of_wind,2022,0.87,0.88,59440
component_of_wind,2022,0.88,0.89,53743
component_of_wind,2022,0.89,0.9,38961
component_of_wind,2022,0.9,0.91,29639
component_of_wind,2022,0.91,0.92,12381
component_of_wind,2022,0.92,0.93,5717
component_of_wind,2022,0.93,0.9400000000000001,2252
component_of_wind,2022,0.9400000000000001,0.9500000000000001,6990
component_of_wind,2022,0.9500000000000001,0.96,859
component_of_wind,2022,0.96,0.97,0
component_of_wind,2022,0.97,0.98,0
component_of_wind,2022,0.98,0.99,0
component_of_wind,2022,0.99,1.0,0
component_of_wind,2023,0.0,0.01,0
component_of_wind,2023,0.01,0.02,0
component_of_wind,2023,0.02,0.03,0
component_of_wind,2023,0.03,0.04,0
component_of_wind,2023,0.04,0.05,0
component_of_wind,2023,0.05,0.06,1
component_of_wind,2023,0.06,0.07,331
component_of_wind,2023,0.07,0.08,2680
component_of_wind,2023,0.08,0.09,5197
component_of_wind,2023,0.09,0.1,7095
component_of_wind,2023,0.1,0.11,14746
component_of_wind,2023,0.11,0.12,20876
component_of_wind,2023,0.12,0.13,31652
component_of_wind,2023,0.13,0.14,40409
component_of_wind,2023,0.14,0.15,59984
component_of_wind,2023,0.15,0.16,77778
component_of_wind,2023,0.16,0.17,82979
component_of_wind,2023,0.17,0.18,93088
component_of_wind,2023,0.18,0.19,129907
component_of_wind,2023,0.19,0.2,171658
component_of_wind,2023,0.2,0.21,208625
component_of_wind,2023,0.21,0.22,259851
component_of_wind,2023,0.22,0.23,282024
component_of_wind,2023,0.23,0.24,313969
component_of_wind,2023,0.24,0.25,378553
component_of_wind,2023,0.25,0.26,470577
component_of_wind,2023,0.26,0.27,547702
component_of_wind,2023,0.27,0.28,658394
component_of_wind,2023,0.28,0.29,791677
component_of_wind,2023,0.29,0.3,880262
component_of_wind,2023,0.3,0.31,1017534
component_of_wind,2023,0.31,0.32,1143635
component_of_wind,2023,0.32,0.33,1289565
component_of_wind,2023,0.33,0.34,1430353
component_of_wind,2023,0.34,0.35000000000000003,1542140
component_of_wind,2023,0.35000000000000003,0.36,1709253
component_of_wind,2023,0.36,0.37,1950732
component_of_wind,2023,0.37,0.38,2170017
component_of_wind,2023,0.38,0.39,2344998
component_of_wind,2023,0.39,0.4,2516555
component_of_wind,2023,0.4,0.41000000000000003,2680288
component_of_wind,2023,0.41000000000000003,0.42,2901600
component_of_wind,2023,0.42,0.43,3155000
component_of_wind,2023,0.43,0.44,3324508
component_of_wind,2023,0.44,0.45,3532373
component_of_wind,2023,0.45,0.46,3818933
component_of_wind,2023,0.46,0.47000000000000003,3945318
component_of_wind,2023,0.47000000000000003,0.48,4015766
component_of_wind,2023,0.48,0.49,4134252
component_of_wind,2023,0.49,0.5,4184615
component_of_wind,2023,0.5,0.51,4271100
component_of_wind,2023,0.51,0.52,4316467
component_of_wind,2023,0.52,0.53,4280846
component_of_wind,2023,0.53,0.54,4197063
component_of_wind,2023,0.54,0.55,4217179
component_of_wind,2023,0.55,0.56,4130365
component_of_wind,2023,0.56,0.5700000000000001,3992876
component_of_wind,2023,0.5700000000000001,0.58,3840352
component_of_wind,2023,0.58,0.59,3586880
component_of_wind,2023,0.59,0.6,3343626
component_of_wind,2023,0.6,0.61,3199854
component_of_wind,2023,0.61,0.62,3061738
component_of_wind,2023,0.62,0.63,2838685
component_of_wind,2023,0.63,0.64,2567778
component_of_wind,2023,0.64,0.65,2331394
component_of_wind,2023,0.65,0.66,2150049
component_of_wind,2023,0.66,0.67,1955184
component_of_wind,2023,0.67,0.68,1749902
component_of_wind,2023,0.68,0.6900000000000001,1579467
component_of_wind,2023,0.6900000000000001,0.7000000000000001,1416048
component_of_wind,2023,0.7000000000000001,0.71,1236419
component_of_wind,2023,0.71,0.72,1066097
component_of_wind,2023,0.72,0.73,936788
component_of_wind,2023,0.73,0.74,789069
component_of_wind,2023,0.74,0.75,705046
component_of_wind,2023,0.75,0.76,604051
component_of_wind,2023,0.76,0.77,517536
component_of_wind,2023,0.77,0.78,452882
component_of_wind,2023,0.78,0.79,363502
component_of_wind,2023,0.79,0.8,307321
component_of_wind,2023,0.8,0.81,241027
component_of_wind,2023,0.81,0.8200000000000001,180213
component_of_wind,2023,0.8200000000000001,0.8300000000000001,118974
component_of_wind,2023,0.8300000000000001,0.84,91269
component_of_wind,2023,0.84,0.85,79774
component_of_wind,2023,0.85,0.86,49203
component_of_wind,2023,0.86,0.87,32492
component_of_wind,2023,0.87,0.88,16657
component_of_wind,2023,0.88,0.89,8129
component_of_wind,2023,0.89,0.9,5205
component_of_wind,2023,0.9,0.91,4871
component_of_wind,2023,0.91,0.92,628
component_of_wind,2023,0.92,0.93,0
component_of_wind,2023,0.93,0.9400000000000001,0
component_of_wind,2023,0.9400000000000001,0.9500000000000001,0
component_of_wind,2023,0.9500000000000001,0.96,0
component_of_wind,2023,0.96,0.97,0
component_of_wind,2023,0.97,0.98,0
component_of_wind,2023,0.98,0.99,0
component_of_wind,2023,0.99,1.0,0
component_of_wind,2024,0.0,0.01,0
component_of_wind,2024,0.01,0.02,0
component_of_wind,2024,0.02,0.03,0
component_of_wind,2024,0.03,0.04,0
component_of_wind,2024,0.04,0.05,0
component_of_wind,2024,0.05,0.06,0
component_of_wind,2024,0.06,0.07,0
component_of_wind,2024,0.07,0.08,0
component_of_wind,2024,0.08,0.09,49
component_of_wind,2024,0.09,0.1,929
component_of_wind,2024,0.1,0.11,3030
component_of_wind,2024,0.11,0.12,3364
component_of_wind,2024,0.12,0.13,7767
component_of_wind,2024,0.13,0.14,21361
component_of_wind,2024,0.14,0.15,24482
component_of_wind,2024,0.15,0.16,30960
component_of_wind,2024,0.16,0.17,44448
component_of_wind,2024,0.17,0.18,79540
component_of_wind,2024,0.18,0.19,127106
component_of_wind,2024,0.19,0.2,152666
component_of_wind,2024,0.2,0.21,199086
component_of_wind,2024,0.21,0.22,268276
component_of_wind,2024,0.22,0.23,351149
component_of_wind,2024,0.23,0.24,435654
component_of_wind,2024,0.24,0.25,501710
component_of_wind,2024,0.25,0.26,634670
component_of_wind,2024,0.26,0.27,734731
component_of_wind,2024,0.27,0.28,844238
component_of_wind,2024,0.28,0.29,996316
component_of_wind,2024,0.29,0.3,1195164
component_of_wind,2024,0.3,0.31,1352096
component_of_wind,2024,0.31,0.32,1530526
component_of_wind,2024,0.32,0.33,1750820
component_of_wind,2024,0.33,0.34,2013369
component_of_wind,2024,0.34,0.35000000000000003,2243970
component_of_wind,2024,0.35000000000000003,0.36,2473751
component_of_wind,2024,0.36,0.37,2669021
component_of_wind,2024,0.37,0.38,2805486
component_of_wind,2024,0.38,0.39,2985510
component_of_wind,2024,0.39,0.4,3168968
component_of_wind,2024,0.4,0.41000000000000003,3352267
component_of_wind,2024,0.41000000000000003,0.42,3474427
component_of_wind,2024,0.42,0.43,3565781
component_of_wind,2024,0.43,0.44,3737819
component_of_wind,2024,0.44,0.45,3827157
component_of_wind,2024,0.45,0.46,3849043
component_of_wind,2024,0.46,0.47000000000000003,3955846
component_of_wind,2024,0.47000000000000003,0.48,4083468
component_of_wind,2024,0.48,0.49,4098925
component_of_wind,2024,0.49,0.5,4109079
component_of_wind,2024,0.5,0.51,4050007
component_of_wind,2024,0.51,0.52,3958945
component_of_wind,2024,0.52,0.53,3989711
component_of_wind,2024,0.53,0.54,4008076
component_of_wind,2024,0.54,0.55,3915965
component_of_wind,2024,0.55,0.56,3658730
component_of_wind,2024,0.56,0.5700000000000001,3422617
component_of_wind,2024,0.5700000000000001,0.58,3261431
component_of_wind,2024,0.58,0.59,3082557
component_of_wind,2024,0.59,0.6,2853299
component_of_wind,2024,0.6,0.61,2637447
component_of_wind,2024,0.61,0.62,2445188
component_of_wind,2024,0.62,0.63,2274758
component_of_wind,2024,0.63,0.64,2077106
component_of_wind,2024,0.64,0.65,1883927
component_of_wind,2024,0.65,0.66,1748770
component_of_wind,2024,0.66,0.67,1576399
component_of_wind,2024,0.67,0.68,1383836
component_of_wind,2024,0.68,0.6900000000000001,1198957
component_of_wind,2024,0.6900000000000001,0.7000000000000001,1004867
component_of_wind,2024,0.7000000000000001,0.71,847360
component_of_wind,2024,0.71,0.72,776070
component_of_wind,2024,0.72,0.73,726701
component_of_wind,2024,0.73,0.74,691133
component_of_wind,2024,0.74,0.75,601715
component_of_wind,2024,0.75,0.76,514223
component_of_wind,2024,0.76,0.77,433600
component_of_wind,2024,0.77,0.78,352528
component_of_wind,2024,0.78,0.79,306748
component_of_wind,2024,0.79,0.8,268448
component_of_wind,2024,0.8,0.81,247320
component_of_wind,2024,0.81,0.8200000000000001,230964
component_of_wind,2024,0.8200000000000001,0.8300000000000001,202801
component_of_wind,2024,0.8300000000000001,0.84,172961
component_of_wind,2024,0.84,0.85,144032
component_of_wind,2024,0.85,0.86,122775
component_of_wind,2024,0.86,0.87,95691
component_of_wind,2024,0.87,0.88,76410
component_of_wind,2024,0.88,0.89,66411
component_of_wind,2024,0.89,0.9,59523
component_of_wind,2024,0.9,0.91,47476
component_of_wind,2024,0.91,0.92,26908
component_of_wind,2024,0.92,0.93,7237
component_of_wind,2024,0.93,0.9400000000000001,7761
component_of_wind,2024,0.9400000000000001,0.9500000000000001,7973
component_of_wind,2024,0.9500000000000001,0.96,69
component_of_wind,2024,0.96,0.97,0
component_of_wind,2024,0.97,0.98,0
component_of_wind,2024,0.98,0.99,0
component_of_wind,2024,0.99,1.0,0
component_of_wind,2025,0.0,0.01,0
component_of_wind,2025,0.01,0.02,0
component_of_wind,2025,0.02,0.03,0
component_of_wind,2025,0.03,0.04,0
component_of_wind,2025,0.04,0.05,27
component_of_wind,2025,0.05,0.06,3683
component_of_wind,2025,0.06,0.07,14178
component_of_wind,2025,0.07,0.08,20863
component_of_wind,2025,0.08,0.09,36286
component_of_wind,2025,0.09,0.1,35349
component_of_wind,2025,0.1,0.11,39626
component_of_wind,2025,0.11,0.12,52983
component_of_wind,2025,0.12,0.13,63912
component_of_wind,2025,0.13,0.14,98170
component_of_wind,2025,0.14,0.15,131526
component_of_wind,2025,0.15,0.16,181716
component_of_wind,2025,0.16,0.17,218557
component_of_wind,2025,0.17,0.18,239042
component_of_wind,2025,0.18,0.19,246889
component_of_wind,2025,0.19,0.2,278568
component_of_wind,2025,0.2,0.21,334416
component_of_wind,2025,0.21,0.22,401106
component_of_wind,2025,0.22,0.23,482683
component_of_wind,2025,0.23,0.24,543509
component_of_wind,2025,0.24,0.25,595640
component_of_wind,2025,0.25,0.26,641875
component_of_wind,2025,0.26,0.27,718886
component_of_wind,2025,0.27,0.28,847038
component_of_wind,2025,0.28,0.29,995404
component_of_wind,2025,0.29,0.3,1122483
component_of_wind,2025,0.3,0.31,1193612
component_of_wind,2025,0.31,0.32,1249843
component_of_wind,2025,0.32,0.33,1325917
component_of_wind,2025,0.33,0.34,1423953
component_of_wind,2025,0.34,0.35000000000000003,1523330
component_of_wind,2025,0.35000000000000003,0.36,1605246
component_of_wind,2025,0.36,0.37,1684422
component_of_wind,2025,0.37,0.38,1817959
component_of_wind,2025,0.38,0.39,1959970
component_of_wind,2025,0.39,0.4,2074656
component_of_wind,2025,0.4,0.41000000000000003,2208809
component_of_wind,2025,0.41000000000000003,0.42,2348283
component_of_wind,2025,0.42,0.43,2507506
component_of_wind,2025,0.43,0.44,2625308
component_of_wind,2025,0.44,0.45,2696400
component_of_wind,2025,0.45,0.46,2808216
component_of_wind,2025,0.46,0.47000000000000003,2922589
component_of_wind,2025,0.47000000000000003,0.48,3048373
component_of_wind,2025,0.48,0.49,3140749
component_of_wind,2025,0.49,0.5,3168322
component_of_wind,2025,0.5,0.51,3258561
component_of_wind,2025,0.51,0.52,3376118
component_of_wind,2025,0.52,0.53,3437511
component_of_wind,2025,0.53,0.54,3461338
component_of_wind,2025,0.54,0.55,3456399
component_of_wind,2025,0.55,0.56,3506099
component_of_wind,2025,0.56,0.5700000000000001,3556964
component_of_wind,2025,0.5700000000000001,0.58,3505910
component_of_wind,2025,0.58,0.59,3407122
component_of_wind,2025,0.59,0.6,3334933
component_of_wind,2025,0.6,0.61,3268706
component_of_wind,2025,0.61,0.62,3189573
component_of_wind,2025,0.62,0.63,3102448
component_of_wind,2025,0.63,0.64,3004276
component_of_wind,2025,0.64,0.65,2908007
component_of_wind,2025,0.65,0.66,2814589
component_of_wind,2025,0.66,0.67,2702605
component_of_wind,2025,0.67,0.68,2562856
component_of_wind,2025,0.68,0.6900000000000001,2374385
component_of_wind,2025,0.6900000000000001,0.7000000000000001,2189452
component_of_wind,2025,0.7000000000000001,0.71,1989454
component_of_wind,2025,0.71,0.72,1810687
component_of_wind,2025,0.72,0.73,1662676
component_of_wind,2025,0.73,0.74,1527059
component_of_wind,2025,0.74,0.75,1344138
component_of_wind,2025,0.75,0.76,1192662
component_of_wind,2025,0.76,0.77,1043214
component_of_wind,2025,0.77,0.78,881782
component_of_wind,2025,0.78,0.79,755070
component_of_wind,2025,0.79,0.8,616406
component_of_wind,2025,0.8,0.81,491156
component_of_wind,2025,0.81,0.8200000000000001,427743
component_of_wind,2025,0.8200000000000001,0.8300000000000001,335343
component_of_wind,2025,0.8300000000000001,0.84,261137
component_of_wind,2025,0.84,0.85,214333
component_of_wind,2025,0.85,0.86,173465
component_of_wind,2025,0.86,0.87,118570
component_of_wind,2025,0.87,0.88,87688
component_of_wind,2025,0.88,0.89,51609
component_of_wind,2025,0.89,0.9,37474
component_of_wind,2025,0.9,0.91,30754
component_of_wind,2025,0.91,0.92,15069
component_of_wind,2025,0.92,0.93,6030
component_of_wind,2025,0.93,0.9400000000000001,2175
component_of_wind,2025,0.9400000000000001,0.9500000000000001,32
component_of_wind,2025,0.9500000000000001,0.96,0
component_of_wind,2025,0.96,0.97,0
component_of_wind,2025,0.97,0.98,0
component_of_wind,2025,0.98,0.99,0
component_of_wind,2025,0.99,1.0,0
cloud_cover,2021,0.0,0.01,0
cloud_cover,2021,0.01,0.02,310
cloud_cover,2021,0.02,0.03,32112
cloud_cover,2021,0.03,0.04,141793
cloud_cover,2021,0.04,0.05,304039
cloud_cover,2021,0.05,0.06,507151
cloud_cover,2021,0.06,0.07,708554
cloud_cover,2021,0.07,0.08,815385
cloud_cover,2021,0.08,0.09,980517
cloud_cover,2021,0.09,0.1,1129352
cloud_cover,2021,0.1,0.11,1233946
cloud_cover,2021,0.11,0.12,1319565
cloud_cover,2021,0.12,0.13,1400545
cloud_cover,2021,0.13,0.14,1416628
cloud_cover,2021,0.14,0.15,1447004
cloud_cover,2021,0.15,0.16,1476223
cloud_cover,2021,0.16,0.17,1480846
cloud_cover,2021,0.17,0.18,1456633
cloud_cover,2021,0.18,0.19,1475531
cloud_cover,2021,0.19,0.2,1514472
cloud_cover,2021,0.2,0.21,1529941
cloud_cover,2021,0.21,0.22,1537714
cloud_cover,2021,0.22,0.23,1529570
cloud_cover,2021,0.23,0.24,1551769
cloud_cover,2021,0.24,0.25,1556155
cloud_cover,2021,0.25,0.26,1563494
cloud_cover,2021,0.26,0.27,1600935
cloud_cover,2021,0.27,0.28,1618657
cloud_cover,2021,0.28,0.29,1625685
cloud_cover,2021,0.29,0.3,1660122
cloud_cover,2021,0.3,0.31,1709180
cloud_cover,2021,0.31,0.32,1703744
cloud_cover,2021,0.32,0.33,1740644
cloud_cover,2021,0.33,0.34,1745125
cloud_cover,2021,0.34,0.35000000000000003,1729091
cloud_cover,2021,0.35000000000000003,0.36,1755827
cloud_cover,2021,0.36,0.37,1767476
cloud_cover,2021,0.37,0.38,1767449
cloud_cover,2021,0.38,0.39,1753432
cloud_cover,2021,0.39,0.4,1773385
cloud_cover,2021,0.4,0.41000000000000003,1799646
cloud_cover,2021,0.41000000000000003,0.42,1816376
cloud_cover,2021,0.42,0.43,1820802
cloud_cover,2021,0.43,0.44,1809414
cloud_cover,2021,0.44,0.45,1803079
cloud_cover,2021,0.45,0.46,1836159
cloud_cover,2021,0.46,0.47000000000000003,1842618
cloud_cover,2021,0.47000000000000003,0.48,1869573
cloud_cover,2021,0.48,0.49,1888588
cloud_cover,2021,0.49,0.5,1869086
cloud_cover,2021,0.5,0.51,1875926
cloud_cover,2021,0.51,0.52,1882563
cloud_cover,2021,0.52,0.53,1899023
cloud_cover,2021,0.53,0.54,1923992
cloud_cover,2021,0.54,0.55,1937067
cloud_cover,2021,0.55,0.56,1970913
cloud_cover,2021,0.56,0.5700000000000001,1961637
cloud_cover,2021,0.5700000000000001,0.58,2013668
cloud_cover,2021,0.58,0.59,2022584
cloud_cover,2021,0.59,0.6,2037557
cloud_cover,2021,0.6,0.61,2033792
cloud_cover,2021,0.61,0.62,2005493
cloud_cover,2021,0.62,0.63,1923840
cloud_cover,2021,0.63,0.64,1855692
cloud_cover,2021,0.64,0.65,1909885
cloud_cover,2021,0.65,0.66,1868182
cloud_cover,2021,0.66,0.67,1777236
cloud_cover,2021,0.67,0.68,1743743
cloud_cover,2021,0.68,0.6900000000000001,1794402
cloud_cover,2021,0.6900000000000001,0.7000000000000001,1634044
cloud_cover,2021,0.7000000000000001,0.71,1623461
cloud_cover,2021,0.71,0.72,1561186
cloud_cover,2021,0.72,0.73,1530959
cloud_cover,2021,0.73,0.74,1500161
cloud_cover,2021,0.74,0.75,1348971
cloud_cover,2021,0.75,0.76,1322487
cloud_cover,2021,0.76,0.77,1207976
cloud_cover,2021,0.77,0.78,1161255
cloud_cover,2021,0.78,0.79,1062526
cloud_cover,2021,0.79,0.8,1000344
cloud_cover,2021,0.8,0.81,964129
cloud_cover,2021,0.81,0.8200000000000001,840973
cloud_cover,2021,0.8200000000000001,0.8300000000000001,777367
cloud_cover,2021,0.8300000000000001,0.84,697510
cloud_cover,2021,0.84,0.85,676559
cloud_cover,2021,0.85,0.86,621085
cloud_cover,2021,0.86,0.87,473163
cloud_cover,2021,0.87,0.88,405660
cloud_cover,2021,0.88,0.89,370385
cloud_cover,2021,0.89,0.9,304008
cloud_cover,2021,0.9,0.91,319814
cloud_cover,2021,0.91,0.92,271433
cloud_cover,2021,0.92,0.93,211088
cloud_cover,2021,0.93,0.9400000000000001,189247
cloud_cover,2021,0.9400000000000001,0.9500000000000001,106879
cloud_cover,2021,0.9500000000000001,0.96,58089
cloud_cover,2021,0.96,0.97,45224
cloud_cover,2021,0.97,0.98,27483
cloud_cover,2021,0.98,0.99,5453
cloud_cover,2021,0.99,1.0,0
cloud_cover,2022,0.0,0.01,1656
cloud_cover,2022,0.01,0.02,32937
cloud_cover,2022,0.02,0.03,64390
cloud_cover,2022,0.03,0.04,124227
cloud_cover,2022,0.04,0.05,160066
cloud_cover,2022,0.05,0.06,250898
cloud_cover,2022,0.06,0.07,299061
cloud_cover,2022,0.07,0.08,399325
cloud_cover,2022,0.08,0.09,448111
cloud_cover,2022,0.09,0.1,502807
cloud_cover,2022,0.1,0.11,601937
cloud_cover,2022,0.11,0.12,750814
cloud_cover,2022,0.12,0.13,887322
cloud_cover,2022,0.13,0.14,1110516
cloud_cover,2022,0.14,0.15,1270742
cloud_cover,2022,0.15,0.16,1499352
cloud_cover,2022,0.16,0.17,1729022
cloud_cover,2022,0.17,0.18,1951408
cloud_cover,2022,0.18,0.19,2067050
cloud_cover,2022,0.19,0.2,2173748
cloud_cover,2022,0.2,0.21,2360219
cloud_cover,2022,0.21,0.22,2492162
cloud_cover,2022,0.22,0.23,2567321
cloud_cover,2022,0.23,0.24,2572657
cloud_cover,2022,0.24,0.25,2540625
cloud_cover,2022,0.25,0.26,2530349
cloud_cover,2022,0.26,0.27,2509183
cloud_cover,2022,0.27,0.28,2416387
cloud_cover,2022,0.28,0.29,2347817
cloud_cover,2022,0.29,0.3,2316888
cloud_cover,2022,0.3,0.31,2264400
cloud_cover,2022,0.31,0.32,2198248
cloud_cover,2022,0.32,0.33,2148139
cloud_cover,2022,0.33,0.34,2144711
cloud_cover,2022,0.34,0.35000000000000003,2150520
cloud_cover,2022,0.35000000000000003,0.36,2109579
cloud_cover,2022,0.36,0.37,2074248
cloud_cover,2022,0.37,0.38,2056484
cloud_cover,2022,0.38,0.39,2021599
cloud_cover,2022,0.39,0.4,2001226
cloud_cover,2022,0.4,0.41000000000000003,1984533
cloud_cover,2022,0.41000000000000003,0.42,1984928
cloud_cover,2022,0.42,0.43,1969842
cloud_cover,2022,0.43,0.44,1960137
cloud_cover,2022,0.44,0.45,1924473
cloud_cover,2022,0.45,0.46,1922792
cloud_cover,2022,0.46,0.47000000000000003,1925120
cloud_cover,2022,0.47000000000000003,0.48,1917804
cloud_cover,2022,0.48,0.49,1893942
cloud_cover,2022,0.49,0.5,1884142
cloud_cover,2022,0.5,0.51,1857245
cloud_cover,2022,0.51,0.52,1825023
cloud_cover,2022,0.52,0.53,1771321
cloud_cover,2022,0.53,0.54,1785360
cloud_cover,2022,0.54,0.55,1748326
cloud_cover,2022,0.55,0.56,1699186
cloud_cover,2022,0.56,0.5700000000000001,1688740
cloud_cover,2022,0.5700000000000001,0.58,1663547
cloud_cover,2022,0.58,0.59,1617190
cloud_cover,2022,0.59,0.6,1590174
cloud_cover,2022,0.6,0.61,1561293
cloud_cover,2022,0.61,0.62,1509908
cloud_cover,2022,0.62,0.63,1435930
cloud_cover,2022,0.63,0.64,1351327
cloud_cover,2022,0.64,0.65,1305986
cloud_cover,2022,0.65,0.66,1263147
cloud_cover,2022,0.66,0.67,1208963
cloud_cover,2022,0.67,0.68,1147349
cloud_cover,2022,0.68,0.6900000000000001,1073744
cloud_cover,2022,0.6900000000000001,0.7000000000000001,1006597
cloud_cover,2022,0.7000000000000001,0.71,943314
cloud_cover,2022,0.71,0.72,874457
cloud_cover,2022,0.72,0.73,826341
cloud_cover,2022,0.73,0.74,790189
cloud_cover,2022,0.74,0.75,736252
cloud_cover,2022,0.75,0.76,717823
cloud_cover,2022,0.76,0.77,671598
cloud_cover,2022,0.77,0.78,611897
cloud_cover,2022,0.78,0.79,601396
cloud_cover,2022,0.79,0.8,572219
cloud_cover,2022,0.8,0.81,545972
cloud_cover,2022,0.81,0.8200000000000001,532472
cloud_cover,2022,0.8200000000000001,0.8300000000000001,514098
cloud_cover,2022,0.8300000000000001,0.84,514588
cloud_cover,2022,0.84,0.85,518427
cloud_cover,2022,0.85,0.86,514567
cloud_cover,2022,0.86,0.87,518879
cloud_cover,2022,0.87,0.88,562416
cloud_cover,2022,0.88,0.89,569411
cloud_cover,2022,0.89,0.9,562674
cloud_cover,2022,0.9,0.91,570319
cloud_cover,2022,0.91,0.92,571820
cloud_cover,2022,0.92,0.93,567211
cloud_cover,2022,0.93,0.9400000000000001,556510
cloud_cover,2022,0.9400000000000001,0.9500000000000001,565815
cloud_cover,2022,0.9500000000000001,0.96,584971
cloud_cover,2022,0.96,0.97,597895
cloud_cover,2022,0.97,0.98,536058
cloud_cover,2022,0.98,0.99,276756
cloud_cover,2022,0.99,1.0,18891
cloud_cover,2023,0.0,0.01,0
cloud_cover,2023,0.01,0.02,0
cloud_cover,2023,0.02,0.03,0
cloud_cover,2023,0.03,0.04,0
cloud_cover,2023,0.04,0.05,7651
cloud_cover,2023,0.05,0.06,36649
cloud_cover,2023,0.06,0.07,77597
cloud_cover,2023,0.07,0.08,65322
cloud_cover,2023,0.08,0.09,95892
cloud_cover,2023,0.09,0.1,136943
cloud_cover,2023,0.1,0.11,172214
cloud_cover,2023,0.11,0.12,206867
cloud_cover,2023,0.12,0.13,247534
cloud_cover,2023,0.13,0.14,286785
cloud_cover,2023,0.14,0.15,336444
cloud_cover,2023,0.15,0.16,383718
cloud_cover,2023,0.16,0.17,458311
cloud_cover,2023,0.17,0.18,532721
cloud_cover,2023,0.18,0.19,608914
cloud_cover,2023,0.19,0.2,668190
cloud_cover,2023,0.2,0.21,737684
cloud_cover,2023,0.21,0.22,801581
cloud_cover,2023,0.22,0.23,871592
cloud_cover,2023,0.23,0.24,958270
cloud_cover,2023,0.24,0.25,1038189
cloud_cover,2023,0.25,0.26,1116276
cloud_cover,2023,0.26,0.27,1192334
cloud_cover,2023,0.27,0.28,1255355
cloud_cover,2023,0.28,0.29,1313975
cloud_cover,2023,0.29,0.3,1399449
cloud_cover,2023,0.3,0.31,1431829
cloud_cover,2023,0.31,0.32,1471354
cloud_cover,2023,0.32,0.33,1507690
cloud_cover,2023,0.33,0.34,1566386
cloud_cover,2023,0.34,0.35000000000000003,1623296
cloud_cover,2023,0.35000000000000003,0.36,1665587
cloud_cover,2023,0.36,0.37,1729026
cloud_cover,2023,0.37,0.38,1783118
cloud_cover,2023,0.38,0.39,1803157
cloud_cover,2023,0.39,0.4,1869374
cloud_cover,2023,0.4,0.41000000000000003,1913745
cloud_cover,2023,0.41000000000000003,0.42,1966735
cloud_cover,2023,0.42,0.43,1938604
cloud_cover,2023,0.43,0.44,1970842
cloud_cover,2023,0.44,0.45,1991508
cloud_cover,2023,0.45,0.46,2028620
cloud_cover,2023,0.46,0.47000000000000003,2041066
cloud_cover,2023,0.47000000000000003,0.48,2064986
cloud_cover,2023,0.48,0.49,2131531
cloud_cover,2023,0.49,0.5,2154567
cloud_cover,2023,0.5,0.51,2170806
cloud_cover,2023,0.51,0.52,2218973
cloud_cover,2023,0.52,0.53,2241644
cloud_cover,2023,0.53,0.54,2284337
cloud_cover,2023,0.54,0.55,2322729
cloud_cover,2023,0.55,0.56,2333148
cloud_cover,2023,0.56,0.5700000000000001,2379458
cloud_cover,2023,0.5700000000000001,0.58,2395091
cloud_cover,2023,0.58,0.59,2397792
cloud_cover,2023,0.59,0.6,2429010
cloud_cover,2023,0.6,0.61,2491668
cloud_cover,2023,0.61,0.62,2484683
cloud_cover,2023,0.62,0.63,2522355
cloud_cover,2023,0.63,0.64,2461354
cloud_cover,2023,0.64,0.65,2431437
cloud_cover,2023,0.65,0.66,2401741
cloud_cover,2023,0.66,0.67,2369768
cloud_cover,2023,0.67,0.68,2336414
cloud_cover,2023,0.68,0.6900000000000001,2299926
cloud_cover,2023,0.6900000000000001,0.7000000000000001,2246296
cloud_cover,2023,0.7000000000000001,0.71,2212950
cloud_cover,2023,0.71,0.72,2165191
cloud_cover,2023,0.72,0.73,2092912
cloud_cover,2023,0.73,0.74,2057727
cloud_cover,2023,0.74,0.75,1945435
cloud_cover,2023,0.75,0.76,1910924
cloud_cover,2023,0.76,0.77,1863732
cloud_cover,2023,0.77,0.78,1750381
cloud_cover,2023,0.78,0.79,1696086
cloud_cover,2023,0.79,0.8,1568035
cloud_cover,2023,0.8,0.81,1473935
cloud_cover,2023,0.81,0.8200000000000001,1365650
cloud_cover,2023,0.8200000000000001,0.8300000000000001,1248467
cloud_cover,2023,0.8300000000000001,0.84,1190470
cloud_cover,2023,0.84,0.85,1120997
cloud_cover,2023,0.85,0.86,974506
cloud_cover,2023,0.86,0.87,847542
cloud_cover,2023,0.87,0.88,708385
cloud_cover,2023,0.88,0.89,590267
cloud_cover,2023,0.89,0.9,450768
cloud_cover,2023,0.9,0.91,382219
cloud_cover,2023,0.91,0.92,272975
cloud_cover,2023,0.92,0.93,182026
cloud_cover,2023,0.93,0.9400000000000001,128430
cloud_cover,2023,0.9400000000000001,0.9500000000000001,66445
cloud_cover,2023,0.9500000000000001,0.96,20979
cloud_cover,2023,0.96,0.97,4703
cloud_cover,2023,0.97,0.98,1211
cloud_cover,2023,0.98,0.99,0
cloud_cover,2023,0.99,1.0,0
cloud_cover,2024,0.0,0.01,28606
cloud_cover,2024,0.01,0.02,216653
cloud_cover,2024,0.02,0.03,262476
cloud_cover,2024,0.03,0.04,331271
cloud_cover,2024,0.04,0.05,377355
cloud_cover,2024,0.05,0.06,465870
cloud_cover,2024,0.06,0.07,553928
cloud_cover,2024,0.07,0.08,604895
cloud_cover,2024,0.08,0.09,675461
cloud_cover,2024,0.09,0.1,717697
cloud_cover,2024,0.1,0.11,697940
cloud_cover,2024,0.11,0.12,763118
cloud_cover,2024,0.12,0.13,823081
cloud_cover,2024,0.13,0.14,873053
cloud_cover,2024,0.14,0.15,890691
cloud_cover,2024,0.15,0.16,925893
cloud_cover,2024,0.16,0.17,983229
cloud_cover,2024,0.17,0.18,1061284
cloud_cover,2024,0.18,0.19,1093347
cloud_cover,2024,0.19,0.2,1147489
cloud_cover,2024,0.2,0.21,1227835
cloud_cover,2024,0.21,0.22,1324584
cloud_cover,2024,0.22,0.23,1397498
cloud_cover,2024,0.23,0.24,1462694
cloud_cover,2024,0.24,0.25,1525502
cloud_cover,2024,0.25,0.26,1620493
cloud_cover,2024,0.26,0.27,1718843
cloud_cover,2024,0.27,0.28,1752224
cloud_cover,2024,0.28,0.29,1795584
cloud_cover,2024,0.29,0.3,1824694
cloud_cover,2024,0.3,0.31,1850584
cloud_cover,2024,0.31,0.32,1904339
cloud_cover,2024,0.32,0.33,1944653
cloud_cover,2024,0.33,0.34,2006502
cloud_cover,2024,0.34,0.35000000000000003,2062603
cloud_cover,2024,0.35000000000000003,0.36,2072548
cloud_cover,2024,0.36,0.37,2107023
cloud_cover,2024,0.37,0.38,2161134
cloud_cover,2024,0.38,0.39,2177829
cloud_cover,2024,0.39,0.4,2258080
cloud_cover,2024,0.4,0.41000000000000003,2319692
cloud_cover,2024,0.41000000000000003,0.42,2357398
cloud_cover,2024,0.42,0.43,2363313
cloud_cover,2024,0.43,0.44,2384615
cloud_cover,2024,0.44,0.45,2420574
cloud_cover,2024,0.45,0.46,2427135
cloud_cover,2024,0.46,0.47000000000000003,2427112
cloud_cover,2024,0.47000000000000003,0.48,2398539
cloud_cover,2024,0.48,0.49,2383450
cloud_cover,2024,0.49,0.5,2391661
cloud_cover,2024,0.5,0.51,2385459
cloud_cover,2024,0.51,0.52,2382227
cloud_cover,2024,0.52,0.53,2352090
cloud_cover,2024,0.53,0.54,2311871
cloud_cover,2024,0.54,0.55,2299851
cloud_cover,2024,0.55,0.56,2260581
cloud_cover,2024,0.56,0.5700000000000001,2212690
cloud_cover,2024,0.5700000000000001,0.58,2161775
cloud_cover,2024,0.58,0.59,2102173
cloud_cover,2024,0.59,0.6,2044531
cloud_cover,2024,0.6,0.61,2003457
cloud_cover,2024,0.61,0.62,1926589
cloud_cover,2024,0.62,0.63,1884374
cloud_cover,2024,0.63,0.64,1841812
cloud_cover,2024,0.64,0.65,1764894
cloud_cover,2024,0.65,0.66,1715244
cloud_cover,2024,0.66,0.67,1676152
cloud_cover,2024,0.67,0.68,1619895
cloud_cover,2024,0.68,0.6900000000000001,1582250
cloud_cover,2024,0.6900000000000001,0.7000000000000001,1515154
cloud_cover,2024,0.7000000000000001,0.71,1428905
cloud_cover,2024,0.71,0.72,1313045
cloud_cover,2024,0.72,0.73,1234305
cloud_cover,2024,0.73,0.74,1154039
cloud_cover,2024,0.74,0.75,1069081
cloud_cover,2024,0.75,0.76,1012926
cloud_cover,2024,0.76,0.77,943286
cloud_cover,2024,0.77,0.78,862924
cloud_cover,2024,0.78,0.79,791274
cloud_cover,2024,0.79,0.8,725306
cloud_cover,2024,0.8,0.81,681120
cloud_cover,2024,0.81,0.8200000000000001,631067
cloud_cover,2024,0.8200000000000001,0.8300000000000001,572116
cloud_cover,2024,0.8300000000000001,0.84,513611
cloud_cover,2024,0.84,0.85,459985
cloud_cover,2024,0.85,0.86,385785
cloud_cover,2024,0.86,0.87,357780
cloud_cover,2024,0.87,0.88,332795
cloud_cover,2024,0.88,0.89,294869
cloud_cover,2024,0.89,0.9,256695
cloud_cover,2024,0.9,0.91,200929
cloud_cover,2024,0.91,0.92,121619
cloud_cover,2024,0.92,0.93,77507
cloud_cover,2024,0.93,0.9400000000000001,49149
cloud_cover,2024,0.9400000000000001,0.9500000000000001,46122
cloud_cover,2024,0.9500000000000001,0.96,31104
cloud_cover,2024,0.96,0.97,15086
cloud_cover,2024,0.97,0.98,3885
cloud_cover,2024,0.98,0.99,0
cloud_cover,2024,0.99,1.0,0
cloud_cover,2025,0.0,0.01,0
cloud_cover,2025,0.01,0.02,3736
cloud_cover,2025,0.02,0.03,19265
cloud_cover,2025,0.03,0.04,57527
cloud_cover,2025,0.04,0.05,129611
cloud_cover,2025,0.05,0.06,227901
cloud_cover,2025,0.06,0.07,368436
cloud_cover,2025,0.07,0.08,516947
cloud_cover,2025,0.08,0.09,682336
cloud_cover,2025,0.09,0.1,797326
cloud_cover,2025,0.1,0.11,910757
cloud_cover,2025,0.11,0.12,1026013
cloud_cover,2025,0.12,0.13,1112968
cloud_cover,2025,0.13,0.14,1223470
cloud_cover,2025,0.14,0.15,1322264
cloud_cover,2025,0.15,0.16,1382652
cloud_cover,2025,0.16,0.17,1438439
cloud_cover,2025,0.17,0.18,1496277
cloud_cover,2025,0.18,0.19,1554804
cloud_cover,2025,0.19,0.2,1594654
cloud_cover,2025,0.2,0.21,1651377
cloud_cover,2025,0.21,0.22,1683514
cloud_cover,2025,0.22,0.23,1686060
cloud_cover,2025,0.23,0.24,1716144
cloud_cover,2025,0.24,0.25,1743717
cloud_cover,2025,0.25,0.26,1755492
cloud_cover,2025,0.26,0.27,1760732
cloud_cover,2025,0.27,0.28,1766617
cloud_cover,2025,0.28,0.29,1762363
cloud_cover,2025,0.29,0.3,1727186
cloud_cover,2025,0.3,0.31,1709985
cloud_cover,2025,0.31,0.32,1709796
cloud_cover,2025,0.32,0.33,1708957
cloud_cover,2025,0.33,0.34,1712753
cloud_cover,2025,0.34,0.35000000000000003,1699302
cloud_cover,2025,0.35000000000000003,0.36,1715647
cloud_cover,2025,0.36,0.37,1707394
cloud_cover,2025,0.37,0.38,1711735
cloud_cover,2025,0.38,0.39,1703378
cloud_cover,2025,0.39,0.4,1718039
cloud_cover,2025,0.4,0.41000000000000003,1733949
cloud_cover,2025,0.41000000000000003,0.42,1745303
cloud_cover,2025,0.42,0.43,1752148
cloud_cover,2025,0.43,0.44,1765966
cloud_cover,2025,0.44,0.45,1780986
cloud_cover,2025,0.45,0.46,1823525
cloud_cover,2025,0.46,0.47000000000000003,1872472
cloud_cover,2025,0.47000000000000003,0.48,1884002
cloud_cover,2025,0.48,0.49,1941682
cloud_cover,2025,0.49,0.5,1972286
cloud_cover,2025,0.5,0.51,2000504
cloud_cover,2025,0.51,0.52,2038516
cloud_cover,2025,0.52,0.53,2066052
cloud_cover,2025,0.53,0.54,2101775
cloud_cover,2025,0.54,0.55,2087575
cloud_cover,2025,0.55,0.56,2126278
cloud_cover,2025,0.56,0.5700000000000001,2170198
cloud_cover,2025,0.5700000000000001,0.58,2166531
cloud_cover,2025,0.58,0.59,2203262
cloud_cover,2025,0.59,0.6,2226682
cloud_cover,2025,0.6,0.61,2249843
cloud_cover,2025,0.61,0.62,2272805
cloud_cover,2025,0.62,0.63,2268485
cloud_cover,2025,0.63,0.64,2252062
cloud_cover,2025,0.64,0.65,2182659
cloud_cover,2025,0.65,0.66,2162054
cloud_cover,2025,0.66,0.67,2107360
cloud_cover,2025,0.67,0.68,2031069
cloud_cover,2025,0.68,0.6900000000000001,1934820
cloud_cover,2025,0.6900000000000001,0.7000000000000001,1836189
cloud_cover,2025,0.7000000000000001,0.71,1761323
cloud_cover,2025,0.71,0.72,1690772
cloud_cover,2025,0.72,0.73,1609082
cloud_cover,2025,0.73,0.74,1513096
cloud_cover,2025,0.74,0.75,1391086
cloud_cover,2025,0.75,0.76,1289333
cloud_cover,2025,0.76,0.77,1202134
cloud_cover,2025,0.77,0.78,1098774
cloud_cover,2025,0.78,0.79,991734
cloud_cover,2025,0.79,0.8,902549
cloud_cover,2025,0.8,0.81,787342
cloud_cover,2025,0.81,0.8200000000000001,697743
cloud_cover,2025,0.8200000000000001,0.8300000000000001,611485
cloud_cover,2025,0.8300000000000001,0.84,538509
cloud_cover,2025,0.84,0.85,471103
cloud_cover,2025,0.85,0.86,401536
cloud_cover,2025,0.86,0.87,327746
cloud_cover,2025,0.87,0.88,252898
cloud_cover,2025,0.88,0.89,199724
cloud_cover,2025,0.89,0.9,155295
cloud_cover,2025,0.9,0.91,116569
cloud_cover,2025,0.91,0.92,75643
cloud_cover,2025,0.92,0.93,53712
cloud_cover,2025,0.93,0.9400000000000001,30974
cloud_cover,2025,0.9400000000000001,0.9500000000000001,20945
cloud_cover,2025,0.9500000000000001,0.96,6919
cloud_cover,2025,0.96,0.97,818
cloud_cover,2025,0.97,0.98,3
cloud_cover,2025,0.98,0.99,0
cloud_cover,2025,0.99,1.0,0
