dataset,seed,n_scalar_gates,mean,population_std,min,max,n_test_examples,gate_channels,input_steps,nodes
temperature,2021,129171456,0.6155816754265955,0.2330834362194808,0.0013982767704874277,0.9967015385627747,657,8,12,2048
temperature,2022,129171456,0.622962744214576,0.27056116976647704,0.001030258252285421,1.0,657,8,12,2048
temperature,2023,129171456,0.6259604643920832,0.13933401031097506,0.13312676548957825,0.9825311303138733,657,8,12,2048
temperature,2024,129171456,0.5788910543148886,0.15121906560434964,0.042668234556913376,0.9745774269104004,657,8,12,2048
temperature,2025,129171456,0.5573063231019644,0.13810331701621317,0.06401235610246658,0.964432954788208,657,8,12,2048
humidity,2021,129171456,0.5852614960458375,0.2411866327071449,0.001830324181355536,0.9995309114456177,657,8,12,2048
humidity,2022,129171456,0.5684632170443418,0.2130335568844087,0.008848734200000763,0.9991735816001892,657,8,12,2048
humidity,2023,129171456,0.6643623884359448,0.23686162252706736,0.016416439786553383,0.999038815498352,657,8,12,2048
humidity,2024,129171456,0.5235868770378262,0.24171578504436664,0.0017700695898383856,0.9980533123016357,657,8,12,2048
humidity,2025,129171456,0.5106648925344331,0.25687664490824585,0.0014414306497201324,0.9992737174034119,657,8,12,2048
component_of_wind,2021,129171456,0.4950279713362964,0.113311479665209,0.09943709522485733,0.8988558053970337,657,8,12,2048
component_of_wind,2022,129171456,0.5045118950994476,0.143908067700685,0.07045694440603256,0.9540879130363464,657,8,12,2048
component_of_wind,2023,129171456,0.5128994202862311,0.12095891194854748,0.059991247951984406,0.9177071452140808,657,8,12,2048
component_of_wind,2024,129171456,0.49538693064869777,0.12406451542354897,0.08445141464471817,0.9528743028640747,657,8,12,2048
component_of_wind,2025,129171456,0.5303833549271432,0.14273998880424285,0.04864596202969551,0.9417916536331177,657,8,12,2048
cloud_cover,2021,129171456,0.463235556489761,0.21732182962705893,0.017465168610215187,0.9849830269813538,657,8,12,2048
cloud_cover,2022,129171456,0.4415809805774751,0.2180063719793554,0.00877988152205944,0.9969766139984131,657,8,12,2048
cloud_cover,2023,129171456,0.5452309244803598,0.18695611660952466,0.04178600013256073,0.9798532724380493,657,8,12,2048
cloud_cover,2024,129171456,0.460311406746388,0.19581527026395756,0.002276125131174922,0.976301372051239,657,8,12,2048
cloud_cover,2025,129171456,0.46661728715842515,0.2044104902582855,0.01009227242320776,0.9701687693595886,657,8,12,2048
