dataset,kind,seed,epochs_completed,selected_epoch,validation_mae,test_mae,test_rmse,n_parameters,checkpoint_relative,checkpoint_sha256,config_sha256,history_sha256
temperature,control,2021,100,90,1.2411286023812484,1.2542636168847556,2.0439888416404512,39268,runs/seed_2021/temperature/control/saved_model/epo90.tar,2ad448fbcb1f027b109767cddb0b50c6bc212158b4db26d0f985406e0ad10381,6baa81efec19593f5636bf6ad98dffe793907d10c6b6d68a6623158f0a7b3080,723ce5a7b827bb7d618c9d81f8dc6306253a185a44c6519d4a0aa8a4f07b95c0
temperature,control,2022,100,80,1.3251290897316967,1.3380426533202694,2.1233681824613617,39268,runs/seed_2022/temperature/control/saved_model/epo80.tar,ccac018c4b93607190755ff9634b54950aaa20ad2537f198392b8d7dcad21247,8817cca767154bf74f9b0a10ffbdf461c846dc9d27f91e01b91f0fad381107be,90e6b4047380fc9cc3fdc561cf296fc14083668c4350229ed034a4152ff73f8c
temperature,control,2023,100,92,1.158368755345211,1.1691256662342133,2.0634446306598697,39268,runs/seed_2023/temperature/control/saved_model/epo92.tar,c28dc357de284db02aee283955582b87a5668bfd37db639739629a1acce1d153,d8eef1447ba1ac776ca2007d4f9a89382eae9633e8c20c4f96b53f66c903b1eb,137da29c2dcbd15b9abc6aef79f01b89f00d193838aa3ad9b63cdb73ca4a2478
temperature,control,2024,100,66,1.2534205166730565,1.2722258166108094,2.143974014424672,39268,runs/seed_2024/temperature/control/saved_model/epo66.tar,302e7345507d629ac12e45bd2917aab8244c6f4d8791d40242d0294a63b50f70,c30bc2022c9a4f59f314ef8ba5310a5105a9b06944f4425b59445966cdb9bf45,60c7d2d44cc0ca4271cfbdd519ace174fece91442889608e018024dcc248356b
temperature,control,2025,100,92,1.2576043981390703,1.256295064297887,2.1313865377354064,39268,runs/seed_2025/temperature/control/saved_model/epo92.tar,a7b084631e1565994b2504641d85db2d4c8c8fc9cafa55d172df079b6acef489,d85c5e9cfe0f288a383ff2ce3cf4965a47f3195992ad684858739727ec711a6a,7262591b2bc4b0b559ae54ec321aba0014e98e8186d7dde13b15112fdb8eac34
temperature,agf,2021,100,67,1.3028413587114882,1.3252163488816664,2.231554659840211,80892,runs/seed_2021/temperature/agf/saved_model/epo67.tar,b74783874d5e2bba9d0b7014d1903e40e21f05493188a0950708047f9aaa58a9,7123d430b6d81bd57ddf847dc9e58434306403e56e49b3eb0fce8dca31dd757d,afcff4a20f375541c04f8ca2946d1362bf7de282efbfc641abbe850ebecbc460
temperature,agf,2022,100,100,1.3532780995601912,1.3796941448316802,2.1862313217977993,80892,runs/seed_2022/temperature/agf/saved_model/epo100.tar,d9483ef4a5d5ad0f3cfd5e1841bfe36fbc65d6f19ddde32b78a0182f66a45e6e,1d2d25501c51bf0ae612e477643a172ee17b1d41c0d22714e106e16dc88786ae,962d8f130e7e347f717b997f39d57c189c12d6e30e7bc004c0f9feb9e560a9ee
temperature,agf,2023,100,87,1.2723991247205386,1.2861805262033676,2.001704622691926,80892,runs/seed_2023/temperature/agf/saved_model/epo87.tar,ee66072380c8824de448b525421aaf50d22d1ccb86044590dc43430cc0418c9d,a1433133bd6e03896d36e8ca4e45aee0b90efc1712659d71ddc1180263c1810d,6429c06478ea5f531553b439178401e6ccff2e7ee08a85c48a72bf609a849a73
temperature,agf,2024,100,78,1.1045201958176938,1.1091033464636917,1.9559192373327363,80892,runs/seed_2024/temperature/agf/saved_model/epo78.tar,89520814367d5bb69a3dd5f342542e67fc27b023e9988cf8f9665ad12adca2b6,0b3bdc60e95970a9e58663bf37ee8558b79b0ec002ce7402ed78c4ee24cd63a7,6b2e02fad2596dcab3146efa21b1bc761e257b340bebadf983afad39143bd3c2
temperature,agf,2025,100,90,1.3438825366269371,1.354845681925645,2.2148517645764056,80892,runs/seed_2025/temperature/agf/saved_model/epo90.tar,f0bfdfa2ff7a776752e2c24bfc30be5c8c4cfae78f2b3238bd856b0f8c4ccfb0,d056b75b95d99f608afa6f52055c08bdc275eb1510097477e841457a6c400384,d7b1553dc750fc80ae3aa890cb72bb3c38cdd74618c7c957ce74c77ddd970b65
temperature,mean_fusion,2023,100,89,1.2360277615389441,1.2544364348273178,1.930239000568448,80756,runs/seed_2023/temperature/mean_fusion/saved_model/epo89.tar,cc89e85662358a7c8df7f974c24089a5a723286c419a61c1a95382fe097397b5,e7f7cedf69fb5900ae283e60bb76be31665607caa882543239722c050a2cd285,daeb5fc82a739961985890cdc6c42d911c0ae23448cbb419d05e53722f817e3f
temperature,mean_fusion,2024,100,52,1.2058809662847323,1.208926600880849,2.1240206040422187,80756,runs/seed_2024/temperature/mean_fusion/saved_model/epo52.tar,bd83f9dd231af9c9eebb1b9b63c5528ab779905945f626918fc7d7f212540d1d,e09cb32b4df76bf4411e58fcea220beba6edb5bbd571e33e4981e8252e04ed7f,7084a09625dbe8d24f31303d27bfe955e1988d7240a25ae6503b39e0484a4e2a
temperature,mean_fusion,2025,100,98,1.3268053287219372,1.3382138334883766,2.086046505453717,80756,runs/seed_2025/temperature/mean_fusion/saved_model/epo98.tar,9519fc33ec22ce40bfa9eb9932d0c77fe68d1990e7aae292b33333ce90848050,3345949818e402ff67eaee6b19a000ccde9ef58def27dae9c238f805c0f6f1b6,f436f4c2c5e6b99c97ffd18ba0830667dcb7ea7383e19fd50acd944f0eed7029
humidity,control,2021,100,100,4.598262252676722,4.667695835435679,7.280818177645251,39268,runs/seed_2021/humidity/control/saved_model/epo100.tar,504aac6ff00974ceea1dd951f576995d8316b0ddf929262e4e717f15c5ea8c63,97508835c0c30d03419b20eda69b2a7152695175d59279c02b09f9024fe49d93,3f332091cbf12e104953f9394c5374cefdbf07ed50c3c535d39556683086186b
humidity,control,2022,100,89,4.603411842288078,4.663802094617693,7.281618509492404,39268,runs/seed_2022/humidity/control/saved_model/epo89.tar,ed09d909f53d2f8c3e4f6a0300d8e9e14eac2d5f63e65aea9f27c828c3c13ad9,709a4ac4287dd6c1f3c99b4659473462de29320719dfb87c027ea8e0c6687af4,04bf43296554eb088200a663d69e04f9ac6d3139b19404429a30cafa119e489a
humidity,control,2023,100,82,4.5760850597610805,4.639407184135163,7.185397949289334,39268,runs/seed_2023/humidity/control/saved_model/epo82.tar,f62968d195b8c987c5dacb205368cc18e3df3bb560e1b871c215b21e41de60a3,1a4254e35c7c07f4343f552e070b687c62393d54c7bc6927c244f46663c23160,a03c8f1f51aba541007cf6a0dcfe2fb40be8548060a1550faffdf9d15e926765
humidity,control,2024,100,85,4.5755576034687016,4.6426453665881695,7.271183973301283,39268,runs/seed_2024/humidity/control/saved_model/epo85.tar,9253a3a89329c84184ef53ab93ea17662840363f6c22a37a894838b1731c32bf,723a7f3aa702d8588e26c250ae00e8966e5529e177d613e7857aadcbdaa8ff90,deae1310d71d2073402383dbd11240d4771f9fcf42d738c28f9b3773545d53dd
humidity,control,2025,100,66,4.566420256805615,4.6263274215027135,7.223203439644952,39268,runs/seed_2025/humidity/control/saved_model/epo66.tar,eb6637dd3fdd8e8eeee352e39b4e558703513553a3cd62721cdffc4d2bee645a,ea4d1a756cdafd81ecc3acf462fc360843df28598d0305325b33fb62c84c0c05,5355f8adf1fd4b4f98259b2cdda0a9fb1c9588bc2254ad7574ac1c13946f441f
humidity,agf,2021,100,97,4.46403510864775,4.522246124244846,6.9808943697300725,80892,runs/seed_2021/humidity/agf/saved_model/epo97.tar,3ee8e0868466d65047bce2524743c278e44df38d73eef43aefdc394092afe25e,325eb6a469b9fb6439b19236461d1f3a7d7aa2b8b7b34dbf8238dca93b2dddde,80a8fe0b86daa3510945b69c7687ac859ddf3e7f8e9e9c906823521684364557
humidity,agf,2022,100,85,4.4389859880358475,4.498555753175935,6.946775453592718,80892,runs/seed_2022/humidity/agf/saved_model/epo85.tar,19513eb36fa660953e6e90e3c778b229d33175fb045e51fae1fd21d72404f61d,1638c34165be1c6cd30dcf390e8f7edbd447d6f6ae3f27ed01f8f67e5940346e,b61d32b5f921178cdd6c947c3aab058d3654e3dc286747e21365e1461395b0cb
humidity,agf,2023,100,78,4.475029557493252,4.534773631195974,7.076385319156218,80892,runs/seed_2023/humidity/agf/saved_model/epo78.tar,6a93eb6500932e7006c80684255958590154752065fad7bbbe6d41df79d9a15d,b35405a3969e3122f48594c97e401d8be7876486bd2250345a255286333591d8,afc053c45a0e77e675ca185a77461486c8dd673ce6e8d187e2060384e6526ae1
humidity,agf,2024,100,87,4.465043745098943,4.527877067232042,6.986436905515132,80892,runs/seed_2024/humidity/agf/saved_model/epo87.tar,cd5e444c13c75591f89f09b63461dc2fff1024fe184fd3265fd0d8e8c76b42d0,b6dc134a4a566131d242e035a12905a1c403523489c312c8a3c4ff354c714c08,b268536f05b10a1588294f1b711b47728b6758a6ca948d2fb868dd78c1ce6a79
humidity,agf,2025,100,94,4.533610624257898,4.6024189052594435,7.058047218357686,80892,runs/seed_2025/humidity/agf/saved_model/epo94.tar,9cc43a815db221ea5037a3ea3ebb3f62421850905768ba66085a3ef658d1eb61,97260efd56da0f1c93572ad6d0aeab7892b8b3674d69c7573de78c58c6b7e329,7bf9fcbbee6de8130935ca57186b242547458c6b41ab40f2d227836fb6edc022
humidity,mean_fusion,2023,100,84,4.534175280800039,4.598103883076139,7.101539476723971,80756,runs/seed_2023/humidity/mean_fusion/saved_model/epo84.tar,3cd1fa2476f8f7a42d60a69a2d3c62a5662b41037051250f2e62c14011185a3e,db234270cdc5cff3de1af5246c50d8a11c9708dba840f1d5a6ebc59bd8a3a3fa,1fafeba6f0d8b812512effe23fa62741edba64e4079a5634e2d825480efd73d3
humidity,mean_fusion,2024,100,93,4.512375614704921,4.576279673264903,7.0912933754924845,80756,runs/seed_2024/humidity/mean_fusion/saved_model/epo93.tar,7e0576796b69f16f2cdaaa1d24ca1086348bdb2846ec1726b7f6836646c99683,9ad0a4d08aaaec8c2c49cbf052d6f1fef3a93dda1bd15fdd56a0028c9bd82735,f968ed335e7397600d0c43ad9fb17146723c3ddd0cbc5b0344d325d56d351b4f
humidity,mean_fusion,2025,100,84,4.56025933638015,4.623429330542848,7.2037005224141035,80756,runs/seed_2025/humidity/mean_fusion/saved_model/epo84.tar,b7c73070ce36d7b83cb6bb8db9445387238414d73e9c5c5f27146e1f576ced84,47ebe06d79bef8f13470e4a18ffe79b1c5aa826e6b0e848fc2b99ebab0214ef4,990ec535af2d29e5ff630fb5347dddddeb5ce923ba27421740bd66dc5e652c40
component_of_wind,control,2021,100,78,1.2470013336615322,1.2440542426652788,1.9872486127519278,39437,runs/seed_2021/component_of_wind/control/saved_model/epo78.tar,dcccbc9422938624b343f72d825a0ca080ded2b2aea32f790ed2a1704a67b5d1,e63381f79b5c7f05765c7424690b8482ac2d649f6d7c6d5d71e4ca48ab1dde17,ef679528992ff404d353c9d1975c3b0aa9700a4310a1302eba2bdbf1b5ab77a9
component_of_wind,control,2022,100,93,1.2381639091754348,1.2356520635059427,1.9606636353213716,39437,runs/seed_2022/component_of_wind/control/saved_model/epo93.tar,f5122778fae78fc1252d0de1d34d292b78165c7efd9e1c532b9a063f47a32b58,3ded4c9ff4e3350557fb61cd10fe18b10fb88b4661bdff1ac40417857a0a145e,deb9524f436e15d5a0cd1e9970e0acaa9e69244f4cd508d74fb44b2e0ca21b34
component_of_wind,control,2023,100,98,1.2289057104587666,1.2258298690380753,1.9364526703280975,39437,runs/seed_2023/component_of_wind/control/saved_model/epo98.tar,f7fe065d3287dd0b1ecd6f5597fc21759c07ea56fc570c33c24a6d954687b866,017665716c7fe3ee643fe34808143d28cb8c0cbb20dadf7cfb1cf00e2088e1e3,b20e596f9457ff064cae0dbff012845cecfb8709c6a19372f8e98a9303d6f320
component_of_wind,control,2024,100,84,1.2546832537791333,1.2533396351123336,1.990827104455558,39437,runs/seed_2024/component_of_wind/control/saved_model/epo84.tar,dc1c1fe467b49675d753869379f6b2fe7f13cb338ad252ab4251fdd72017b5ef,8448166a54c8d1bbd826de60cbfb47700d3b81eb0371ad906f146c81bf21003d,00686a465934033c1b7c6225fdef559f75f619e0da313654f6fe73e0f85e0137
component_of_wind,control,2025,100,89,1.2557198088859325,1.251168859071876,1.9862648204633107,39437,runs/seed_2025/component_of_wind/control/saved_model/epo89.tar,f287c425f233a84830922f895cfdfbd2bde2bf4ae1cdeadf74d5847d7cb31005,428703301b9d656ad27768230a34c66ecd97562aff4bcbb886329bc53de4e6a2,79edffb7ac9debc3b459b7cf61d05e9e7326ea6e06b65f4de01193eed601bdd9
component_of_wind,agf,2021,100,86,1.243635150158474,1.2391839862230642,1.9674431224149693,81061,runs/seed_2021/component_of_wind/agf/saved_model/epo86.tar,a3950948446f286d997021bd29a51ff5b01eb7943289fc96fbaf76364ecc6b7c,d43910f8183f3819f832f99583ee18fd0a2c9a4026b97bc54ddceed99db01f18,b9b1ab864a894fdb94ffddbee7c1a23ca6bc2760de318fb2e035f262ab2d6d4d
component_of_wind,agf,2022,100,82,1.2570715728635453,1.2547982211585786,2.000378639764861,81061,runs/seed_2022/component_of_wind/agf/saved_model/epo82.tar,e01801a4adfac5ad2d30815fedfc552800c46a525d75d4bd41661ebac0e703e3,d76f437ceeaff8505afcd9f22849f4a09fdc005164b6a4f4bdbc86e9fbbd5df5,9b44b9f97e6e2019986f3e5e5a5142e17bcdc45ab3d73ef07f04e301827a69e7
component_of_wind,agf,2023,100,98,1.235127514526621,1.233350958748709,1.9667158974837262,81061,runs/seed_2023/component_of_wind/agf/saved_model/epo98.tar,9f0cdf074ffe481f2e14fbdea128b5987c4d110b265da52a4b5a5c2204391575,399164538fe3544a3316ed96789654e915930444ca2751ab6231455c82ab33a3,a07ce02aadac157639e5c071e030d422bea3ccc41d2fe299561a807a3c4880d8
component_of_wind,agf,2024,100,84,1.2327354410890887,1.2308793236909628,1.9629052217435972,81061,runs/seed_2024/component_of_wind/agf/saved_model/epo84.tar,4c0e2051afbc84b81ba40fe39ba653391367f4080f1b958625f6e93476fba0e5,142e792d2c8ec4cbd314224a78dd08757ff88f11e412ff653e7139bb21b7e0fb,17642e4ef7f5e6e64e68ba45511dd09efc7e0755f1ea01d1436d348484084ef9
component_of_wind,agf,2025,100,94,1.3165036198844895,1.3201305725099926,2.1802616677053845,81061,runs/seed_2025/component_of_wind/agf/saved_model/epo94.tar,c4f8964c7c45efc183bf65bd10705f5fa59b27fee768efa7aaabfe03d7a68cb3,c85fffa80f38dc86a0d3c1ea18a9470d48fde6bda2bd7b1ae06697a3c1d3a6ba,303e50f15fec2b6694ecb8db6ace8dad04af0065c0d6a3ce3fd72eb61d3ac2b8
cloud_cover,control,2021,100,100,0.1472328960733477,0.1466866287118511,0.24944923507433153,39268,runs/seed_2021/cloud_cover/control/saved_model/epo100.tar,5ecfec7bca285d3f0d85224ccd157080fd5ab11e79afdded152e40fadbb6026c,40a5fbf9eda2e28cdb7419c12c64c66eb279075379d7f5d9e8d550bcaad18a4a,570fdc14ef7a54a28f440d3d9a72f613010ac2e5c40dc6683a9a8d1f7da98d85
cloud_cover,control,2022,100,99,0.14654938211507568,0.145769104687806,0.2476435998307364,39268,runs/seed_2022/cloud_cover/control/saved_model/epo99.tar,808e8bd1185b41137148dfd538159aa3c74ef4bf87a39be2ae501e69506cfe88,5cf6f16cc01c892ea95d80cdaea90612083e931f6de042aaf6366bfc950f2b00,5404d41f8ac7fc5ba2a0a80e931014603f191e8e66e1498e9ab83c32205d50be
cloud_cover,control,2023,100,91,0.15012085470985315,0.14955605886183052,0.2522738310709679,39268,runs/seed_2023/cloud_cover/control/saved_model/epo91.tar,735df6d3362757b48b72447d4ee38d8298155c0f91ba8223a8192ea0b37ad89c,8085e637caffe8857f1ddd0bb5351a6242e5c1da123762202d54b7d4d98aa5a4,7d140527f65c4ff0249cf767af6a20a585d87912bd2a5585728523a3234a36b5
cloud_cover,control,2024,100,91,0.15032336167405355,0.14964946541702648,0.2505125664496,39268,runs/seed_2024/cloud_cover/control/saved_model/epo91.tar,36785e671ac712ad2c284079323c013bbe323999ca36a6993ab5694b0f47fd01,6caaedc5f8bca262966614209cd63d33d5af3b572af4567fc1c2d11cab7c5606,0fd1b2745e7aae6f80021d2d5762222df8759a2b462bf81bf3a5199c22ea0a95
cloud_cover,control,2025,100,88,0.14847876079439973,0.147864071076147,0.25006081846543615,39268,runs/seed_2025/cloud_cover/control/saved_model/epo88.tar,36891fca0203f5779cc465be3647c06300407d234f31340c49dfe60ec2865731,ccf77915986f6e9b1595e2e8fc857e3858f68443cdb8f81f8be1a1d3e10ce19d,4b325bf2ace19eb62a4f4f438d5aab40d3f935fa73fd1040d3e9dd657e0658c0
cloud_cover,agf,2021,100,92,0.1475167988612586,0.14689708163074167,0.24991889780364349,80892,runs/seed_2021/cloud_cover/agf/saved_model/epo92.tar,83b00ac7593fbfd6c7b6703144d0e3218189e31d72fb2e082d45ccd712f51b59,976af19f14f7c35b50936575dead6332bbe24d7b0853f6b89964fc490372e31d,be9fa4967b22fc222d69453bc2eeb2c67dcb202093ea2339b13595554b7edfa6
cloud_cover,agf,2022,100,99,0.14938100328119872,0.14884601729344948,0.25076435061769153,80892,runs/seed_2022/cloud_cover/agf/saved_model/epo99.tar,eb3ac2ac0472afa97163b251e596247fde9f65b06911495c253002f9532e8551,59c921889a748232177c33e9547d3e811fcadf07d7d396d596eb115f0afa61d9,1b75be17b6e3875f7a381d11996481bb741093295fce652d11695f0d5281b1af
cloud_cover,agf,2023,100,74,0.14719077023743535,0.14662283021718367,0.24403493948337227,80892,runs/seed_2023/cloud_cover/agf/saved_model/epo74.tar,4aca7773fda2f2ceaa70bef8ef752401fbd7ec1fc4687e454c2ce4b7121df9a9,ed42335080a5e045e89d17963ea470472b6671bdf00f1cc9c97926bbca25d6da,18e947895942a88ee9a453189ebc473175095a80f87f8fca348f074053b22b2e
cloud_cover,agf,2024,100,84,0.1485476607481042,0.14795036013966872,0.25065195666159434,80892,runs/seed_2024/cloud_cover/agf/saved_model/epo84.tar,cbf9a235977a9b513e8cc4cd25d87365e21c13cf9fadd0f1ab9e0bb7481444e4,f7efc77dad17a1b1ad7ba504bafccc1258b77508a945acd927cbf6699a05daa0,d99023fdb041d448f120f1620078aff6d13d7df364b8e067f1b571a6e2222de9
cloud_cover,agf,2025,100,88,0.15212527942037732,0.15146991888124386,0.24947427900526123,80892,runs/seed_2025/cloud_cover/agf/saved_model/epo88.tar,61e195d0f2f507a8c36e7c49c919ac754320b746a8611d64ee25ec2f4e104112,eb429d2aba8a23d1e22a821ea936bc43da06a6f9853b61094a7a68e756af93af,9e71ba2801f4033c7ce563681b1eb4105991ea9385e2600f8ecd401f4f696ec9
