dataset,kind,seed,metric,value,mean,sample_sd,n_seed,x_position,checkpoint_sha256,selected_epoch,agf_relative_change_percent
temperature,control,2021,mae,1.2542636168847556,1.257990563469587,0.06025926138444893,5,-0.095,2ad448fbcb1f027b109767cddb0b50c6bc212158b4db26d0f985406e0ad10381,90,2.624617954252373
temperature,control,2022,mae,1.3380426533202694,1.257990563469587,0.06025926138444893,5,-0.0475,ccac018c4b93607190755ff9634b54950aaa20ad2537f198392b8d7dcad21247,80,2.624617954252373
temperature,control,2023,mae,1.1691256662342133,1.257990563469587,0.06025926138444893,5,0.0,c28dc357de284db02aee283955582b87a5668bfd37db639739629a1acce1d153,92,2.624617954252373
temperature,control,2024,mae,1.2722258166108094,1.257990563469587,0.06025926138444893,5,0.047500000000000014,302e7345507d629ac12e45bd2917aab8244c6f4d8791d40242d0294a63b50f70,66,2.624617954252373
temperature,control,2025,mae,1.256295064297887,1.257990563469587,0.06025926138444893,5,0.095,a7b084631e1565994b2504641d85db2d4c8c8fc9cafa55d172df079b6acef489,92,2.624617954252373
temperature,agf,2021,mae,1.3252163488816664,1.2910080096612102,0.10749802385785569,5,0.905,b74783874d5e2bba9d0b7014d1903e40e21f05493188a0950708047f9aaa58a9,67,2.624617954252373
temperature,agf,2022,mae,1.3796941448316802,1.2910080096612102,0.10749802385785569,5,0.9525,d9483ef4a5d5ad0f3cfd5e1841bfe36fbc65d6f19ddde32b78a0182f66a45e6e,100,2.624617954252373
temperature,agf,2023,mae,1.2861805262033676,1.2910080096612102,0.10749802385785569,5,1.0,ee66072380c8824de448b525421aaf50d22d1ccb86044590dc43430cc0418c9d,87,2.624617954252373
temperature,agf,2024,mae,1.1091033464636917,1.2910080096612102,0.10749802385785569,5,1.0475,89520814367d5bb69a3dd5f342542e67fc27b023e9988cf8f9665ad12adca2b6,78,2.624617954252373
temperature,agf,2025,mae,1.354845681925645,1.2910080096612102,0.10749802385785569,5,1.095,f0bfdfa2ff7a776752e2c24bfc30be5c8c4cfae78f2b3238bd856b0f8c4ccfb0,90,2.624617954252373
humidity,control,2021,mae,4.667695835435679,4.647975580455883,0.01739136559063373,5,-0.095,504aac6ff00974ceea1dd951f576995d8316b0ddf929262e4e717f15c5ea8c63,100,-2.383861152372213
humidity,control,2022,mae,4.663802094617693,4.647975580455883,0.01739136559063373,5,-0.0475,ed09d909f53d2f8c3e4f6a0300d8e9e14eac2d5f63e65aea9f27c828c3c13ad9,89,-2.383861152372213
humidity,control,2023,mae,4.639407184135163,4.647975580455883,0.01739136559063373,5,0.0,f62968d195b8c987c5dacb205368cc18e3df3bb560e1b871c215b21e41de60a3,82,-2.383861152372213
humidity,control,2024,mae,4.6426453665881695,4.647975580455883,0.01739136559063373,5,0.047500000000000014,9253a3a89329c84184ef53ab93ea17662840363f6c22a37a894838b1731c32bf,85,-2.383861152372213
humidity,control,2025,mae,4.6263274215027135,4.647975580455883,0.01739136559063373,5,0.095,eb6637dd3fdd8e8eeee352e39b4e558703513553a3cd62721cdffc4d2bee645a,66,-2.383861152372213
humidity,agf,2021,mae,4.522246124244846,4.537174296221648,0.03893360647784903,5,0.905,3ee8e0868466d65047bce2524743c278e44df38d73eef43aefdc394092afe25e,97,-2.383861152372213
humidity,agf,2022,mae,4.498555753175935,4.537174296221648,0.03893360647784903,5,0.9525,19513eb36fa660953e6e90e3c778b229d33175fb045e51fae1fd21d72404f61d,85,-2.383861152372213
humidity,agf,2023,mae,4.534773631195974,4.537174296221648,0.03893360647784903,5,1.0,6a93eb6500932e7006c80684255958590154752065fad7bbbe6d41df79d9a15d,78,-2.383861152372213
humidity,agf,2024,mae,4.527877067232042,4.537174296221648,0.03893360647784903,5,1.0475,cd5e444c13c75591f89f09b63461dc2fff1024fe184fd3265fd0d8e8c76b42d0,87,-2.383861152372213
humidity,agf,2025,mae,4.6024189052594435,4.537174296221648,0.03893360647784903,5,1.095,9cc43a815db221ea5037a3ea3ebb3f62421850905768ba66085a3ef658d1eb61,94,-2.383861152372213
component_of_wind,control,2021,mae,1.2440542426652788,1.2420089338787013,0.011386881136598354,5,-0.095,dcccbc9422938624b343f72d825a0ca080ded2b2aea32f790ed2a1704a67b5d1,78,1.09980517973427
component_of_wind,control,2022,mae,1.2356520635059427,1.2420089338787013,0.011386881136598354,5,-0.0475,f5122778fae78fc1252d0de1d34d292b78165c7efd9e1c532b9a063f47a32b58,93,1.09980517973427
component_of_wind,control,2023,mae,1.2258298690380753,1.2420089338787013,0.011386881136598354,5,0.0,f7fe065d3287dd0b1ecd6f5597fc21759c07ea56fc570c33c24a6d954687b866,98,1.09980517973427
component_of_wind,control,2024,mae,1.2533396351123336,1.2420089338787013,0.011386881136598354,5,0.047500000000000014,dc1c1fe467b49675d753869379f6b2fe7f13cb338ad252ab4251fdd72017b5ef,84,1.09980517973427
component_of_wind,control,2025,mae,1.251168859071876,1.2420089338787013,0.011386881136598354,5,0.095,f287c425f233a84830922f895cfdfbd2bde2bf4ae1cdeadf74d5847d7cb31005,89,1.09980517973427
component_of_wind,agf,2021,mae,1.2391839862230642,1.2556686124662615,0.037217036695335215,5,0.905,a3950948446f286d997021bd29a51ff5b01eb7943289fc96fbaf76364ecc6b7c,86,1.09980517973427
component_of_wind,agf,2022,mae,1.2547982211585786,1.2556686124662615,0.037217036695335215,5,0.9525,e01801a4adfac5ad2d30815fedfc552800c46a525d75d4bd41661ebac0e703e3,82,1.09980517973427
component_of_wind,agf,2023,mae,1.233350958748709,1.2556686124662615,0.037217036695335215,5,1.0,9f0cdf074ffe481f2e14fbdea128b5987c4d110b265da52a4b5a5c2204391575,98,1.09980517973427
component_of_wind,agf,2024,mae,1.2308793236909628,1.2556686124662615,0.037217036695335215,5,1.0475,4c0e2051afbc84b81ba40fe39ba653391367f4080f1b958625f6e93476fba0e5,84,1.09980517973427
component_of_wind,agf,2025,mae,1.3201305725099926,1.2556686124662615,0.037217036695335215,5,1.095,c4f8964c7c45efc183bf65bd10705f5fa59b27fee768efa7aaabfe03d7a68cb3,94,1.09980517973427
cloud_cover,control,2021,mae,0.1466866287118511,0.1479050657509322,0.0017188155436273743,5,-0.095,5ecfec7bca285d3f0d85224ccd157080fd5ab11e79afdded152e40fadbb6026c,100,0.3057203478660675
cloud_cover,control,2022,mae,0.145769104687806,0.1479050657509322,0.0017188155436273743,5,-0.0475,808e8bd1185b41137148dfd538159aa3c74ef4bf87a39be2ae501e69506cfe88,99,0.3057203478660675
cloud_cover,control,2023,mae,0.14955605886183052,0.1479050657509322,0.0017188155436273743,5,0.0,735df6d3362757b48b72447d4ee38d8298155c0f91ba8223a8192ea0b37ad89c,91,0.3057203478660675
cloud_cover,control,2024,mae,0.14964946541702648,0.1479050657509322,0.0017188155436273743,5,0.047500000000000014,36785e671ac712ad2c284079323c013bbe323999ca36a6993ab5694b0f47fd01,91,0.3057203478660675
cloud_cover,control,2025,mae,0.147864071076147,0.1479050657509322,0.0017188155436273743,5,0.095,36891fca0203f5779cc465be3647c06300407d234f31340c49dfe60ec2865731,88,0.3057203478660675
cloud_cover,agf,2021,mae,0.14689708163074167,0.1483572416324575,0.0019515035254328507,5,0.905,83b00ac7593fbfd6c7b6703144d0e3218189e31d72fb2e082d45ccd712f51b59,92,0.3057203478660675
cloud_cover,agf,2022,mae,0.14884601729344948,0.1483572416324575,0.0019515035254328507,5,0.9525,eb3ac2ac0472afa97163b251e596247fde9f65b06911495c253002f9532e8551,99,0.3057203478660675
cloud_cover,agf,2023,mae,0.14662283021718367,0.1483572416324575,0.0019515035254328507,5,1.0,4aca7773fda2f2ceaa70bef8ef752401fbd7ec1fc4687e454c2ce4b7121df9a9,74,0.3057203478660675
cloud_cover,agf,2024,mae,0.14795036013966872,0.1483572416324575,0.0019515035254328507,5,1.0475,cbf9a235977a9b513e8cc4cd25d87365e21c13cf9fadd0f1ab9e0bb7481444e4,84,0.3057203478660675
cloud_cover,agf,2025,mae,0.15146991888124386,0.1483572416324575,0.0019515035254328507,5,1.095,61e195d0f2f507a8c36e7c49c919ac754320b746a8611d64ee25ec2f4e104112,88,0.3057203478660675
