dataset,lead_hours,exact_mae_mean,exact_mae_std,exact_mae_count,cumulative_mae_mean,cumulative_mae_std,cumulative_mae_count,exact_rmse_mean,exact_rmse_std,exact_rmse_count,cumulative_rmse_mean,cumulative_rmse_std,cumulative_rmse_count
cloud_cover,1,0.058944433890905902,0.00025318171798484882,5,0.058944433890905902,0.00025318171798484882,5,0.10787121259179284,0.00031753455791994268,5,0.10787121259179284,0.00031753455791994268,5
cloud_cover,2,0.091892353486812045,0.00061839248393031569,5,0.07541839368885897,0.00042864279840253508,5,0.16299703280693237,0.0006436119557742978,5,0.13821043301533753,0.00049728823999416183,5
cloud_cover,3,0.11533344135579118,0.0010102624075901602,5,0.088723409577836379,0.00061789905156069732,5,0.19853576436203837,0.0011644311163411219,5,0.16085274158932089,0.00075395672955489682,5
cloud_cover,4,0.13248634535639084,0.0013826103521274629,5,0.099664143522474977,0.00080560070902756394,5,0.22310104311047799,0.0017884144775408087,5,0.17846233176667797,0.0010601373527472759,5
cloud_cover,5,0.1455049314338806,0.0017623407628270102,5,0.1088323011047561,0.00099421711004597118,5,0.2410088574330945,0.0023973011711385904,5,0.19260377148831204,0.0013797586909466237,5
cloud_cover,6,0.15597526673731657,0.0020882183172944795,5,0.1166894620435162,0.0011739464213036176,5,0.25504413537778897,0.0028095056172184867,5,0.20434008701986617,0.0016631773135414847,5
cloud_cover,7,0.16453352934483573,0.0023684826843602996,5,0.12352432880084754,0.0013421443754567952,5,0.26643167757141845,0.003099849761507561,5,0.21431475967148855,0.0019047458991196702,5
cloud_cover,8,0.17177674227703452,0.0025724089030632591,5,0.12955588048537092,0.0014931193396908241,5,0.27593203221204032,0.003333125886956282,5,0.22295035669255353,0.0021107018499037433,5
cloud_cover,9,0.17841328329763628,0.0027054829870928748,5,0.13498448079784486,0.0016239905470148757,5,0.28457850750733799,0.0035612418395120967,5,0.23061287064833561,0.0022916728870020961,5
cloud_cover,10,0.18412415322718664,0.0027919393232537751,5,0.13989844804077906,0.0017350042886157828,5,0.2920765328868522,0.0038178832153793088,5,0.23747642684520393,0.0024573018895671346,5
cloud_cover,11,0.1880241137766642,0.0030523924160554329,5,0.14427350856222315,0.0018478652209777716,5,0.29634439232799087,0.0042358537679613928,5,0.24341737358409574,0.0026327736380271937,5
cloud_cover,12,0.19327830540503479,0.0031906594395207308,5,0.14835724163245745,0.0019515035254328338,5,0.30340033714886205,0.0045892795038402975,5,0.2489688847143125,0.0028088339569590668,5
component_of_wind,1,0.25138805543150011,0.0013926668156396343,5,0.25138805543150011,0.0013926668156396343,5,0.42214637421352974,0.0023628294091757999,5,0.42214637421352974,0.0023628294091757999,5
component_of_wind,2,0.51061071409144743,0.0048522621842857086,5,0.38099938476147377,0.0030353600557032228,5,0.83670985552325183,0.009739583349073027,5,0.66268273599748762,0.0068227730085924912,5
component_of_wind,3,0.74379218701481176,0.01068447098010515,5,0.50193031884591977,0.0055530740680148219,5,1.1824773410289358,0.022464444020946925,5,0.87112659409498039,0.01358693878187699,5
component_of_wind,4,0.94807446613723412,0.017904058249447512,5,0.6134663556687483,0.0086251584349311457,5,1.4722695740317988,0.038749670564239815,5,1.0540714221367524,0.021939953031897174,5
component_of_wind,5,1.1278084583771506,0.025740821324877736,5,0.71633477621042874,0.0120367237749408,5,1.7192600292691171,0.056780313110539618,5,1.2165798380131883,0.031258394446655229,5
component_of_wind,6,1.2856914887468722,0.033695126332891186,5,0.81122756163316934,0.015637934525822756,5,1.9330208393788226,0.074864654473371192,5,1.3624264305549409,0.040976433295007518,5
component_of_wind,7,1.4251925454459635,0.041564457200284219,5,0.89893684503499716,0.019335933732585294,5,2.1208406961315687,0.092114854923396869,5,1.4945446752848683,0.050711138302195577,5
component_of_wind,8,1.5493437793838762,0.049099425795601746,5,0.98023771182860708,0.023052090034652712,5,2.2883022261187027,0.10795393926705714,5,1.615259582361265,0.060194668067519719,5
component_of_wind,9,1.6607522829675099,0.056393807297117078,5,1.0558504419551518,0.026752443234358016,5,2.4382122170750571,0.12232835044295022,5,1.7262028038573427,0.069285049528042958,5
component_of_wind,10,1.7614924393715725,0.063360334409530747,5,1.1264146416967937,0.030407669085964342,5,2.5741467958069331,0.13529906002043093,5,1.8287934902648693,0.07791677063083359,5
component_of_wind,11,1.8592274557149664,0.068173862510474498,5,1.1930339884257186,0.033835041457971261,5,2.7060948701842094,0.14460788156261992,5,1.9251531727673723,0.08577253129788838,5
component_of_wind,12,1.9446494769122329,0.074473067698055895,5,1.2556686124662615,0.037217036695335111,5,2.8248726686362966,0.15591148809927383,5,2.0155409098225077,0.093314812802863217,5
humidity,1,1.0083365242089084,0.0041305861439018959,5,1.0083365242089084,0.0041305861439018959,5,1.6840973879378758,0.0058157168485723811,5,1.6840973879378758,0.0058157168485723811,5
humidity,2,1.9757848392298822,0.0035996967377704158,5,1.4920606817193953,0.0028188951956348643,5,3.1471913039391639,0.014321805033737462,5,2.523985715392266,0.010620792418681888,5
humidity,3,2.8669365206645461,0.010995386470993348,5,1.9503526280344456,0.0045889309814053959,5,4.4096285176110195,0.03021908609911143,5,3.2754594430623754,0.01869484554189579,5
humidity,4,3.630379948235448,0.021405121240029617,5,2.3703594580846961,0.0085385134460418659,5,5.4459027102399915,0.049035963082045886,5,3.9320467324315849,0.028264424829700006,5
humidity,5,4.2632822186021269,0.030657658253883339,5,2.7489440101881821,0.012859802040305473,5,6.2913058606641892,0.064333684437449981,5,4.5038823206034619,0.037360187187590779,5
humidity,6,4.794189782537055,0.038729987931699725,5,3.0898183055796609,0.017120364715736643,5,6.994304770290813,0.072959684660048651,5,5.0057522644907806,0.044689286147895114,5
humidity,7,5.2406563864065445,0.045933098937653023,5,3.3970808885549304,0.021202303620750835,5,7.5805620177802169,0.075074842075143589,5,5.4485974660982057,0.049730871573719408,5
humidity,8,5.6199387671939087,0.05265588222361231,5,3.6749381233848029,0.025070912812927951,5,8.0738603265491733,0.073133196191159738,5,5.8416408885656494,0.052594116722855883,5
humidity,9,5.9373855382532925,0.058194032051796879,5,3.9263211694813007,0.028622766350212794,5,8.4814440488529641,0.070505543396190834,5,6.1907985710879654,0.053796065408927507,5
humidity,10,6.1963370914073428,0.065610104751731763,5,4.1533227616739055,0.032097601390336038,5,8.8070021851608722,0.072938788938320981,5,6.4999906446083413,0.05417470925449927,5
humidity,11,6.3975035491225114,0.074815605422774697,5,4.3573391968965058,0.035834403195379783,5,9.0618566202323834,0.078147689296116443,5,6.7730624027378692,0.054644119777916306,5
humidity,12,6.5153603887982117,0.074883178199686276,5,4.5371742962216484,0.038933606477849499,5,9.2201607121594442,0.081916263342646012,5,7.0097078532703652,0.055033670253638832,5
temperature,1,0.25194996587217672,0.044617666993438068,5,0.25194996587217672,0.044617666993438068,5,0.3857127843464957,0.040399092400683019,5,0.3857127843464957,0.040399092400683019,5
temperature,2,0.42048975667906313,0.052415989089204168,5,0.33621986127561987,0.046321831588097134,5,0.65047432213627365,0.052433443505612659,5,0.53488838810452755,0.044617138247088892,5
temperature,3,0.68793228075611357,0.051687330399787908,5,0.45345733443578445,0.044699380201642311,5,1.1349144720446027,0.0495390060072411,5,0.7875957784306411,0.043152330193068522,5
temperature,4,0.91529990978527653,0.058701576005644747,5,0.56891797827315749,0.045108013966666922,5,1.4896010428291135,0.069289410128819812,5,1.0099463380324802,0.050547283277138595,5
temperature,5,1.0713795610010353,0.07327332555268759,5,0.66941029481873304,0.047674296543535589,5,1.6848371347310098,0.081495177897328505,5,1.1763353124280749,0.057680190249852374,5
temperature,6,1.3487951917168393,0.093116166237101811,5,0.78264111096841749,0.05247944445952276,5,2.1260081854233683,0.09004614131637162,5,1.3807728241921002,0.063455614557679729,5
temperature,7,1.4835314244190669,0.11408388561906815,5,0.88276829860422446,0.058654868936795557,5,2.2727956486755914,0.10685967945080603,5,1.5402196024601782,0.069859030438982977,5
temperature,8,1.5982156648324686,0.13757690253462279,5,0.972199219382755,0.065763084294340954,5,2.3937792552247359,0.12770483326724055,5,1.6710328607413587,0.07673404419280043,5
temperature,9,1.7910567564053441,0.17036212702206241,5,1.0631833901630425,0.074538883064358213,5,2.6550225543962389,0.15769167617355029,5,1.8071729941059052,0.085521700115717469,5
temperature,10,1.8992070358229554,0.20565992645788098,5,1.1467857547290339,0.08518174059775839,5,2.7795465979303988,0.20293013944663402,5,1.9268336400645452,0.098408354970173417,5
temperature,11,1.9712547614694187,0.23154546549346214,5,1.2217374826145235,0.096115667865091861,5,2.8446003695502919,0.24464895105706144,5,2.0277980238738911,0.11300295019289931,5
temperature,12,2.0529838071747641,0.25912698722225114,5,1.2910080096612102,0.10749802385785573,5,2.9300442331757575,0.28447930549580669,5,2.1180523212478155,0.1291561197444091,5
