kind,dataset,seed,lead_hours,exact_mae,exact_rmse,cumulative_mae,cumulative_rmse
agf,cloud_cover,2021,1,0.058721673069282498,0.1077694127333169,0.058721673069282498,0.1077694127333169
agf,cloud_cover,2021,2,0.091571744696713406,0.16307962270606061,0.075146708882998001,0.13821940830222629
agf,cloud_cover,2021,3,0.11487925167268501,0.19901025405848399,0.0883908898128936,0.16105308740004279
agf,cloud_cover,2021,4,0.1318060048733401,0.22383324985916461,0.099244668578005193,0.17882646240543701
agf,cloud_cover,2021,5,0.1445657473823953,0.24205247793550161,0.1083088843388833,0.19313467668986281
agf,cloud_cover,2021,6,0.15477373936698441,0.25629278755428031,0.1160530268435668,0.20501666991281159
agf,cloud_cover,2021,7,0.1630287866599695,0.26780534595229488,0.1227638496744814,0.21511150363522799
agf,cloud_cover,2021,8,0.1699526804184413,0.27732764284714068,0.12866245351747641,0.2238362499855118
agf,cloud_cover,2021,9,0.1762675040824476,0.28592034642686281,0.133951903580251,0.23155795505936391
agf,cloud_cover,2021,10,0.18162591827593799,0.29326981969861871,0.13871930504981969,0.2384489392107941
agf,cloud_cover,2021,11,0.1853551440711228,0.2973317432450493,0.14295892677902911,0.24438887261692169
agf,cloud_cover,2021,12,0.19021678499957981,0.30418470392836328,0.14689708163074169,0.2499188978036434
agf,cloud_cover,2022,1,0.058817146510163801,0.1078039983708968,0.058817146510163801,0.1078039983708968
agf,cloud_cover,2022,2,0.091750842012622499,0.16306706141818719,0.075283994261393095,0.1382254835121135
agf,cloud_cover,2022,3,0.1152604052359206,0.19883208819246129,0.088609464586235601,0.16098319568543989
agf,cloud_cover,2022,4,0.13250565814539009,0.22380578344301821,0.099583512976024205,0.17877066075130521
agf,cloud_cover,2022,5,0.14563379451650929,0.2420537651902574,0.10879356928412121,0.19309366733511141
agf,cloud_cover,2022,6,0.15624652335302769,0.25637826763663002,0.1167023949622723,0.20500229183311289
agf,cloud_cover,2022,7,0.1649543052208145,0.26803874592718913,0.1235955249992069,0.2151412848934369
agf,cloud_cover,2022,8,0.17235537931362299,0.27786001627608747,0.12969050678850891,0.22394379761006461
agf,cloud_cover,2022,9,0.17917282385876521,0.28686859906214651,0.13518854201853739,0.23178059285837521
agf,cloud_cover,2022,10,0.18513081808627829,0.29481330110399567,0.14018276962531151,0.23883363907537281
agf,cloud_cover,2022,11,0.18939587166580271,0.29965048401957139,0.1446566879926289,0.24498710246441691
agf,cloud_cover,2022,12,0.19492863960247581,0.30722569940604311,0.1488460172934494,0.25076435061769148
agf,cloud_cover,2023,1,0.058982117361247498,0.1074764281639345,0.058982117361247498,0.1074764281639345
agf,cloud_cover,2023,2,0.091593262025616101,0.16198060122722649,0.075287689693431803,0.13745708018289049
agf,cloud_cover,2023,3,0.1146409469065488,0.19652351515586769,0.088405442097804196,0.15959364000906559
agf,cloud_cover,2023,4,0.1313730968225586,0.2199270176417113,0.099147355778992793,0.17661984803725159
agf,cloud_cover,2023,5,0.14399409251177009,0.23672913122411759,0.10811670312554821,0.19016780192920821
agf,cloud_cover,2023,6,0.15410381451445709,0.2500195945088981,0.11578122169036641,0.2013822079576241
agf,cloud_cover,2023,7,0.1623961777124677,0.26089463870649771,0.12244050112209511,0.21091459835580051
agf,cloud_cover,2023,8,0.16946449756204671,0.27001956234219671,0.12831850067708911,0.21917611030989209
agf,cloud_cover,2023,9,0.17598933197295771,0.27836147060847011,0.13361525970996341,0.2265172171439862
agf,cloud_cover,2023,10,0.18165436468264859,0.28559371499042929,0.13841917020723191,0.23309959609701961
agf,cloud_cover,2023,11,0.1850409697100675,0.28929326443501741,0.1426575156165806,0.2387552588384953
agf,cloud_cover,2023,12,0.19024129082381711,0.29595913638614368,0.14662283021718359,0.24403493948337221
agf,cloud_cover,2024,1,0.058835688378526999,0.107961222950002,0.058835688378526999,0.107961222950002
agf,cloud_cover,2024,2,0.091556145491065499,0.16308325116198649,0.075195916934796297,0.13829637101244491
agf,cloud_cover,2024,3,0.1147927601578612,0.19877508813143699,0.088394864675817905,0.16100031897699679
agf,cloud_cover,2024,4,0.1318953327638675,0.22367145366073071,0.099269981697830301,0.1787401936574344
agf,cloud_cover,2024,5,0.14485606649040281,0.24189173006246251,0.1083871986563448,0.1930304827675669
agf,cloud_cover,2024,6,0.15531479182146449,0.25620523095818809,0.1162084641838648,0.2049166321368027
agf,cloud_cover,2024,7,0.16388135629498679,0.26785213284804421,0.12301887734259651,0.2150381101868041
agf,cloud_cover,2024,8,0.17119632442182359,0.27770897566814817,0.12904105822749989,0.2238336427449068
agf,cloud_cover,2024,9,0.177977121294703,0.28679078549573112,0.13447839856830021,0.2316752880028653
agf,cloud_cover,2024,10,0.18387110112146349,0.29478572070818171,0.13941766882361659,0.2387382610254036
agf,cloud_cover,2024,11,0.18790559662074341,0.29950423270189042,0.14382566225971899,0.2448863109468416
agf,cloud_cover,2024,12,0.19332203681911539,0.3070089287931928,0.1479503601396687,0.25065195666159429
agf,cloud_cover,2025,1,0.059365544135308701,0.108345000740814,0.059365544135308701,0.108345000740814
agf,cloud_cover,2025,2,0.092989773208042706,0.163774627521201,0.076177658671675696,0.13885382206701249
agf,cloud_cover,2025,3,0.1170938428059403,0.19953787627194189,0.089816386716430593,0.16163346587505931
agf,cloud_cover,2025,4,0.13485163417679791,0.22426771094776499,0.1010751985815224,0.17935449398196171
agf,cloud_cover,2025,5,0.14847495626832549,0.24231718275313349,0.11055515011888301,0.1935922287198108
agf,cloud_cover,2025,6,0.1594374646306492,0.25632479623094839,0.1187022025375107,0.20538263325897951
agf,cloud_cover,2025,7,0.1684070208359402,0.26756752442306619,0.1258028908658578,0.2153683012861731
agf,cloud_cover,2025,8,0.17591482966923799,0.2767439639266287,0.1320668832162803,0.22396198281239221
agf,cloud_cover,2025,9,0.1826596352793079,0.28495133594347921,0.13768830011217231,0.2315333001770874
agf,cloud_cover,2025,10,0.18833856396960491,0.29192010793303552,0.1427533264979155,0.23826169881742951
agf,cloud_cover,2025,11,0.19242298681558459,0.29594223723842589,0.14726875016315821,0.2440693230538033
agf,cloud_cover,2025,12,0.19768277478018589,0.30262321723056751,0.15146991888124381,0.2494742790052612
agf,component_of_wind,2021,1,0.25040619228989341,0.42095536103009051,0.25040619228989341,0.42095536103009051
agf,component_of_wind,2021,2,0.50776298379016549,0.83167693883738325,0.37908458804002948,0.65912439894677477
agf,component_of_wind,2021,3,0.7378367727032511,1.1699291127979261,0.49866864959443669,0.86364037182653686
agf,component_of_wind,2021,4,0.93836141749656943,1.4498095749573991,0.60859184156996993,1.0415819553909562
agf,component_of_wind,2021,5,1.1144556226235578,1.6864304429022288,0.70976459778068746,1.1986341825537596
agf,component_of_wind,2021,6,1.2689138083229601,1.890358790501292,0.80295613287106626,1.3389719859377882
agf,component_of_wind,2021,7,1.4052659201408979,2.0693502360003571,0.8890003881953279,1.4657658297671972
agf,component_of_wind,2021,8,1.5266169122356623,2.2295477494556573,0.96870245370036978,1.5815407614528398
agf,component_of_wind,2021,9,1.6361153562437136,2.3743066385835698,1.0428594428718525,1.6881120768189084
agf,component_of_wind,2021,10,1.7357567412095021,2.5067788311288708,1.1121491727056174,1.7869370879611981
agf,component_of_wind,2021,11,1.8327434540036589,2.6364546115786536,1.177657743732712,1.8800951253068121
agf,component_of_wind,2021,12,1.9159726536169399,2.7509370761667298,1.2391839862230645,1.9674431224149691
agf,component_of_wind,2022,1,0.25303922834320919,0.42459088511523269,0.25303922834320919,0.42459088511523269
agf,component_of_wind,2022,2,0.51202389875001397,0.83926731642184582,0.38253156354661161,0.66507407412139563
agf,component_of_wind,2022,3,0.74502595047266107,1.1831038553397442,0.50336302585529469,0.8726170944648115
agf,component_of_wind,2022,4,0.94885099131984241,1.4696044167275211,0.61473501722143165,1.0540539505074762
agf,component_of_wind,2022,5,1.1275752103977634,1.7121170261868626,0.71730305585669796,1.2145339545422855
agf,component_of_wind,2022,6,1.2844221633199533,1.9212068507537003,0.81182290710057392,1.3580929887814239
agf,component_of_wind,2022,7,1.4232080570030397,2.1047846997696174,0.89916364280092609,1.4878852696479681
agf,component_of_wind,2022,8,1.546860338001619,2.2686042982335741,0.98012572970101275,1.6063617078436792
agf,component_of_wind,2022,9,1.6579817381640816,2.4156128522988438,1.055443063974687,1.7152378825497272
agf,component_of_wind,2022,10,1.7588401459347336,2.5500007680105599,1.1257827721706917,1.816063678962208
agf,component_of_wind,2022,11,1.8570320334738164,2.6819844638940098,1.1922599777437031,1.9110661832653979
agf,component_of_wind,2022,12,1.942718898722209,2.8007611294260468,1.2547982211585786,2.0003786397648611
agf,component_of_wind,2023,1,0.25052170445889749,0.4203563519784233,0.25052170445889749,0.4203563519784233
agf,component_of_wind,2023,2,0.50727848948240628,0.82878092392678382,0.3789000969706518,0.65710626329138788
agf,component_of_wind,2023,3,0.73684596508213662,1.1667220980737911,0.4982153863411467,0.86116543835418202
agf,component_of_wind,2023,4,0.93701670312746377,1.4480067773426215,0.60791571553772605,1.0394158652672922
agf,component_of_wind,2023,5,1.112572125581694,1.6867426654601041,0.7088469975465197,1.197216954721313
agf,component_of_wind,2023,6,1.2661539586974944,1.8927197036872427,0.80173149107168218,1.3384711465005383
agf,component_of_wind,2023,7,1.4011880208834782,2.0731172284879333,0.88736813818765292,1.4661341345349721
agf,component_of_wind,2023,8,1.5210111399077009,2.2335341066783738,0.96657351340265896,1.5825422470204329
agf,component_of_wind,2023,9,1.6277000050481167,2.3765955301180481,1.0400320124743765,1.6893038021166831
agf,component_of_wind,2023,10,1.7233016486565529,2.5054478531977407,1.108358976092594,1.7877638257808579
agf,component_of_wind,2023,11,1.8177374249938067,2.6319934169327746,1.1728479259927045,1.8802413847570347
agf,component_of_wind,2023,12,1.898884319064762,2.7435875678569208,1.233350958748709,1.9667158974837264
agf,component_of_wind,2024,1,0.2502025044617589,0.42000739775975071,0.2502025044617589,0.42000739775975071
agf,component_of_wind,2024,2,0.50744403776223646,0.83117488283002705,0.37882327111199771,0.65850508730776958
agf,component_of_wind,2024,3,0.73731103262902675,1.1715214675165535,0.49831919161767407,0.86404483851101255
agf,component_of_wind,2024,4,0.93727359223628204,1.4540314821542626,0.60805779177232611,1.0433034074477432
agf,component_of_wind,2024,5,1.1120162295992737,1.6919344310113145,0.70884947933771558,1.2013800496770262
agf,component_of_wind,2024,6,1.2646696219138105,1.8957226283076187,0.80148616976706466,1.3422825337391662
agf,component_of_wind,2024,7,1.3987587271572557,2.0733319079878165,0.88681082082280638,1.4691610629864249
agf,component_of_wind,2024,8,1.5174459497350707,2.2306090002108241,0.96564021193683935,1.5844816232284515
agf,component_of_wind,2024,9,1.6232095666169877,2.3699782285999622,1.038703473567967,1.6898866799228864
agf,component_of_wind,2024,10,1.7182512370938039,2.4952749122333127,1.1066582499205506,1.7868365847622476
agf,component_of_wind,2024,11,1.811543888822984,2.6187952183193421,1.1707387625480443,1.8777631325581452
agf,component_of_wind,2024,12,1.892425496263064,2.7294733397926767,1.2308793236909628,1.9629052217435972
agf,component_of_wind,2025,1,0.25277064760374179,0.42482187518415132,0.25277064760374179,0.42482187518415132
agf,component_of_wind,2025,2,0.51854416067241493,0.85264921560021911,0.38565740413807842,0.67360385632011033
agf,component_of_wind,2025,3,0.76194121418698302,1.2211101714166632,0.51108534082104662,0.89416522731835946
agf,component_of_wind,2025,4,0.97886962650601261,1.53989561897719,0.62803141224228809,1.0920019320702945
agf,component_of_wind,2025,5,1.1724231036834634,1.819075580785076,0.7369097505305231,1.2711340485715568
agf,component_of_wind,2025,6,1.3442978914801429,2.0650962236442583,0.83814110735545977,1.4343134978157881
agf,component_of_wind,2025,7,1.4975420020451466,2.2836194084121182,0.93234123516827239,1.5837770794877792
agf,component_of_wind,2025,8,1.6347845570393282,2.4792159760150843,1.0201466504021539,1.7213715722609215
agf,component_of_wind,2025,9,1.7587547487646491,2.6545678357748619,1.1022142168868758,1.8484735778785075
agf,component_of_wind,2025,10,1.8713124239632699,2.8132316144641805,1.1791240375945151,1.9663662738578356
agf,component_of_wind,2025,11,1.977080477280567,2.9612466401962672,1.2516655321114292,2.0766000379494702
agf,component_of_wind,2025,12,2.0732460168941893,3.099604229939108,1.3201305725099926,2.1802616677053845
agf,humidity,2021,1,1.010828372173272,1.6749142565052313,1.010828372173272,1.6749142565052313
agf,humidity,2021,2,1.9781992120506693,3.1229284487653901,1.4945137921119709,2.5057952692461405
agf,humidity,2021,3,2.8615892304892863,4.3644412116886002,1.9502056049044092,3.2458366642535856
agf,humidity,2021,4,3.6149253247750859,5.3826794997675824,2.3663855348720784,3.89164507471637
agf,humidity,2021,5,4.2388227210072529,6.2189965851067557,2.7408729720991132,4.4554578681842845
agf,humidity,2021,6,4.7643544285627621,6.92129789754327,3.0781198815097213,4.9524386023850768
agf,humidity,2021,7,5.2098344191370174,7.5168660869053507,3.3826505297421923,5.3939538166203267
agf,humidity,2021,8,5.5928825740978869,8.0278004304776704,3.6589295352866542,5.7890925906225617
agf,humidity,2021,9,5.9181041679340822,8.4574799925047603,3.909948938914146,6.1430874612221817
agf,humidity,2021,10,6.1867225055711819,8.8051597423827186,4.1376262955798495,6.4588586460372701
agf,humidity,2021,11,6.3809099385636765,9.06212467854054,4.3415611722147434,6.7372145160249994
agf,humidity,2021,12,6.5097805965759843,9.2468362498549155,4.5222461242448464,6.9808943697300743
agf,humidity,2022,1,1.0088678235032198,1.6907963612371759,1.0088678235032198,1.6907963612371759
agf,humidity,2022,2,1.9721337158340659,3.1524786614480877,1.490500769668643,2.529517152151612
agf,humidity,2022,3,2.8591745609596169,4.4090977441040291,1.9467253667656343,3.2780612645851939
agf,humidity,2022,4,3.6128347225266095,5.4298921051005422,2.3632527057058779,3.9281288559616661
agf,humidity,2022,5,4.2366071629991451,6.258939825101427,2.7379235971645315,4.492106698875161
agf,humidity,2022,6,4.7580255114925594,6.9456237402476377,3.0746072495525358,4.9855926112396958
agf,humidity,2022,7,5.1957101579500389,7.5159318442900647,3.3776219507521792,5.4198844689782373
agf,humidity,2022,8,5.5669932941731801,7.9951828239074709,3.6512933686798048,5.8046208100444163
agf,humidity,2022,9,5.8789323041842092,8.3932122568134151,3.8988088059580712,6.1463177230592354
agf,humidity,2022,10,6.1323132441468431,8.7092545484040258,4.1221592497769484,6.4486130971242552
agf,humidity,2022,11,6.3215406851550986,8.9563083902044553,4.3221030166295078,6.7153932311888793
agf,humidity,2022,12,6.4395358551866293,9.1121183973425239,4.4985557531759346,6.9467754535927178
agf,humidity,2023,1,1.0134539003802898,1.68425227109479,1.0134539003802898,1.68425227109479
agf,humidity,2023,2,1.9753274733577733,3.1583650860220733,1.4943906868690315,2.5310053071152554
agf,humidity,2023,3,2.8662544652349009,4.4460476007541168,1.951678612990988,3.2954167666352721
agf,humidity,2023,4,3.6350089971803961,5.5158891272327129,2.3725112090383398,3.9687639089956801
agf,humidity,2023,5,4.2737646762684234,6.3898403373036343,2.7527619024843566,4.5570693959521682
agf,humidity,2023,6,4.8061337679329705,7.1080199108120139,3.0949905467257923,5.072119124030233
agf,humidity,2023,7,5.2491805648553092,7.695580089407386,3.4027319778871523,5.5237190805083323
agf,humidity,2023,8,5.6216978566633191,8.1788077422295284,3.6801027127341728,5.9210767965691469
agf,humidity,2023,9,5.9307642483735057,8.5694798969985158,3.9301762166940986,6.2708247654605307
agf,humidity,2023,10,6.1797038617159723,8.8716728540981098,4.1551289811962864,6.5773533308022873
agf,humidity,2023,11,6.3751908936218857,9.1006717675606197,4.3569527914167949,6.8452903185862324
agf,humidity,2023,12,6.4908028687669397,9.2447149885218955,4.5347736311959741,7.076385319156218
agf,humidity,2024,1,1.0031631345289391,1.6839683187501182,1.0031631345289391,1.6839683187501182
agf,humidity,2024,2,1.9726931686333096,3.146166346161126,1.4879281515811245,2.5233025954362813
agf,humidity,2024,3,2.8616013247548082,4.4033004696105733,1.9458192093056856,3.272265627051266
agf,humidity,2024,4,3.6238029149291497,5.4359707727020092,2.3653151357115521,3.9266062077707171
agf,humidity,2024,5,4.2560985947036309,6.2777750398057126,2.7434718275099681,4.4962963579822404
agf,humidity,2024,6,4.7880635668539204,6.9805471308062899,3.0842371174006264,4.9968563940980211
agf,humidity,2024,7,5.2346823053063094,7.564933888308361,3.391443572815724,5.4384828198668203
agf,humidity,2024,8,5.6116719650476039,8.0531578318920527,3.6689721218447091,5.8298050861421418
agf,humidity,2024,9,5.9240845266610522,8.4517937355877457,3.9195401668243028,6.1763512789437476
agf,humidity,2024,10,6.1756090509820067,8.7655963886731403,4.1451470552400727,6.4819867026808229
agf,humidity,2024,11,6.3869363438150923,9.0259070203752216,4.3489460814741658,6.7529691360559641
agf,humidity,2024,12,6.4961179105686861,9.1703377221974431,4.5278770672320423,6.9864369055151316
agf,humidity,2025,1,1.0053693904588212,1.686555732102063,1.0053693904588212,1.686555732102063
agf,humidity,2025,2,1.9805706262735925,3.1560179772991419,1.4929700083662067,2.5303082530120409
agf,humidity,2025,3,2.8860630218841168,4.4252555618977762,1.9573343462055104,3.2857168927865601
agf,humidity,2025,4,3.6653277817659959,5.4650820463971126,2.3843327050956318,3.9450896147134902
agf,humidity,2025,5,4.3111179380321838,6.3109775160034163,2.7696897516829422,4.5184812820234548
agf,humidity,2025,6,4.8543716378430615,7.0160351720448508,3.1171367327096284,5.021754590700878
agf,humidity,2025,7,5.3138744847840496,7.6094981799899202,3.4309564115774029,5.4669471445173121
agf,humidity,2025,8,5.7064481459875536,8.1143528042391448,3.715392878378672,5.8636091594499806
agf,humidity,2025,9,6.0350424441136132,8.53525436236038,3.9731317190158872,6.2174116267541351
agf,humidity,2025,10,6.3073367946207117,8.8833273922463665,4.2065522265763704,6.533141446397071
agf,humidity,2025,11,6.5229398844568021,9.1642712444810801,4.4171329227473182,6.8144448118332699
agf,humidity,2025,12,6.6405647128928154,9.3267962028804448,4.6024189052594444,7.0580472183576859
agf,temperature,2021,1,0.31604479351952741,0.44163958168937623,0.31604479351952741,0.44163958168937623
agf,temperature,2021,2,0.51177983361337465,0.74318044533360639,0.41391231356645097,0.61129481203467806
agf,temperature,2021,3,0.75904690812212872,1.2219813904892105,0.52895717841834355,0.86421471351028056
agf,temperature,2021,4,0.97286659843165035,1.6127247620862231,0.63993453342167028,1.1001684383980748
agf,temperature,2021,5,1.1164098520914896,1.8244662001544325,0.73522959715563407,1.2782925554735105
agf,temperature,2021,6,1.3851666878710418,2.2727860303331222,0.84355244560820208,1.4908451532923856
agf,temperature,2021,7,1.5128506193649098,2.4237193726140749,0.93916647043058876,1.6565942353324592
agf,temperature,2021,8,1.6161200394414512,2.5350369800093966,1.0237856665569467,1.7901307114905154
agf,temperature,2021,9,1.8032268089110448,2.7892853455984188,1.1103902379296242,1.9269047273035351
agf,temperature,2021,10,1.9094536481496045,2.9178433134980883,1.1902965789516222,2.047692995911933
agf,temperature,2021,11,1.965086802658788,2.9553248862037087,1.2607320538340918,2.1461257109261891
agf,temperature,2021,12,2.0345435944049872,3.0155634896602419,1.3252163488816664,2.231554659840211
agf,temperature,2022,1,0.21294393058146149,0.35099149786741102,0.21294393058146149,0.35099149786741102
agf,temperature,2022,2,0.39500175735132148,0.62253183135441037,0.30397284396639151,0.50534192020090951
agf,temperature,2022,3,0.70257857515614142,1.1273026484133235,0.43684142102964141,0.77061710633845881
agf,temperature,2022,4,0.95649273724180384,1.4694184419408225,0.5667542500826821,0.9925652033065856
agf,temperature,2022,5,1.1467358146424165,1.6902973880810901,0.68275056299462888,1.1660058311529946
agf,temperature,2022,6,1.4542446320300959,2.1440522565116296,0.81133290783387346,1.378090954307597
agf,temperature,2022,7,1.6147723615940666,2.3221101523083134,0.92610997265675798,1.5485939996156826
agf,temperature,2022,8,1.7469581822713034,2.4750813089045414,1.0287159988585763,1.692373744006052
agf,temperature,2022,9,1.9426345038291528,2.743929531277391,1.1302624994108623,1.8391477612024745
agf,temperature,2022,10,2.0586021191339881,2.899762285474095,1.223096461383175,1.9710606713158936
agf,temperature,2022,11,2.1259003571111319,2.9892069679139635,1.3051695428129897,2.0842735817002178
agf,temperature,2022,12,2.1994647670372802,3.0934008327096958,1.3796941448316804,2.1862313217977998
agf,temperature,2023,1,0.2365299815275172,0.36573943220466482,0.2365299815275172,0.36573943220466482
agf,temperature,2023,2,0.41590910187186708,0.63640986611313299,0.32621954169969219,0.51902931032626975
agf,temperature,2023,3,0.703778673490705,1.1152785394574241,0.45207258563002978,0.77084997903392583
agf,temperature,2023,4,0.94261068388071245,1.4490133571383743,0.57470711019270038,0.98517368769360081
agf,temperature,2023,5,1.104461967321382,1.6325759019487227,0.68065808161843677,1.1443402339618161
agf,temperature,2023,6,1.3788432378769828,2.0615085701425149,0.7970222743281945,1.3414786891144883
agf,temperature,2023,7,1.4966551244735171,2.1819922002536263,0.89696982434895489,1.4908521246041817
agf,temperature,2023,8,1.5919136685550304,2.2707898280250549,0.98383780487471439,1.6091522164294958
agf,temperature,2023,9,1.7717164187058467,2.511681003199516,1.0713798730781734,1.7328046728081872
agf,temperature,2023,10,1.8671889756685704,2.6038769415870155,1.1509607833372131,1.8385778045511576
agf,temperature,2023,11,1.9271122395107736,2.6462568632579773,1.2215200066257186,1.9260500989477145
agf,temperature,2023,12,1.9974462415575076,2.6973130960000238,1.2861805262033676,2.0017046226919262
agf,temperature,2024,1,0.21510924787871549,0.35513607775524841,0.21510924787871549,0.35513607775524841
agf,temperature,2024,2,0.38242204557633652,0.61679275472162631,0.29876564672752598,0.50326679604384494
agf,temperature,2024,3,0.63629646136608298,1.1062555677524408,0.41127591827371163,0.75946391557548654
agf,temperature,2024,4,0.8459406042842923,1.463218400362029,0.51994208977635681,0.98378915479153417
agf,temperature,2024,5,0.97344574827808583,1.6383871885133268,0.61064282147670268,1.1450482071796251
agf,temperature,2024,6,1.2055560200045643,2.0496609354687081,0.70979502123134619,1.3389540030818103
agf,temperature,2024,7,1.2999386303863931,2.1622534350337488,0.79410125111063867,1.4847860284291123
agf,temperature,2024,8,1.3759697230030956,2.2475917912715784,0.86683481009719576,1.6001482631196811
agf,temperature,2024,9,1.5161607864580742,2.4573069268014711,0.93898214080396003,1.716655438287743
agf,temperature,2024,10,1.5723477931214069,2.518064455201801,1.0023187060357048,1.8128100188595799
agf,temperature,2024,11,1.6165079284272237,2.5286369929959744,1.0581540898894792,1.8891269433048701
agf,temperature,2024,12,1.6695451687800285,2.5788823293230854,1.1091033464636917,1.9559192373327363
agf,temperature,2025,1,0.27912187585366188,0.4150573322157779,0.27912187585366188,0.4150573322157779
agf,temperature,2025,2,0.39733604498241593,0.6334567131585922,0.3382289604180389,0.53550910191693546
agf,temperature,2025,3,0.63796078564550962,1.1037542141106145,0.43813956882719579,0.77283317769505422
agf,temperature,2025,4,0.85858892508792373,1.4536302526181186,0.54325190789237776,0.98803520597260597
agf,temperature,2025,5,1.0158444226718022,1.6384589949574777,0.63777041084826258,1.1479897343724279
agf,temperature,2025,6,1.3201653808015119,2.1020331346608674,0.75150290584047097,1.3544953211642199
agf,temperature,2025,7,1.4934403862764485,2.273903083168193,0.85749397447418196,1.5202716243194547
agf,temperature,2025,8,1.6601167108914625,2.4403963679131082,0.95782181652634202,1.6633593686610495
agf,temperature,2025,9,1.9215452641226023,2.7729099651043967,1.0649021995925931,1.8203523709275855
agf,temperature,2025,10,2.088442643041208,2.9581859938909933,1.1672562439374548,1.964026709684163
agf,temperature,2025,11,2.2216664796391759,3.1035761373798363,1.2631117199103383,2.0934137844904641
agf,temperature,2025,12,2.3639192640940165,3.2650614181857387,1.3548456819256449,2.2148517645764056
