dataset,ratio,mean_relative_mae_change_percent,sample_sd_relative_mae_change_percent,n_training_seeds,mean_absolute_mae
cloud_cover,0,0,0,5,0.14841341758696744
cloud_cover,0.10000000000000001,7.88950549116164,0.85370730389770755,5,0.16013354038318156
cloud_cover,0.20000000000000001,16.669330194524431,1.501844008651064,5,0.17317073220606916
cloud_cover,0.29999999999999999,26.4529418691613,1.967663160153293,5,0.18769187685162475
cloud_cover,0.40000000000000002,37.51681253999385,2.2908999757385078,5,0.20410640862121071
component_of_wind,0,0,0,5,1.2581735851186668
component_of_wind,0.10000000000000001,20.122306068306717,0.2199509015280488,5,1.5112848567187429
component_of_wind,0.20000000000000001,41.025522367753275,0.69555895342596996,5,1.774135149021814
component_of_wind,0.29999999999999999,62.730152115288448,1.3914759731025588,5,2.0470010690450353
component_of_wind,0.40000000000000002,84.667288048580431,2.2790321751563662,5,2.3227329911389849
humidity,0,0,0,5,4.5320216581530985
humidity,0.10000000000000001,18.009132846500187,0.29875555636199608,5,5.3481329700526361
humidity,0.20000000000000001,36.418683476060508,0.61071673349217803,5,6.1823698837656087
humidity,0.29999999999999999,55.183987707451266,0.88512341017339125,5,7.0327290920906105
humidity,0.40000000000000002,74.70967064729048,1.1934468616649421,5,7.9175302395268874
temperature,0,0,0,5,1.2947787758855458
temperature,0.10000000000000001,114.32175659221551,12.850105300391963,5,2.7642340843009556
temperature,0.20000000000000001,229.99170020941756,25.539214831162752,5,4.2511142319197663
temperature,0.29999999999999999,346.54940416206352,38.114977017467176,5,5.7495121518246988
temperature,0.40000000000000002,465.94553813313831,50.670046415337353,5,7.2845594629619468
