kind,dataset,seed,ratio,maskseed,mae,rmse,n_examples,clean_mae_same_subset,relative_increase_percent
agf,temperature,2021,0,,1.3298430461339497,2.241948745967437,64,1.3298430461339497,0
agf,temperature,2021,0.10000000000000001,11,2.7689585426899921,6.5281740454420474,64,1.3298430461339497,108.21694340093468
agf,temperature,2021,0.10000000000000001,22,2.7668361626371429,6.5586423658993045,64,1.3298430461339497,108.05734711932696
agf,temperature,2021,0.10000000000000001,33,2.7777920514345169,6.5990347121686703,64,1.3298430461339497,108.88119537940727
agf,temperature,2021,0.20000000000000001,11,4.2384786451875698,9.0670038751665043,64,1.3298430461339497,218.72021720980183
agf,temperature,2021,0.20000000000000001,22,4.239905447864051,9.1076338440597535,64,1.3298430461339497,218.82750826799321
agf,temperature,2021,0.20000000000000001,33,4.2378658539964817,9.0892289897872676,64,1.3298430461339497,218.67413724624001
agf,temperature,2021,0.29999999999999999,11,5.7368195617552074,11.086728218266757,64,1.3298430461339497,331.3907252764144
agf,temperature,2021,0.29999999999999999,22,5.7233170770729584,11.054333132169566,64,1.3298430461339497,330.37538104301012
agf,temperature,2021,0.29999999999999999,33,5.712462201481685,11.050030827766088,64,1.3298430461339497,329.55912865722439
agf,temperature,2021,0.40000000000000002,11,7.2539931481878739,12.828042607666609,64,1.3298430461339497,445.47739067977261
agf,temperature,2021,0.40000000000000002,22,7.2517152814640822,12.818184480172777,64,1.3298430461339497,445.30610229123579
agf,temperature,2021,0.40000000000000002,33,7.2573009318342274,12.836206865222705,64,1.3298430461339497,445.72612557040281
agf,temperature,2022,0,,1.3869567794220832,2.2000197510534534,64,1.3869567794220832,0
agf,temperature,2022,0.10000000000000001,11,2.8362923609286859,6.657507675747194,64,1.3869567794220832,104.49753034918017
agf,temperature,2022,0.10000000000000001,22,2.8363095668998235,6.7056301871413293,64,1.3869567794220832,104.49877090486235
agf,temperature,2022,0.10000000000000001,33,2.8464071166915041,6.7443200869477495,64,1.3869567794220832,105.22680727495666
agf,temperature,2022,0.20000000000000001,11,4.3070070225512609,9.2473614865800684,64,1.3869567794220832,210.53649879024371
agf,temperature,2022,0.20000000000000001,22,4.3103391125914641,9.2989505405537471,64,1.3869567794220832,210.7767434820496
agf,temperature,2022,0.20000000000000001,33,4.3029623605446732,9.2611569974897296,64,1.3869567794220832,210.24487744583004
agf,temperature,2022,0.29999999999999999,11,5.7993246558374567,11.296760501057957,64,1.3869567794220832,318.13304797096259
agf,temperature,2022,0.29999999999999999,22,5.7851972780481447,11.256894237442632,64,1.3869567794220832,317.11445979295183
agf,temperature,2022,0.29999999999999999,33,5.7719862069934607,11.248377100082363,64,1.3869567794220832,316.16193760547685
agf,temperature,2022,0.40000000000000002,11,7.29724281837116,13.023720258464904,64,1.3869567794220832,426.13339699105649
agf,temperature,2022,0.40000000000000002,22,7.2960055138585931,13.018054875347945,64,1.3869567794220832,426.04418696440496
agf,temperature,2022,0.40000000000000002,33,7.3006743724399712,13.036231135952152,64,1.3869567794220832,426.38081306917252
agf,temperature,2023,0,,1.2903413889774431,2.0107167791560854,64,1.2903413889774431,0
agf,temperature,2023,0.10000000000000001,11,2.7088847211853131,6.3649318678869031,64,1.2903413889774431,109.93550577588027
agf,temperature,2023,0.10000000000000001,22,2.7052917280040369,6.3868998363091913,64,1.2903413889774431,109.65705286318838
agf,temperature,2023,0.10000000000000001,33,2.7180439991255603,6.430616285243751,64,1.2903413889774431,110.6453394693887
agf,temperature,2023,0.20000000000000001,11,4.1612352910645614,8.897636146644972,64,1.2903413889774431,222.49103428064225
agf,temperature,2023,0.20000000000000001,22,4.1640629766819375,8.9394296889077953,64,1.2903413889774431,222.7101767216684
agf,temperature,2023,0.20000000000000001,33,4.1577785130260354,8.9198920210397326,64,1.2903413889774431,222.22313788763688
agf,temperature,2023,0.29999999999999999,11,5.63999283144949,10.911275303505676,64,1.2903413889774431,337.09307316872287
agf,temperature,2023,0.29999999999999999,22,5.6276227824661573,10.882126341977488,64,1.2903413889774431,336.13440834645161
agf,temperature,2023,0.29999999999999999,33,5.6172924418836674,10.87701549471509,64,1.2903413889774431,335.33381862107075
agf,temperature,2023,0.40000000000000002,11,7.1449053179918947,12.66363835435669,64,1.2903413889774431,453.72209083783775
agf,temperature,2023,0.40000000000000002,22,7.1415512136882171,12.65370393970767,64,1.2903413889774431,453.46215154329678
agf,temperature,2023,0.40000000000000002,33,7.1469746986889122,12.671775330475532,64,1.2903413889774431,453.8824655041621
agf,temperature,2024,0,,1.1111417720482375,1.9657271898393629,64,1.1111417720482375,0
agf,temperature,2024,0.10000000000000001,11,2.6261811404838227,6.7022050860165088,64,1.1111417720482375,136.34978060835729
agf,temperature,2024,0.10000000000000001,22,2.6274442841143659,6.7503161294961007,64,1.1111417720482375,136.46346039813017
agf,temperature,2024,0.10000000000000001,33,2.6417787481138171,6.8069410151913523,64,1.1111417720482375,137.75352655890708
agf,temperature,2024,0.20000000000000001,11,4.1611155718953041,9.3572059363207263,64,1.1111417720482375,274.4900674758054
agf,temperature,2024,0.20000000000000001,22,4.1696831570491968,9.4175433352368447,64,1.1111417720482375,275.2611288623375
agf,temperature,2024,0.20000000000000001,33,4.1615227500733454,9.3763982276423778,64,1.1111417720482375,274.52671250061536
agf,temperature,2024,0.29999999999999999,11,5.7175686983100604,11.448507350665713,64,1.1111417720482375,414.56698345257121
agf,temperature,2024,0.29999999999999999,22,5.7032701227096068,11.411262120891594,64,1.1111417720482375,413.28014715857643
agf,temperature,2024,0.29999999999999999,33,5.6907714827781701,11.403041745659491,64,1.1111417720482375,412.15530060471161
agf,temperature,2024,0.40000000000000002,11,7.27232084692029,13.198355430048176,64,1.1111417720482375,554.49081565125255
agf,temperature,2024,0.40000000000000002,22,7.2704875384224579,13.195015865349292,64,1.1111417720482375,554.32582243940942
agf,temperature,2024,0.40000000000000002,33,7.2776289032675168,13.215721885013171,64,1.1111417720482375,554.96852754011809
agf,temperature,2025,0,,1.3556108928460162,2.2202691435960418,64,1.3556108928460162,0
agf,temperature,2025,0.10000000000000001,11,2.8617580339002111,6.8554091252919145,64,1.3556108928460162,111.10467974273486
agf,temperature,2025,0.10000000000000001,22,2.8639095395628829,6.9149308837528114,64,1.3556108928460162,111.26339089458722
agf,temperature,2025,0.10000000000000001,33,2.8776232687426577,6.9647342538190342,64,1.3556108928460162,112.27501814339044
agf,temperature,2025,0.20000000000000001,11,4.3849333135294728,9.5262475309650032,64,1.3556108928460162,223.46548236445585
agf,temperature,2025,0.20000000000000001,22,4.3929632270010188,9.5874827703394825,64,1.3556108928460162,224.05782884927109
agf,temperature,2025,0.20000000000000001,33,4.3768602357401205,9.5344370724004062,64,1.3556108928460162,222.86995175667181
agf,temperature,2025,0.29999999999999999,11,5.9191446259986451,11.624043719604796,64,1.3556108928460162,336.6403853226488
agf,temperature,2025,0.29999999999999999,22,5.9025101312436163,11.583693846293633,64,1.3556108928460162,335.41330055645125
agf,temperature,2025,0.29999999999999999,33,5.8954021793421516,11.58610732631348,64,1.3556108928460162,334.88896485370827
agf,temperature,2025,0.40000000000000002,11,7.4512717315810733,13.377553506629743,64,1.3556108928460162,449.6615415901253
agf,temperature,2025,0.40000000000000002,22,7.4513172552299993,13.3752110204335,64,1.3556108928460162,449.66489975500616
agf,temperature,2025,0.40000000000000002,33,7.4550023724829471,13.391682271814719,64,1.3556108928460162,449.93674156982161
agf,humidity,2021,0,,4.5149182595778257,6.9542020531717563,64,4.5149182595778257,0
agf,humidity,2021,0.10000000000000001,11,5.3252642495062901,8.6220785592622651,64,4.5149182595778257,17.948187394299286
agf,humidity,2021,0.10000000000000001,22,5.3201399639753317,8.5988849269520617,64,4.5149182595778257,17.834690643387184
agf,humidity,2021,0.10000000000000001,33,5.310350960251526,8.6051156384061596,64,4.5149182595778257,17.617876004428012
agf,humidity,2021,0.20000000000000001,11,6.141080943394627,9.9699970418802035,64,4.5149182595778257,36.01754429035573
agf,humidity,2021,0.20000000000000001,22,6.1471409307268914,9.9961713983638951,64,4.5149182595778257,36.151765708858896
agf,humidity,2021,0.20000000000000001,33,6.1407647295927754,9.9780802552292691,64,4.5149182595778257,36.010540535610417
agf,humidity,2021,0.29999999999999999,11,6.9931523508033324,11.211310611430932,64,4.5149182595778257,54.889899412204144
agf,humidity,2021,0.29999999999999999,22,6.9827316631077947,11.208438774168773,64,4.5149182595778257,54.659093734306616
agf,humidity,2021,0.29999999999999999,33,6.9936383791209664,11.227663300385323,64,4.5149182595778257,54.900664353886157
agf,humidity,2021,0.40000000000000002,11,7.8670429933675523,12.357254817573416,64,4.5149182595778257,74.245524305531333
agf,humidity,2021,0.40000000000000002,22,7.8712352259220397,12.36916118301483,64,4.5149182595778257,74.338377205926463
agf,humidity,2021,0.40000000000000002,33,7.8845212106898543,12.386382364033633,64,4.5149182595778257,74.632645761943621
agf,humidity,2022,0,,4.4916726324105793,6.9188736712704664,64,4.4916726324105793,0
agf,humidity,2022,0.10000000000000001,11,5.3236902193239084,8.5507004210882176,64,4.4916726324105793,18.523558037371998
agf,humidity,2022,0.10000000000000001,22,5.3212941723759286,8.5319526766194702,64,4.4916726324105793,18.470213834798319
agf,humidity,2022,0.10000000000000001,33,5.3111460077149486,8.5270012477341961,64,4.4916726324105793,18.244280969883956
agf,humidity,2022,0.20000000000000001,11,6.1643948809675448,9.9005040847910966,64,4.4916726324105793,37.240520079025742
agf,humidity,2022,0.20000000000000001,22,6.1672677765842918,9.9196932566762062,64,4.4916726324105793,37.304480564391859
agf,humidity,2022,0.20000000000000001,33,6.1655397574456101,9.9096731005831753,64,4.4916726324105793,37.266008946353331
agf,humidity,2022,0.29999999999999999,11,7.0226222423540703,11.13622005884161,64,4.4916726324105793,56.347597366756162
agf,humidity,2022,0.29999999999999999,22,7.0208814568128828,11.145002183614013,64,4.4916726324105793,56.308841524920616
agf,humidity,2022,0.29999999999999999,33,7.0311569650730243,11.161117962254238,64,4.4916726324105793,56.537609494028509
agf,humidity,2022,0.40000000000000002,11,7.9089093566993443,12.294112006929661,64,4.4916726324105793,76.079380755200106
agf,humidity,2022,0.40000000000000002,22,7.9164812998108873,12.309730029384776,64,4.4916726324105793,76.247958114487304
agf,humidity,2022,0.40000000000000002,33,7.9320930965695879,12.332356697693047,64,4.4916726324105793,76.595530122430404
agf,humidity,2023,0,,4.5291841753132758,7.0491010091227562,64,4.5291841753132758,0
agf,humidity,2023,0.10000000000000001,11,5.342212189951776,8.6725531950529753,64,4.5291841753132758,17.950871131935475
agf,humidity,2023,0.10000000000000001,22,5.340942760184892,8.6524954105097045,64,4.5291841753132758,17.92284335214671
agf,humidity,2023,0.10000000000000001,33,5.3320365278874924,8.656899921962264,64,4.5291841753132758,17.726202368855624
agf,humidity,2023,0.20000000000000001,11,6.1680257756791734,10.012570392493361,64,4.5291841753132758,36.184035290473517
agf,humidity,2023,0.20000000000000001,22,6.1723507029164466,10.034357951193289,64,4.5291841753132758,36.279525495107869
agf,humidity,2023,0.20000000000000001,33,6.1703648486097036,10.021687572125655,64,4.5291841753132758,36.235679755348229
agf,humidity,2023,0.29999999999999999,11,7.0201139706914546,11.243200583414197,64,4.5291841753132758,54.997317374621566
agf,humidity,2023,0.29999999999999999,22,7.0120405344787287,11.236259211963969,64,4.5291841753132758,54.819063722303099
agf,humidity,2023,0.29999999999999999,33,7.020954604961541,11.262200418403774,64,4.5291841753132758,55.015877765136679
agf,humidity,2023,0.40000000000000002,11,7.8935768257773207,12.385171502953092,64,4.5291841753132758,74.282531251477209
agf,humidity,2023,0.40000000000000002,22,7.8990046928568818,12.397706010494932,64,4.5291841753132758,74.402373299613515
agf,humidity,2023,0.40000000000000002,33,7.9155974416959607,12.422195576026468,64,4.5291841753132758,74.768725123624563
agf,humidity,2024,0,,4.5240209353360124,6.9642050567426859,64,4.5240209353360124,0
agf,humidity,2024,0.10000000000000001,11,5.3533809224463766,8.6337993463122817,64,4.5240209353360124,18.332364039972472
agf,humidity,2024,0.10000000000000001,22,5.3506096080527641,8.6148467509193605,64,4.5240209353360124,18.271106268772371
agf,humidity,2024,0.10000000000000001,33,5.3431936201717081,8.623372171102055,64,4.5240209353360124,18.107181565791187
agf,humidity,2024,0.20000000000000001,11,6.1868537533058161,10.003184958850794,64,4.5240209353360124,36.755639324783559
agf,humidity,2024,0.20000000000000001,22,6.191485567658674,10.019340940373349,64,4.5240209353360124,36.858022015294132
agf,humidity,2024,0.20000000000000001,33,6.1872097480178736,10.001868923280522,64,4.5240209353360124,36.763508313834372
agf,humidity,2024,0.29999999999999999,11,7.0445805950512295,11.248328197957468,64,4.5240209353360124,55.715030848503552
agf,humidity,2024,0.29999999999999999,22,7.0364620256344397,11.245798520650558,64,4.5240209353360124,55.535576121550868
agf,humidity,2024,0.29999999999999999,33,7.0481721583879944,11.272902340395602,64,4.5240209353360124,55.794419591130982
agf,humidity,2024,0.40000000000000002,11,7.9226675872657024,12.410512999412909,64,4.5240209353360124,75.124467824268891
agf,humidity,2024,0.40000000000000002,22,7.9245335730180768,12.418923725891462,64,4.5240209353360124,75.165714002813289
agf,humidity,2024,0.40000000000000002,33,7.9415729777125916,12.441985765308379,64,4.5240209353360124,75.542356925957705
agf,humidity,2025,0,,4.6003122881278005,7.046142565050034,64,4.6003122881278005,0
agf,humidity,2025,0.10000000000000001,11,5.4217984820861602,8.6839163293416402,64,4.6003122881278005,17.857183219460993
agf,humidity,2025,0.10000000000000001,22,5.4157321019059363,8.6617421008944895,64,4.6003122881278005,17.725314341865861
agf,humidity,2025,0.10000000000000001,33,5.4102027649544953,8.6673216725750848,64,4.6003122881278005,17.605119524533364
agf,humidity,2025,0.20000000000000001,11,6.2416379549831618,10.017795474167263,64,4.6003122881278005,35.67857058511423
agf,humidity,2025,0.20000000000000001,22,6.2464332179467119,10.045319203236332,64,4.6003122881278005,35.782808355578766
agf,humidity,2025,0.20000000000000001,33,6.2449976686548325,10.027483304636512,64,4.6003122881278005,35.7516028807769
agf,humidity,2025,0.29999999999999999,11,7.0881327159683378,11.248731184742445,64,4.6003122881278005,54.079381398974789
agf,humidity,2025,0.29999999999999999,22,7.0803215736547527,11.246823558795494,64,4.6003122881278005,53.909585484602985
agf,humidity,2025,0.29999999999999999,33,7.0959751452586106,11.281278496283054,64,4.6003122881278005,54.249857418842232
agf,humidity,2025,0.40000000000000002,11,7.9532351906163967,12.386624792582436,64,4.6003122881278005,72.884680267068205
agf,humidity,2025,0.40000000000000002,22,7.9595284875370753,12.404930127915854,64,4.6003122881278005,73.021481782411385
agf,humidity,2025,0.40000000000000002,33,7.9729536333640381,12.422880222346119,64,4.6003122881278005,73.313312966603178
agf,component_of_wind,2021,0,,1.2409491821258858,1.9709740994042899,64,1.2409491821258858,0
agf,component_of_wind,2021,0.10000000000000001,11,1.4912217268967431,2.3989046936765885,64,1.2409491821258858,20.16783188027993
agf,component_of_wind,2021,0.10000000000000001,22,1.4916649931366888,2.3958978338136649,64,1.2409491821258858,20.203551815175743
agf,component_of_wind,2021,0.10000000000000001,33,1.4915467235920703,2.3998905344478008,64,1.2409491821258858,20.194021244035376
agf,component_of_wind,2021,0.20000000000000001,11,1.7516426070348838,2.7783120998982067,64,1.2409491821258858,41.153451911231592
agf,component_of_wind,2021,0.20000000000000001,22,1.756724581474354,2.7917599291938178,64,1.2409491821258858,41.562975082096983
agf,component_of_wind,2021,0.20000000000000001,33,1.7514142702330595,2.7823934394977479,64,1.2409491821258858,41.135051737790704
agf,component_of_wind,2021,0.29999999999999999,11,2.0277179243791892,3.1494389619862888,64,1.2409491821258858,63.400560924298269
agf,component_of_wind,2021,0.29999999999999999,22,2.0299463333069965,3.1530525765146109,64,1.2409491821258858,63.580133864101491
agf,component_of_wind,2021,0.29999999999999999,33,2.0219729382935938,3.1392112447481404,64,1.2409491821258858,62.937609969630358
agf,component_of_wind,2021,0.40000000000000002,11,2.3045536088725762,3.4834690443937331,64,1.2409491821258858,85.708942966110513
agf,component_of_wind,2021,0.40000000000000002,22,2.3050714098623311,3.4812667154553765,64,1.2409491821258858,85.750669170310729
agf,component_of_wind,2021,0.40000000000000002,33,2.3021843885905766,3.4807618668982139,64,1.2409491821258858,85.51802295777135
agf,component_of_wind,2022,0,,1.2581587141862229,2.0071688608020284,64,1.2581587141862229,0
agf,component_of_wind,2022,0.10000000000000001,11,1.5103332838791736,2.4373854721107091,64,1.2581587141862229,20.043144545245809
agf,component_of_wind,2022,0.10000000000000001,22,1.5110768434346309,2.4354530483737613,64,1.2581587141862229,20.102243572027835
agf,component_of_wind,2022,0.10000000000000001,33,1.5111640950369676,2.439129115951602,64,1.2581587141862229,20.109178436552689
agf,component_of_wind,2022,0.20000000000000001,11,1.7723869215892272,2.8180854276938518,64,1.2581587141862229,40.87148955095121
agf,component_of_wind,2022,0.20000000000000001,22,1.7772960220444318,2.8307502448233528,64,1.2581587141862229,41.261670884979473
agf,component_of_wind,2022,0.20000000000000001,33,1.7727304094718666,2.8230510780113081,64,1.2581587141862229,40.898790389769601
agf,component_of_wind,2022,0.29999999999999999,11,2.0490254663036893,3.1890039630266687,64,1.2581587141862229,62.859060880009807
agf,component_of_wind,2022,0.29999999999999999,22,2.0512713222103884,3.1929660007504643,64,1.2581587141862229,63.037564266059285
agf,component_of_wind,2022,0.29999999999999999,33,2.0441631258271555,3.1797123390154463,64,1.2581587141862229,62.472596086521584
agf,component_of_wind,2022,0.40000000000000002,11,2.3259403266025949,3.5211349456143748,64,1.2581587141862229,84.868594111118398
agf,component_of_wind,2022,0.40000000000000002,22,2.3269979673597043,3.5197214974476734,64,1.2581587141862229,84.952656697593738
agf,component_of_wind,2022,0.40000000000000002,33,2.3238678218831126,3.5186126710179724,64,1.2581587141862229,84.70386889035619
agf,component_of_wind,2023,0,,1.2346113994719008,1.9701819924836783,64,1.2346113994719008,0
agf,component_of_wind,2023,0.10000000000000001,11,1.4835902173795039,2.3970202222243286,64,1.2346113994719008,20.16657371008424
agf,component_of_wind,2023,0.10000000000000001,22,1.4834334381627936,2.3934957165934638,64,1.2346113994719008,20.153875040950165
agf,component_of_wind,2023,0.10000000000000001,33,1.4831217252340505,2.3951132295421464,64,1.2346113994719008,20.128627183294174
agf,component_of_wind,2023,0.20000000000000001,11,1.7423225470957109,2.774092592285188,64,1.2346113994719008,41.123154041909935
agf,component_of_wind,2023,0.20000000000000001,22,1.7477689878132263,2.78741999820393,64,1.2346113994719008,41.564300196873781
agf,component_of_wind,2023,0.20000000000000001,33,1.7424243938925059,2.7789282118922931,64,1.2346113994719008,41.131403341798055
agf,component_of_wind,2023,0.29999999999999999,11,2.016553733138688,3.1423256808205551,64,1.2346113994719008,63.335097505276508
agf,component_of_wind,2023,0.29999999999999999,22,2.0205897914079807,3.1489749864987093,64,1.2346113994719008,63.662006706910248
agf,component_of_wind,2023,0.29999999999999999,33,2.011923742466287,3.1340341270998211,64,1.2346113994719008,62.960081473966447
agf,component_of_wind,2023,0.40000000000000002,11,2.2937250811105527,3.4778844533393651,64,1.2346113994719008,85.785185694193558
agf,component_of_wind,2023,0.40000000000000002,22,2.294682956595401,3.475425759364867,64,1.2346113994719008,85.862770874863159
agf,component_of_wind,2023,0.40000000000000002,33,2.2916356789990751,3.474946794519862,64,1.2346113994719008,85.615950085938891
agf,component_of_wind,2024,0,,1.2322564329229295,1.967067502701195,64,1.2322564329229295,0
agf,component_of_wind,2024,0.10000000000000001,11,1.4835498514278942,2.3946286651875863,64,1.2322564329229295,20.392948398645629
agf,component_of_wind,2024,0.10000000000000001,22,1.4835133128373397,2.3912568783656281,64,1.2322564329229295,20.389983221140518
agf,component_of_wind,2024,0.10000000000000001,33,1.4838002092940112,2.3947795235966862,64,1.2322564329229295,20.413265425153117
agf,component_of_wind,2024,0.20000000000000001,11,1.7444306951025217,2.7728770026807013,64,1.2322564329229295,41.563934948564807
agf,component_of_wind,2024,0.20000000000000001,22,1.7498649655664549,2.7857315276727843,64,1.2322564329229295,42.004936538716223
agf,component_of_wind,2024,0.20000000000000001,33,1.7439671985092933,2.7769502026363444,64,1.2322564329229295,41.526321300882032
agf,component_of_wind,2024,0.29999999999999999,11,2.0202693852761691,3.1417472942723585,64,1.2322564329229295,63.948779758776467
agf,component_of_wind,2024,0.29999999999999999,22,2.0234446877915357,3.1469000643467284,64,1.2322564329229295,64.206461717703988
agf,component_of_wind,2024,0.29999999999999999,33,2.0150910675854967,3.132570922092865,64,1.2322564329229295,63.528549232700861
agf,component_of_wind,2024,0.40000000000000002,11,2.2969945998744983,3.4740949930780718,64,1.2322564329229295,86.405567745829856
agf,component_of_wind,2024,0.40000000000000002,22,2.2974924272596127,3.4718226924608282,64,1.2322564329229295,86.445967403872913
agf,component_of_wind,2024,0.40000000000000002,33,2.2952699019798843,3.471682384746956,64,1.2322564329229295,86.265605165920832
agf,component_of_wind,2025,0,,1.3248921968863945,2.1932458574180065,64,1.3248921968863945,0
agf,component_of_wind,2025,0.10000000000000001,11,1.5873911622081411,2.6308842985688852,64,1.3248921968863945,19.812854656298921
agf,component_of_wind,2025,0.10000000000000001,22,1.5863082583673649,2.6242374040151715,64,1.3248921968863945,19.731119414494241
agf,component_of_wind,2025,0.10000000000000001,33,1.5875570098937717,2.6303865578993446,64,1.3248921968863945,19.825372481222335
agf,component_of_wind,2025,0.20000000000000001,11,1.8514569030753389,3.0032973833108492,64,1.3248921968863945,39.743966145050535
agf,component_of_wind,2025,0.20000000000000001,22,1.8557535808992456,3.0133811308569247,64,1.3248921968863945,40.068270102308666
agf,component_of_wind,2025,0.20000000000000001,33,1.8518431515250893,3.0083959756214043,64,1.3248921968863945,39.773119343375491
agf,component_of_wind,2025,0.29999999999999999,11,2.1249041390530898,3.3569867083507448,64,1.3248921968863945,60.383172611838873
agf,component_of_wind,2025,0.29999999999999999,22,2.1281812449210791,3.3624764131765832,64,1.3248921968863945,60.630521481104658
agf,component_of_wind,2025,0.29999999999999999,33,2.1199611337141846,3.3497345514831598,64,1.3248921968863945,60.01008525042775
agf,component_of_wind,2025,0.40000000000000002,11,2.3931521026642719,3.6679534882478775,64,1.3248921968863945,80.629949235747361
agf,component_of_wind,2025,0.40000000000000002,22,2.3964981923933109,3.6691319012837296,64,1.3248921968863945,80.882504857774776
agf,component_of_wind,2025,0.40000000000000002,33,2.3929284030372693,3.6673886013909502,64,1.3248921968863945,80.613064871304104
agf,cloud_cover,2021,0,,0.1468612368216213,0.2499031149300143,64,0.1468612368216213,0
agf,cloud_cover,2021,0.10000000000000001,11,0.15718271534994219,0.2553913898325027,64,0.1468612368216213,7.0280482118351362
agf,cloud_cover,2021,0.10000000000000001,22,0.15715149993000441,0.25523677112557541,64,0.1468612368216213,7.0067931682216154
agf,cloud_cover,2021,0.10000000000000001,33,0.15717911207379601,0.25540312937000331,64,0.1468612368216213,7.025594687525949
agf,cloud_cover,2021,0.20000000000000001,11,0.1688538001564362,0.26171696776821679,64,0.1468612368216213,14.975063407321889
agf,cloud_cover,2021,0.20000000000000001,22,0.1691736027600162,0.26200108396536748,64,0.1468612368216213,15.192821755611142
agf,cloud_cover,2021,0.20000000000000001,33,0.16917985507702341,0.26195335481371618,64,0.1468612368216213,15.19707905123424
agf,cloud_cover,2021,0.29999999999999999,11,0.18251204136699539,0.26923270877848399,64,0.1468612368216213,24.275162947644134
agf,cloud_cover,2021,0.29999999999999999,22,0.1829162008659182,0.26978042476780167,64,0.1468612368216213,24.550361160371725
agf,cloud_cover,2021,0.29999999999999999,33,0.18309665676876341,0.269601328031911,64,0.1468612368216213,24.673236268024823
agf,cloud_cover,2021,0.40000000000000002,11,0.19943897723953791,0.27939954230548292,64,0.1468612368216213,35.800965289280448
agf,cloud_cover,2021,0.40000000000000002,22,0.19914999185942861,0.27915478701036162,64,0.1468612368216213,35.60419084670896
agf,cloud_cover,2021,0.40000000000000002,33,0.1991745018788719,0.27909349433216851,64,0.1468612368216213,35.62088008341555
agf,cloud_cover,2022,0,,0.14901479834711981,0.25092692527042082,64,0.14901479834711981,0
agf,cloud_cover,2022,0.10000000000000001,11,0.1613342012786915,0.25728809306600448,64,0.14901479834711981,8.2672345755047125
agf,cloud_cover,2022,0.10000000000000001,22,0.16135054044015831,0.25724024703180898,64,0.14901479834711981,8.2781993666851896
agf,cloud_cover,2022,0.10000000000000001,33,0.16137820619214449,0.25736328401830488,64,0.14901479834711981,8.2967651415565946
agf,cloud_cover,2022,0.20000000000000001,11,0.17518950406954059,0.26490117906754701,64,0.14901479834711981,17.565172058582124
agf,cloud_cover,2022,0.20000000000000001,22,0.17537302108820541,0.26512407721778358,64,0.14901479834711981,17.688325611585132
agf,cloud_cover,2022,0.20000000000000001,33,0.17516848841391189,0.26467818657850328,64,0.14901479834711981,17.551068992402197
agf,cloud_cover,2022,0.29999999999999999,11,0.19059542996454101,0.27354479282929212,64,0.14901479834711981,27.903692840332496
agf,cloud_cover,2022,0.29999999999999999,22,0.19102040495776379,0.27406704362318418,64,0.14901479834711981,28.188882632176423
agf,cloud_cover,2022,0.29999999999999999,33,0.19127576136086569,0.27388629303532169,64,0.14901479834711981,28.360245749084445
agf,cloud_cover,2022,0.40000000000000002,11,0.20886893893102371,0.28457028043975768,64,0.14901479834711981,40.166574895788337
agf,cloud_cover,2022,0.40000000000000002,22,0.20868617972392181,0.28436782310420861,64,0.14901479834711981,40.043929890641806
agf,cloud_cover,2022,0.40000000000000002,33,0.20861050571958609,0.28422309111753452,64,0.14901479834711981,39.993147011910899
agf,cloud_cover,2023,0,,0.1466572444087054,0.24415392749617129,64,0.1466572444087054,0
agf,cloud_cover,2023,0.10000000000000001,11,0.15817078592488079,0.25002308092548747,64,0.1466572444087054,7.8506462893094264
agf,cloud_cover,2023,0.10000000000000001,22,0.1582062589209082,0.24991733990987461,64,0.1466572444087054,7.8748339768460296
agf,cloud_cover,2023,0.10000000000000001,33,0.15828483599398169,0.2500759754300319,64,0.1466572444087054,7.9284126959814127
agf,cloud_cover,2023,0.20000000000000001,11,0.17126274012900919,0.25683697587394649,64,0.1466572444087054,16.777552189466395
agf,cloud_cover,2023,0.20000000000000001,22,0.171413600699869,0.25703166932121491,64,0.1466572444087054,16.880418277990074
agf,cloud_cover,2023,0.20000000000000001,33,0.1714107876152676,0.25699381164915969,64,0.1466572444087054,16.878500142535692
agf,cloud_cover,2023,0.29999999999999999,11,0.1860562240355724,0.26493187022045578,64,0.1466572444087054,26.864666512531542
agf,cloud_cover,2023,0.29999999999999999,22,0.18638481840751331,0.26550404133277178,64,0.1466572444087054,27.088722523719923
agf,cloud_cover,2023,0.29999999999999999,33,0.18661047574437359,0.26521830376405131,64,0.1466572444087054,27.242589683688777
agf,cloud_cover,2023,0.40000000000000002,11,0.20352675563039679,0.2753278711725351,64,0.1466572444087054,38.777157890139513
agf,cloud_cover,2023,0.40000000000000002,22,0.20327695858427811,0.27513341919894913,64,0.1466572444087054,38.606830780063277
agf,cloud_cover,2023,0.40000000000000002,33,0.20338343190343261,0.27512721079166702,64,0.1466572444087054,38.679430888966081
agf,cloud_cover,2024,0,,0.14808383152992141,0.25094244395145049,64,0.14808383152992141,0
agf,cloud_cover,2024,0.10000000000000001,11,0.158692949938711,0.25617813611235341,64,0.14808383152992141,7.1642651997736895
agf,cloud_cover,2024,0.10000000000000001,22,0.15865335065565961,0.2560713480166108,64,0.14808383152992141,7.1375240743974055
agf,cloud_cover,2024,0.10000000000000001,33,0.1587089942291299,0.25615953797362301,64,0.14808383152992141,7.175099799508966
agf,cloud_cover,2024,0.20000000000000001,11,0.17041478655545461,0.26232910928804271,64,0.14808383152992141,15.079941405366103
agf,cloud_cover,2024,0.20000000000000001,22,0.17073139691452369,0.2627292638308209,64,0.14808383152992141,15.293746218354864
agf,cloud_cover,2024,0.20000000000000001,33,0.1706810600189593,0.26251146298877148,64,0.14808383152992141,15.259754056587882
agf,cloud_cover,2024,0.29999999999999999,11,0.18368391516742119,0.26981731863439051,64,0.14808383152992141,24.040493327123656
agf,cloud_cover,2024,0.29999999999999999,22,0.1839629400019854,0.27009124193608752,64,0.14808383152992141,24.22891689212836
agf,cloud_cover,2024,0.29999999999999999,33,0.1842522770832033,0.27013316078333027,64,0.14808383152992141,24.424304246864281
agf,cloud_cover,2024,0.40000000000000002,11,0.199451232011711,0.27929990048217451,64,0.14808383152992141,34.688054699213012
agf,cloud_cover,2024,0.40000000000000002,22,0.1992603619271259,0.27918165732709821,64,0.14808383152992141,34.559161434760654
agf,cloud_cover,2024,0.40000000000000002,33,0.19917195209624569,0.27888086435520482,64,0.14808383152992141,34.499458879818093
agf,cloud_cover,2025,0,,0.1514499768274693,0.24956519789218509,64,0.1514499768274693,0
agf,cloud_cover,2025,0.10000000000000001,11,0.16525969913088071,0.25954004765564198,64,0.1514499768274693,9.1183390005686444
agf,cloud_cover,2025,0.10000000000000001,22,0.16524314383508451,0.25945637259286009,64,0.1514499768274693,9.1074078032565406
agf,cloud_cover,2025,0.10000000000000001,33,0.16520681185374991,0.25944010926635169,64,0.1514499768274693,9.0834183764532757
agf,cloud_cover,2025,0.20000000000000001,11,0.17948260908821109,0.26963461720823351,64,0.1514499768274693,18.509499207567597
agf,cloud_cover,2025,0.20000000000000001,22,0.17953638128659569,0.2697262188443339,64,0.1514499768274693,18.545004131048625
agf,cloud_cover,2025,0.20000000000000001,33,0.17968934921801369,0.26983939156941439,64,0.1514499768274693,18.6460064122125
agf,cloud_cover,2025,0.29999999999999999,11,0.19405943169450279,0.27956623607053188,64,0.1514499768274693,28.134342282253265
agf,cloud_cover,2025,0.29999999999999999,22,0.19440318883603899,0.2799934470548105,64,0.1514499768274693,28.361319630640523
agf,cloud_cover,2025,0.29999999999999999,33,0.19454838651891271,0.27986307751685829,64,0.1514499768274693,28.457191340835088
agf,cloud_cover,2025,0.40000000000000002,11,0.20989040444063289,0.29044393048247619,64,0.1514499768274693,38.587280656859043
agf,cloud_cover,2025,0.40000000000000002,22,0.20991039015096169,0.29057133675072738,64,0.1514499768274693,38.600476902079663
agf,cloud_cover,2025,0.40000000000000002,33,0.20979554722100599,0.29019605957834999,64,0.1514499768274693,38.524647950262448
