dataset,seed,ratio,relative_mae_change_percent,absolute_mae,clean_mae_same_subset,n_mask_draws,n_examples
cloud_cover,2021,0,0,0.1468612368216213,0.1468612368216213,1,64
cloud_cover,2021,0.10000000000000001,7.0201453558609002,0.15717110911791421,0.1468612368216213,3,64
cloud_cover,2021,0.20000000000000001,15.121654738055758,0.16906908599782525,0.1468612368216213,3,64
cloud_cover,2021,0.29999999999999999,24.499586792013559,0.182841633000559,0.1468612368216213,3,64
cloud_cover,2021,0.40000000000000002,35.675345406468317,0.19925449032594614,0.1468612368216213,3,64
cloud_cover,2022,0,0,0.14901479834711981,0.14901479834711981,1,64
cloud_cover,2022,0.10000000000000001,8.2807330279154989,0.16135431597033142,0.14901479834711981,3,64
cloud_cover,2022,0.20000000000000001,17.601522220856484,0.17524367119055262,0.14901479834711981,3,64
cloud_cover,2022,0.29999999999999999,28.15094040719779,0.19096386542772348,0.14901479834711981,3,64
cloud_cover,2022,0.40000000000000002,40.067883932780347,0.20872187479151053,0.14901479834711981,3,64
cloud_cover,2023,0,0,0.1466572444087054,0.1466572444087054,1,64
cloud_cover,2023,0.10000000000000001,7.884630987378956,0.15822062694659023,0.1466572444087054,3,64
cloud_cover,2023,0.20000000000000001,16.845490203330723,0.17136237614804858,0.1466572444087054,3,64
cloud_cover,2023,0.29999999999999999,27.065326239980081,0.18635050606248646,0.1466572444087054,3,64
cloud_cover,2023,0.40000000000000002,38.687806519722955,0.20339571537270251,0.1466572444087054,3,64
cloud_cover,2024,0,0,0.14808383152992141,0.14808383152992141,1,64
cloud_cover,2024,0.10000000000000001,7.1589630245600206,0.15868509827450017,0.14808383152992141,3,64
cloud_cover,2024,0.20000000000000001,15.211147226769617,0.17060908116297921,0.14808383152992141,3,64
cloud_cover,2024,0.29999999999999999,24.231238155372097,0.18396637741753663,0.14808383152992141,3,64
cloud_cover,2024,0.40000000000000002,34.582225004597255,0.19929451534502754,0.14808383152992141,3,64
cloud_cover,2025,0,0,0.1514499768274693,0.1514499768274693,1,64
cloud_cover,2025,0.10000000000000001,9.1030550600928208,0.16523655160657172,0.1514499768274693,3,64
cloud_cover,2025,0.20000000000000001,18.566836583609575,0.17956944653094017,0.1514499768274693,3,64
cloud_cover,2025,0.29999999999999999,28.31761775124296,0.19433700234981818,0.1514499768274693,3,64
cloud_cover,2025,0.40000000000000002,38.570801836400385,0.20986544727086687,0.1514499768274693,3,64
component_of_wind,2021,0,0,1.2409491821258858,1.2409491821258858,1,64
component_of_wind,2021,0.10000000000000001,20.188468313163682,1.4914778145418339,1.2409491821258858,3,64
component_of_wind,2021,0.20000000000000001,41.283826243706422,1.7532604862474326,1.2409491821258858,3,64
component_of_wind,2021,0.29999999999999999,63.306101586010037,2.0265457319932598,1.2409491821258858,3,64
component_of_wind,2021,0.40000000000000002,85.659211698064198,2.3039364691084945,1.2409491821258858,3,64
component_of_wind,2022,0,0,1.2581587141862229,1.2581587141862229,1,64
component_of_wind,2022,0.10000000000000001,20.084855517942113,1.510858074116924,1.2581587141862229,3,64
component_of_wind,2022,0.20000000000000001,41.010650275233424,1.7741377843685084,1.2581587141862229,3,64
component_of_wind,2022,0.29999999999999999,62.789740410863566,2.0481533047804112,1.2581587141862229,3,64
component_of_wind,2022,0.40000000000000002,84.841706566356109,2.3256020386151373,1.2581587141862229,3,64
component_of_wind,2023,0,0,1.2346113994719008,1.2346113994719008,1,64
component_of_wind,2023,0.10000000000000001,20.149691978109527,1.4833817935921161,1.2346113994719008,3,64
component_of_wind,2023,0.20000000000000001,41.272952526860593,1.7441719762671477,1.2346113994719008,3,64
component_of_wind,2023,0.29999999999999999,63.319061895384401,2.0163557556709852,1.2346113994719008,3,64
component_of_wind,2023,0.40000000000000002,85.754635551665203,2.2933479055683428,1.2346113994719008,3,64
component_of_wind,2024,0,0,1.2322564329229295,1.2322564329229295,1,64
component_of_wind,2024,0.10000000000000001,20.398732348313089,1.4836211245197484,1.2322564329229295,3,64
component_of_wind,2024,0.20000000000000001,41.698397596054356,1.7460876197260899,1.2322564329229295,3,64
component_of_wind,2024,0.29999999999999999,63.894596903060439,2.0196017135510673,1.2322564329229295,3,64
component_of_wind,2024,0.40000000000000002,86.372380105207867,2.2965856430379983,1.2322564329229295,3,64
component_of_wind,2025,0,0,1.3248921968863945,1.3248921968863945,1,64
component_of_wind,2025,0.10000000000000001,19.789782184005166,1.5870854768230924,1.3248921968863945,3,64
component_of_wind,2025,0.20000000000000001,39.861785196911562,1.8530178784998912,1.3248921968863945,3,64
component_of_wind,2025,0.29999999999999999,60.34125978112376,2.1243488392294512,1.3248921968863945,3,64
component_of_wind,2025,0.40000000000000002,80.708506321608752,2.3941928993649508,1.3248921968863945,3,64
humidity,2021,0,0,4.5149182595778257,4.5149182595778257,1,64
humidity,2021,0.10000000000000001,17.800251347371496,5.3185850579110499,4.5149182595778257,3,64
humidity,2021,0.20000000000000001,36.059950178275017,6.1429955345714307,4.5149182595778257,3,64
humidity,2021,0.29999999999999999,54.816552500132303,6.9898407976773642,4.5149182595778257,3,64
humidity,2021,0.40000000000000002,74.405515757800472,7.8742664766598152,4.5149182595778257,3,64
humidity,2022,0,0,4.4916726324105793,4.4916726324105793,1,64
humidity,2022,0.10000000000000001,18.412684280684758,5.3187101331382616,4.4916726324105793,3,64
humidity,2022,0.20000000000000001,37.270336529923647,6.165734138332482,4.4916726324105793,3,64
humidity,2022,0.29999999999999999,56.398016128568429,7.0248868880799931,4.4916726324105793,3,64
humidity,2022,0.40000000000000002,76.307622997372604,7.9191612510266056,4.4916726324105793,3,64
humidity,2023,0,0,4.5291841753132758,4.5291841753132758,1,64
humidity,2023,0.10000000000000001,17.866638950979269,5.3383971593413868,4.5291841753132758,3,64
humidity,2023,0.20000000000000001,36.233080180309877,6.1702471090684412,4.5291841753132758,3,64
humidity,2023,0.29999999999999999,54.944086287353777,7.017703036710575,4.5291841753132758,3,64
humidity,2023,0.40000000000000002,74.484543224905096,7.9027263201100544,4.5291841753132758,3,64
humidity,2024,0,0,4.5240209353360124,4.5240209353360124,1,64
humidity,2024,0.10000000000000001,18.236883958178677,5.3490613835569496,4.5240209353360124,3,64
humidity,2024,0.20000000000000001,36.792389884637352,6.1885163563274546,4.5240209353360124,3,64
humidity,2024,0.29999999999999999,55.681675520395139,7.0430715930245542,4.5240209353360124,3,64
humidity,2024,0.40000000000000002,75.277512917679971,7.9295913793321233,4.5240209353360124,3,64
humidity,2025,0,0,4.6003122881278005,4.6003122881278005,1,64
humidity,2025,0.10000000000000001,17.729205695286741,5.4159111163155309,4.6003122881278005,3,64
humidity,2025,0.20000000000000001,35.737660607156634,6.244356280528236,4.6003122881278005,3,64
humidity,2025,0.29999999999999999,54.079608100806666,7.0881431449605676,4.6003122881278005,3,64
humidity,2025,0.40000000000000002,73.073158338694256,7.9619057705058367,4.6003122881278005,3,64
temperature,2021,0,0,1.3298430461339497,1.3298430461339497,1,64
temperature,2021,0.10000000000000001,108.38516196655631,2.771195585587217,1.3298430461339497,3,64
temperature,2021,0.20000000000000001,218.74062090801169,4.2387499823493675,1.3298430461339497,3,64
temperature,2021,0.29999999999999999,330.44174499221634,5.7241996134366175,1.3298430461339497,3,64
temperature,2021,0.40000000000000002,445.50320618047044,7.2543364538287278,1.3298430461339497,3,64
temperature,2022,0,0,1.3869567794220832,1.3869567794220832,1,64
temperature,2022,0.10000000000000001,104.74103617633307,2.8396696815066709,1.3869567794220832,3,64
temperature,2022,0.20000000000000001,210.51937323937446,4.306769498562466,1.3869567794220832,3,64
temperature,2022,0.29999999999999999,317.13648178979707,5.7855027136263537,1.3869567794220832,3,64
temperature,2022,0.40000000000000002,426.18613234154463,7.2979742348899075,1.3869567794220832,3,64
temperature,2023,0,0,1.2903413889774431,1.2903413889774431,1,64
temperature,2023,0.10000000000000001,110.07929936948578,2.7107401494383034,1.2903413889774431,3,64
temperature,2023,0.20000000000000001,222.47478296331585,4.1610255935908453,1.2903413889774431,3,64
temperature,2023,0.29999999999999999,336.18710004541509,5.628302685266438,1.2903413889774431,3,64
temperature,2023,0.40000000000000002,453.68890262843223,7.1444770767896744,1.2903413889774431,3,64
temperature,2024,0,0,1.1111417720482375,1.1111417720482375,1,64
temperature,2024,0.10000000000000001,136.85558918846485,2.6318013909040019,1.1111417720482375,3,64
temperature,2024,0.20000000000000001,274.75930294625277,4.1641071596726151,1.1111417720482375,3,64
temperature,2024,0.29999999999999999,413.33414373861979,5.7038701012659461,1.1111417720482375,3,64
temperature,2024,0.40000000000000002,554.59505521026006,7.2734790962034213,1.1111417720482375,3,64
temperature,2025,0,0,1.3556108928460162,1.3556108928460162,1,64
temperature,2025,0.10000000000000001,111.5476962602375,2.867763614068584,1.3556108928460162,3,64
temperature,2025,0.20000000000000001,223.46442099013291,4.3849189254235377,1.3556108928460162,3,64
temperature,2025,0.29999999999999999,335.64755024426944,5.9056856455281377,1.3556108928460162,3,64
temperature,2025,0.40000000000000002,449.75439430498437,7.4525304530980065,1.3556108928460162,3,64
