dataset,seed,n_scalar_gates,mean,population_std,min,max,n_test_examples,gate_channels,input_steps,nodes
temperature,2021,129171456,0.61558167542659548,0.2330834362194808,0.0013982767704874,0.99670153856277477,657,8,12,2048
temperature,2022,129171456,0.62296274421457598,0.27056116976647698,0.0010302582522854001,1,657,8,12,2048
temperature,2023,129171456,0.62596046439208319,0.139334010310975,0.13312676548957819,0.98253113031387318,657,8,12,2048
temperature,2024,129171456,0.57889105431488863,0.15121906560434961,0.0426682345569133,0.97457742691040039,657,8,12,2048
temperature,2025,129171456,0.55730632310196437,0.13810331701621309,0.0640123561024665,0.96443295478820801,657,8,12,2048
humidity,2021,129171456,0.58526149604583755,0.24118663270714491,0.0018303241813555,0.99953091144561756,657,8,12,2048
humidity,2022,129171456,0.56846321704434177,0.2130335568844087,0.0088487342000007005,0.99917358160018921,657,8,12,2048
humidity,2023,129171456,0.66436238843594475,0.2368616225270673,0.0164164397865533,0.99903881549835205,657,8,12,2048
humidity,2024,129171456,0.52358687703782625,0.24171578504436661,0.0017700695898382999,0.99805331230163563,657,8,12,2048
humidity,2025,129171456,0.51066489253443315,0.2568766449082458,0.0014414306497201,0.99927371740341198,657,8,12,2048
component_of_wind,2021,129171456,0.49502797133629639,0.11331147966520901,0.099437095224857303,0.89885580539703369,657,8,12,2048
component_of_wind,2022,129171456,0.5045118950994476,0.14390806770068501,0.070456944406032507,0.95408791303634644,657,8,12,2048
component_of_wind,2023,129171456,0.51289942028623114,0.1209589119485474,0.059991247951984399,0.91770714521408081,657,8,12,2048
component_of_wind,2024,129171456,0.49538693064869771,0.1240645154235489,0.084451414644718101,0.95287430286407482,657,8,12,2048
component_of_wind,2025,129171456,0.53038335492714317,0.1427399888042428,0.048645962029695497,0.94179165363311756,657,8,12,2048
cloud_cover,2021,129171456,0.463235556489761,0.2173218296270589,0.0174651686102151,0.98498302698135376,657,8,12,2048
cloud_cover,2022,129171456,0.44158098057747508,0.21800637197935541,0.0087798815220594007,0.9969766139984132,657,8,12,2048
cloud_cover,2023,129171456,0.54523092448035981,0.1869561166095246,0.041786000132560702,0.97985327243804921,657,8,12,2048
cloud_cover,2024,129171456,0.46031140674638799,0.19581527026395751,0.0022761251311748999,0.97630137205123901,657,8,12,2048
cloud_cover,2025,129171456,0.4666172871584251,0.2044104902582855,0.010092272423207699,0.97016876935958862,657,8,12,2048
