dataset,bin_left,bin_right,count,density
temperature,0,0.01,88480,0.013699621067985793
temperature,0.01,0.02,237145,0.036717864355419204
temperature,0.02,0.029999999999999999,330461,0.05116625765989663
temperature,0.029999999999999999,0.040000000000000001,423001,0.065494500580685552
temperature,0.040000000000000001,0.050000000000000003,475020,0.073548756777968016
temperature,0.050000000000000003,0.059999999999999998,497874,0.077087309443968841
temperature,0.059999999999999998,0.070000000000000007,497147,0.076974745875745113
temperature,0.070000000000000007,0.080000000000000002,517105,0.08006490226447556
temperature,0.080000000000000002,0.089999999999999997,555476,0.086005998105339973
temperature,0.089999999999999997,0.10000000000000001,676557,0.10475332878495995
temperature,0.10000000000000001,0.11,790265,0.12235907598657098
temperature,0.11,0.12,956709,0.1481300946240012
temperature,0.12,0.13,1061581,0.16436773771443733
temperature,0.13,0.14000000000000001,1193768,0.18483464334411448
temperature,0.14000000000000001,0.14999999999999999,1250389,0.19360144086322018
temperature,0.14999999999999999,0.16,1285517,0.19904041338668488
temperature,0.16,0.17000000000000001,1384042,0.21429533162496811
temperature,0.17000000000000001,0.17999999999999999,1403195,0.21726084747391913
temperature,0.17999999999999999,0.19,1510439,0.23386575436604176
temperature,0.19,0.20000000000000001,1601060,0.24789687281995157
temperature,0.20000000000000001,0.20999999999999999,1658978,0.25686448869942335
temperature,0.20999999999999999,0.22,1832516,0.28373389241660296
temperature,0.22,0.23000000000000001,1947429,0.30152621334546204
temperature,0.23000000000000001,0.23999999999999999,2107380,0.32629190151731413
temperature,0.23999999999999999,0.25,2280473,0.3530924045634351
temperature,0.25,0.26000000000000001,2431261,0.37643935824335645
temperature,0.26000000000000001,0.27000000000000002,2624137,0.40630292190869127
temperature,0.27000000000000002,0.28000000000000003,2892540,0.44786055519882007
temperature,0.28000000000000003,0.28999999999999998,3053290,0.47274995491264171
temperature,0.28999999999999998,0.29999999999999999,3405637,0.52730488692486321
temperature,0.29999999999999999,0.31,3642207,0.56393372232329664
temperature,0.31,0.32000000000000001,3857091,0.59720484996313683
temperature,0.32000000000000001,0.33000000000000002,4134104,0.64009559511352043
temperature,0.33000000000000002,0.34000000000000002,4357886,0.67474442650859268
temperature,0.34000000000000002,0.34999999999999998,4702184,0.72805310795599021
temperature,0.34999999999999998,0.35999999999999999,5074927,0.78576601319721839
temperature,0.35999999999999999,0.37,5486093,0.84942806559368578
temperature,0.37,0.38,5931053,0.91832254333341168
temperature,0.38,0.39000000000000001,6314508,0.97769401933504485
temperature,0.39000000000000001,0.40000000000000002,6844576,1.0597660213723989
temperature,0.40000000000000002,0.40999999999999998,7434725,1.1511405430004653
temperature,0.40999999999999998,0.41999999999999998,7897482,1.2227905830836177
temperature,0.41999999999999998,0.42999999999999999,8553264,1.3243272569444433
temperature,0.42999999999999999,0.44,9036576,1.399159888698629
temperature,0.44,0.45000000000000001,9477302,1.4673988036490029
temperature,0.45000000000000001,0.46000000000000002,10294362,1.5939066290311057
temperature,0.46000000000000002,0.46999999999999997,10980855,1.7001983781927874
temperature,0.46999999999999997,0.47999999999999998,11633412,1.8012357157296406
temperature,0.47999999999999998,0.48999999999999999,12156949,1.8822965036486061
temperature,0.48999999999999999,0.5,12894617,1.9965118299820031
temperature,0.5,0.51000000000000001,13164273,2.0382634689818762
temperature,0.51000000000000001,0.52000000000000002,13494525,2.0893973665513204
temperature,0.52000000000000002,0.53000000000000003,13878871,2.148906798728039
temperature,0.53000000000000003,0.54000000000000004,14141193,2.1895228927356811
temperature,0.54000000000000004,0.55000000000000004,14361218,2.2235900166674574
temperature,0.55000000000000004,0.56000000000000005,14885864,2.3048225143486789
temperature,0.56000000000000005,0.57000000000000006,14970906,2.317989819670375
temperature,0.57000000000000006,0.57999999999999996,14788245,2.2897078747800368
temperature,0.57999999999999996,0.58999999999999997,14599537,2.2604896549280959
temperature,0.58999999999999997,0.59999999999999998,14545661,2.2521478739079921
temperature,0.59999999999999998,0.60999999999999999,14041733,2.1741232056716906
temperature,0.60999999999999999,0.62,13703776,2.1217963200786385
temperature,0.62,0.63,13377230,2.0712362334910877
temperature,0.63,0.64000000000000001,13254844,2.0522868457873522
temperature,0.64000000000000001,0.65000000000000002,12551260,1.9433488463581288
temperature,0.65000000000000002,0.66000000000000003,11904409,1.8431949857405012
temperature,0.66000000000000003,0.67000000000000004,11628367,1.800454583402697
temperature,0.67000000000000004,0.68000000000000005,11253158,1.7423598600607229
temperature,0.68000000000000005,0.69000000000000006,10981499,1.7002980906246021
temperature,0.69000000000000006,0.70000000000000007,10765800,1.6669007741152955
temperature,0.70000000000000007,0.70999999999999996,10373737,1.6061964959193626
temperature,0.70999999999999996,0.71999999999999997,10033602,1.5535323841205275
temperature,0.71999999999999997,0.72999999999999998,9586209,1.4842611977680258
temperature,0.72999999999999998,0.73999999999999999,9245661,1.4315331399531475
temperature,0.73999999999999999,0.75,8671476,1.342630371836947
temperature,0.75,0.76000000000000001,8251209,1.2775591845926073
temperature,0.76000000000000001,0.77000000000000002,8084998,1.2518242420368775
temperature,0.77000000000000002,0.78000000000000003,7611895,1.1785723000598511
temperature,0.78000000000000003,0.79000000000000004,7268089,1.1253397964330436
temperature,0.79000000000000004,0.80000000000000004,6706998,1.0384644112086179
temperature,0.80000000000000004,0.81000000000000005,6260239,0.96929138895825318
temperature,0.81000000000000005,0.82000000000000006,5837692,0.90386718254534426
temperature,0.82000000000000006,0.83000000000000007,5413156,0.8381350133577492
temperature,0.83000000000000007,0.83999999999999997,4906788,0.75973255267789974
temperature,0.83999999999999997,0.84999999999999998,4433441,0.68644283145650942
temperature,0.84999999999999998,0.85999999999999999,4056542,0.62808644039748163
temperature,0.85999999999999999,0.87,3704574,0.57359019008038381
temperature,0.87,0.88,3423621,0.53008940303343743
temperature,0.88,0.89000000000000001,3270661,0.50640615214556339
temperature,0.89000000000000001,0.90000000000000002,3237645,0.50129418685193061
temperature,0.90000000000000002,0.91000000000000003,3193848,0.49451296732305894
temperature,0.91000000000000003,0.92000000000000004,3209260,0.49689925303621213
temperature,0.92000000000000004,0.93000000000000005,3539492,0.54803005394628312
temperature,0.93000000000000005,0.93999999999999995,4373454,0.6771548661648662
temperature,0.93999999999999995,0.94999999999999996,5762404,0.89221011800006267
temperature,0.94999999999999996,0.95999999999999996,6027784,0.93329969122589973
temperature,0.95999999999999996,0.96999999999999997,5953673,0.92182486508474359
temperature,0.96999999999999997,0.97999999999999998,4354333,0.67419430497090571
temperature,0.97999999999999998,0.98999999999999999,4670474,0.72314335451943745
temperature,0.98999999999999999,1,16428911,2.5437370621571356
humidity,0,0.01,667227,0.10330873718726216
humidity,0.01,0.02,1450403,0.22457020225892629
humidity,0.02,0.029999999999999999,1666652,0.25805267690100209
humidity,0.029999999999999999,0.040000000000000001,1956628,0.30295052182426424
humidity,0.040000000000000001,0.050000000000000003,2034579,0.31501990656511597
humidity,0.050000000000000003,0.059999999999999998,2370358,0.3670095659524038
humidity,0.059999999999999998,0.070000000000000007,2541531,0.39351278969867731
humidity,0.070000000000000007,0.080000000000000002,2847682,0.4409150578901892
humidity,0.080000000000000002,0.089999999999999997,2654385,0.41098630954504395
humidity,0.089999999999999997,0.10000000000000001,3017439,0.46719903815282493
humidity,0.10000000000000001,0.11,3160304,0.48931925022196876
humidity,0.11,0.12,3173218,0.49131876317938256
humidity,0.12,0.13,3349176,0.51856286268074536
humidity,0.13,0.14000000000000001,3373857,0.52238429518050755
humidity,0.14000000000000001,0.14999999999999999,3682644,0.57019470307743636
humidity,0.14999999999999999,0.16,3540929,0.54825254892226305
humidity,0.16,0.17000000000000001,3543633,0.54867121726954859
humidity,0.17000000000000001,0.17999999999999999,3782030,0.5855829325017452
humidity,0.17999999999999999,0.19,4058870,0.62844689154854716
humidity,0.19,0.20000000000000001,4118931,0.63774631447987962
humidity,0.20000000000000001,0.20999999999999999,4044247,0.62618276904767689
humidity,0.20999999999999999,0.22,4339505,0.67189844171145618
humidity,0.22,0.23000000000000001,4449201,0.68888299904275996
humidity,0.23000000000000001,0.23999999999999999,4650388,0.72003337951071933
humidity,0.23999999999999999,0.25,4855255,0.75175354530338279
humidity,0.25,0.26000000000000001,4843765,0.74997451449335617
humidity,0.26000000000000001,0.27000000000000002,4924096,0.76241240169964419
humidity,0.27000000000000002,0.28000000000000003,5231465,0.81000325644699633
humidity,0.28000000000000003,0.28999999999999998,5351079,0.82852344716158122
humidity,0.28999999999999998,0.29999999999999999,5454898,0.8445980511360025
humidity,0.29999999999999999,0.31,5517248,0.85425188673262231
humidity,0.31,0.32000000000000001,5749134,0.89015548450580217
humidity,0.32000000000000001,0.33000000000000002,6045271,0.93600725534904472
humidity,0.33000000000000002,0.34000000000000002,6160182,0.95379926661196635
humidity,0.34000000000000002,0.34999999999999998,6183498,0.95740935210949829
humidity,0.34999999999999998,0.35999999999999999,6339235,0.98152257415136579
humidity,0.35999999999999999,0.37,6517191,1.0090760299241333
humidity,0.37,0.38,6760141,1.0466926996626862
humidity,0.38,0.39000000000000001,6840264,1.0590983816114907
humidity,0.39000000000000001,0.40000000000000002,6967440,1.0787894192351588
humidity,0.40000000000000002,0.40999999999999998,7361467,1.1397977893815852
humidity,0.40999999999999998,0.41999999999999998,7382739,1.1430913962911424
humidity,0.41999999999999998,0.42999999999999999,7484671,1.1588738304536867
humidity,0.42999999999999999,0.44,7481818,1.1584320919940692
humidity,0.44,0.45000000000000001,7705400,1.1930499567954074
humidity,0.45000000000000001,0.46000000000000002,7882141,1.22041529051124
humidity,0.46000000000000002,0.46999999999999997,8125406,1.258080732634931
humidity,0.46999999999999997,0.47999999999999998,8046228,1.2458213678415133
humidity,0.47999999999999998,0.48999999999999999,8033394,1.2438342415215933
humidity,0.48999999999999999,0.5,8102357,1.2545119875400326
humidity,0.5,0.51000000000000001,8176684,1.2660202576024213
humidity,0.51000000000000001,0.52000000000000002,8105273,1.2549634804766763
humidity,0.52000000000000002,0.53000000000000003,8200321,1.2696800444828913
humidity,0.53000000000000003,0.54000000000000004,8591219,1.3302039422703407
humidity,0.54000000000000004,0.55000000000000004,8543127,1.3227577151410281
humidity,0.55000000000000004,0.56000000000000005,8485500,1.3138351556554402
humidity,0.56000000000000005,0.57000000000000006,8498294,1.3158160886566135
humidity,0.57000000000000006,0.57999999999999996,8751168,1.3549693207762696
humidity,0.57999999999999996,0.58999999999999997,8773343,1.3584027418565279
humidity,0.58999999999999997,0.59999999999999998,9029050,1.3979946157764129
humidity,0.59999999999999998,0.60999999999999999,9143024,1.4156415485476903
humidity,0.60999999999999999,0.62,8900280,1.3780567744006837
humidity,0.62,0.63,9106647,1.4100091896463554
humidity,0.63,0.64000000000000001,9143228,1.4156731344732991
humidity,0.64000000000000001,0.65000000000000002,8970381,1.3889107203374702
humidity,0.65000000000000002,0.66000000000000003,9252244,1.4325524053859069
humidity,0.66000000000000003,0.67000000000000004,9417914,1.458203583305586
humidity,0.67000000000000004,0.68000000000000005,9350215,1.4477215461595465
humidity,0.68000000000000005,0.69000000000000006,9404170,1.4560755589841754
humidity,0.69000000000000006,0.70000000000000007,9331323,1.4447964417154191
humidity,0.70000000000000007,0.70999999999999996,8928112,1.3823660855847426
humidity,0.70999999999999996,0.71999999999999997,8933801,1.3832469303434951
humidity,0.71999999999999997,0.72999999999999998,9479098,1.4676768836607357
humidity,0.72999999999999998,0.73999999999999999,9341332,1.4463461648988445
humidity,0.73999999999999999,0.75,9015639,1.3959181508335698
humidity,0.75,0.76000000000000001,8874432,1.3740546518264829
humidity,0.76000000000000001,0.77000000000000002,8980885,1.3905370858403876
humidity,0.77000000000000002,0.78000000000000003,8713370,1.3491169442264384
humidity,0.78000000000000003,0.79000000000000004,8669874,1.3423823294211366
humidity,0.79000000000000004,0.80000000000000004,8562625,1.32577664836417
humidity,0.80000000000000004,0.81000000000000005,8406581,1.3016158926009151
humidity,0.81000000000000005,0.82000000000000006,8276496,1.281474445871384
humidity,0.82000000000000006,0.83000000000000007,7857001,1.216522789678858
humidity,0.83000000000000007,0.83999999999999997,8141911,1.2606362507828484
humidity,0.83999999999999997,0.84999999999999998,7607502,1.1778921188284808
humidity,0.84999999999999998,0.85999999999999999,7637725,1.182571635640616
humidity,0.85999999999999999,0.87,7571351,1.1722947521780653
humidity,0.87,0.88,7655652,1.1853473262699761
humidity,0.88,0.89000000000000001,7286689,1.1282196896503194
humidity,0.89000000000000001,0.90000000000000002,7018929,1.0867616139590459
humidity,0.90000000000000002,0.91000000000000003,7030224,1.0885104523401816
humidity,0.91000000000000003,0.92000000000000004,6553482,1.0146950731901627
humidity,0.92000000000000004,0.93000000000000005,6072761,0.94026361365780298
humidity,0.93000000000000005,0.93999999999999995,6115093,0.94681800288758267
humidity,0.93999999999999995,0.94999999999999996,6378399,0.98758645253638611
humidity,0.94999999999999996,0.95999999999999996,5839391,0.90413024375911577
humidity,0.95999999999999996,0.96999999999999997,5649733,0.87476493258696342
humidity,0.96999999999999997,0.97999999999999998,5032838,0.77924924837883613
humidity,0.97999999999999998,0.98999999999999999,4718324,0.73055211207033166
humidity,0.98999999999999999,1,2515025,0.38940878703109111
component_of_wind,0,0.01,0,0
component_of_wind,0.01,0.02,0,0
component_of_wind,0.02,0.029999999999999999,0,0
component_of_wind,0.029999999999999999,0.040000000000000001,0,0
component_of_wind,0.040000000000000001,0.050000000000000003,27,4.180490154109588e-06
component_of_wind,0.050000000000000003,0.059999999999999998,3684,0.0005704046565829531
component_of_wind,0.059999999999999998,0.070000000000000007,14509,0.0022464715424435544
component_of_wind,0.070000000000000007,0.080000000000000002,23811,0.0036867278170186471
component_of_wind,0.080000000000000002,0.089999999999999997,46480,0.0071966363838153252
component_of_wind,0.089999999999999997,0.10000000000000001,46494,0.0071988040453767064
component_of_wind,0.10000000000000001,0.11,67940,0.010519351891489098
component_of_wind,0.11,0.12,104998,0.016257152044488847
component_of_wind,0.12,0.13,170973,0.026472257152539931
component_of_wind,0.13,0.14000000000000001,259770,0.04022096027159433
component_of_wind,0.14000000000000001,0.14999999999999999,349152,0.054060240677321257
component_of_wind,0.14999999999999999,0.16,467818,0.072433649737601413
component_of_wind,0.16,0.17000000000000001,584782,0.090543533085204131
component_of_wind,0.17000000000000001,0.17999999999999999,705134,0.10917799053066357
component_of_wind,0.17999999999999999,0.19,873448,0.13523854681950775
component_of_wind,0.19,0.20000000000000001,1069143,0.16553858462352536
component_of_wind,0.20000000000000001,0.20999999999999999,1294327,0.20040449184067455
component_of_wind,0.20999999999999999,0.22,1601923,0.2480304936719144
component_of_wind,0.22,0.23000000000000001,1988120,0.30782652167364255
component_of_wind,0.23000000000000001,0.23999999999999999,2360164,0.36543119866977491
component_of_wind,0.23999999999999999,0.25,2715696,0.42047927368721427
component_of_wind,0.25,0.26000000000000001,3144611,0.4868894564446184
component_of_wind,0.26000000000000001,0.27000000000000002,3609108,0.55880890589326437
component_of_wind,0.27000000000000002,0.28000000000000003,4165038,0.64488519816638068
component_of_wind,0.28000000000000003,0.28999999999999998,4874833,0.75478486516402243
component_of_wind,0.28999999999999998,0.29999999999999999,5621399,0.87037789525264708
component_of_wind,0.29999999999999999,0.31,6274717,0.97153306067866796
component_of_wind,0.31,0.32000000000000001,6938863,1.0743647574894555
component_of_wind,0.32000000000000001,0.33000000000000002,7762145,1.2018359536026275
component_of_wind,0.33000000000000002,0.34000000000000002,8677613,1.3435805817656794
component_of_wind,0.34000000000000002,0.34999999999999998,9520892,1.474147972753368
component_of_wind,0.34999999999999998,0.35999999999999999,10316058,1.5972658851193859
component_of_wind,0.35999999999999999,0.37,11165990,1.7288633798476329
component_of_wind,0.37,0.38,12009837,1.8595187159615185
component_of_wind,0.38,0.39000000000000001,12895666,1.9966742497661387
component_of_wind,0.39000000000000001,0.40000000000000002,13630573,2.1104620822730351
component_of_wind,0.40000000000000002,0.40999999999999998,14351888,2.2221454250697721
component_of_wind,0.40999999999999998,0.41999999999999998,15110146,2.3395487622280866
component_of_wind,0.41999999999999998,0.42999999999999999,15907128,2.4629478512652185
component_of_wind,0.42999999999999999,0.44,16620081,2.5733364807779182
component_of_wind,0.44,0.45000000000000001,17328805,2.6830703216661091
component_of_wind,0.45000000000000001,0.46000000000000002,17965593,2.7816660981200032
component_of_wind,0.46000000000000002,0.46999999999999997,18440507,2.8551984426033079
component_of_wind,0.46999999999999997,0.47999999999999998,18926630,2.9304663098324113
component_of_wind,0.47999999999999998,0.48999999999999999,19209773,2.9743061810807463
component_of_wind,0.48999999999999999,0.5,19325970,2.9922973075413788
component_of_wind,0.5,0.51000000000000001,19417819,3.0065185608808163
component_of_wind,0.51000000000000001,0.52000000000000002,19357083,2.9971146256956307
component_of_wind,0.52000000000000002,0.53000000000000003,19267220,2.9832008706319737
component_of_wind,0.53000000000000003,0.54000000000000004,19149764,2.9650148094637849
component_of_wind,0.54000000000000004,0.55000000000000004,18866269,2.9211204370104777
component_of_wind,0.55000000000000004,0.56000000000000005,18250722,2.8258134676441182
component_of_wind,0.56000000000000005,0.57000000000000006,17559621,2.7188082481628113
component_of_wind,0.57000000000000006,0.57999999999999996,16900134,2.6166979181530898
component_of_wind,0.57999999999999996,0.58999999999999997,16232081,2.513261288933677
component_of_wind,0.58999999999999997,0.59999999999999998,15558097,2.4089063453771065
component_of_wind,0.59999999999999998,0.60999999999999999,14898222,2.3067359401755119
component_of_wind,0.60999999999999999,0.62,14066852,2.1780124550117304
component_of_wind,0.62,0.63,13067067,2.0232127754292697
component_of_wind,0.63,0.64000000000000001,12036062,1.8635792105649083
component_of_wind,0.64000000000000001,0.65000000000000002,11184761,1.7317697495025512
component_of_wind,0.65000000000000002,0.66000000000000003,10481597,1.622896779920169
component_of_wind,0.66000000000000003,0.67000000000000004,9696342,1.5013134171066387
component_of_wind,0.67000000000000004,0.68000000000000005,8932616,1.3830634532756203
component_of_wind,0.68000000000000005,0.69000000000000006,8086280,1.2520227379027131
component_of_wind,0.69000000000000006,0.70000000000000007,7239956,1.1209838805254302
component_of_wind,0.70000000000000007,0.70999999999999996,6416053,0.99341653313872469
component_of_wind,0.70999999999999996,0.71999999999999997,5775423,0.89422588841918682
component_of_wind,0.71999999999999997,0.72999999999999998,5245396,0.81216023453354824
component_of_wind,0.72999999999999998,0.73999999999999999,4701954,0.72801749637319191
component_of_wind,0.73999999999999999,0.75,4203420,0.65082799716990047
component_of_wind,0.75,0.76000000000000001,3662340,0.5670509744815444
component_of_wind,0.76000000000000001,0.77000000000000002,3131250,0.48482073315020879
component_of_wind,0.77000000000000002,0.78000000000000003,2632095,0.40753508267337291
component_of_wind,0.78000000000000003,0.79000000000000004,2215316,0.34300395282375667
component_of_wind,0.79000000000000004,0.80000000000000004,1854505,0.28713851456470357
component_of_wind,0.80000000000000004,0.81000000000000005,1542737,0.23886654958816886
component_of_wind,0.81000000000000005,0.82000000000000006,1311843,0.20311654611991042
component_of_wind,0.82000000000000006,0.83000000000000007,1064422,0.16480761817843087
component_of_wind,0.83000000000000007,0.83999999999999997,875694,0.13558630166714369
component_of_wind,0.83999999999999997,0.84999999999999998,724981,0.11225096045987115
component_of_wind,0.84999999999999998,0.85999999999999999,555253,0.085971470353326279
component_of_wind,0.85999999999999999,0.87,362993,0.056203283796692621
component_of_wind,0.87,0.88,253248,0.039211139649923864
component_of_wind,0.88,0.89000000000000001,181477,0.02809862265545723
component_of_wind,0.89000000000000001,0.90000000000000002,141237,0.021868143996147241
component_of_wind,0.90000000000000002,0.91000000000000003,112740,0.017455868887937577
component_of_wind,0.91000000000000003,0.92000000000000004,54986,0.0085136456153285071
component_of_wind,0.92000000000000004,0.93000000000000005,18984,0.0029393490772450506
component_of_wind,0.93000000000000005,0.93999999999999995,12188,0.0018871042221588221
component_of_wind,0.93999999999999995,0.94999999999999996,14995,0.002321720365217527
component_of_wind,0.94999999999999996,0.95999999999999996,928,0.00014368499492643317
component_of_wind,0.95999999999999996,0.96999999999999997,0,0
component_of_wind,0.96999999999999997,0.97999999999999998,0,0
component_of_wind,0.97999999999999998,0.98999999999999999,0,0
component_of_wind,0.98999999999999999,1,0,0
cloud_cover,0,0.01,30262,0.0046855552979134961
cloud_cover,0.01,0.02,253636,0.03927121484176814
cloud_cover,0.02,0.029999999999999999,378243,0.058564486568921242
cloud_cover,0.029999999999999999,0.040000000000000001,654818,0.10138741487902712
cloud_cover,0.040000000000000001,0.050000000000000003,978722,0.1515384327633498
cloud_cover,0.050000000000000003,0.059999999999999998,1488469,0.23046407404434627
cloud_cover,0.059999999999999998,0.070000000000000007,2007576,0.31083895191210015
cloud_cover,0.070000000000000007,0.080000000000000002,2401874,0.37188928179303038
cloud_cover,0.080000000000000002,0.089999999999999997,2882317,0.44627769776009979
cloud_cover,0.089999999999999997,0.10000000000000001,3284125,0.50849082323574601
cloud_cover,0.10000000000000001,0.11,3616794,0.55999895209046835
cloud_cover,0.11,0.12,4066377,0.62960922264435915
cloud_cover,0.12,0.13,4471450,0.69232787776271498
cloud_cover,0.13,0.14000000000000001,4910452,0.7602998606751008
cloud_cover,0.14000000000000001,0.14999999999999999,5267145,0.81552769676917003
cloud_cover,0.14999999999999999,0.16,5667838,0.87756818348474686
cloud_cover,0.16,0.17000000000000001,6089847,0.94290908976051102
cloud_cover,0.17000000000000001,0.17999999999999999,6498323,1.006154641471257
cloud_cover,0.17999999999999999,0.19,6799646,1.0528093760900232
cloud_cover,0.19,0.20000000000000001,7098553,1.0990900342564836
cloud_cover,0.20000000000000001,0.20999999999999999,7507056,1.1623397664573842
cloud_cover,0.20999999999999999,0.22,7839555,1.2138215737074285
cloud_cover,0.22,0.23000000000000001,8052041,1.2467214118883962
cloud_cover,0.23000000000000001,0.23999999999999999,8261534,1.2791578349941362
cloud_cover,0.23999999999999999,0.25,8404188,1.3012453773068862
cloud_cover,0.25,0.26000000000000001,8586104,1.3294119716355899
cloud_cover,0.26000000000000001,0.27000000000000002,8782027,1.3597473113564644
cloud_cover,0.27000000000000002,0.28000000000000003,8809240,1.3639607809329009
cloud_cover,0.28000000000000003,0.28999999999999998,8845424,1.3695632570712899
cloud_cover,0.28999999999999998,0.29999999999999999,8928339,1.3824012326686155
cloud_cover,0.29999999999999999,0.31,8965978,1.3882289907764129
cloud_cover,0.31,0.32000000000000001,8987481,1.3915583641017395
cloud_cover,0.32000000000000001,0.33000000000000002,9050083,1.4012512176064642
cloud_cover,0.33000000000000002,0.34000000000000002,9175477,1.4206663428799613
cloud_cover,0.34000000000000002,0.34999999999999998,9264812,1.4344983461361684
cloud_cover,0.34999999999999998,0.35999999999999999,9319188,1.4429175436406001
cloud_cover,0.35999999999999999,0.37,9385167,1.4531332680805258
cloud_cover,0.37,0.38,9479920,1.4678041563609829
cloud_cover,0.38,0.39000000000000001,9459395,1.4646262096790164
cloud_cover,0.39000000000000001,0.40000000000000002,9620104,1.4895092612411198
cloud_cover,0.40000000000000002,0.40999999999999998,9751565,1.5098637581355505
cloud_cover,0.40999999999999998,0.41999999999999998,9870740,1.5283159771768757
cloud_cover,0.41999999999999998,0.42999999999999999,9844709,1.5242855201694081
cloud_cover,0.42999999999999999,0.44,9890974,1.5314488674649593
cloud_cover,0.44,0.45000000000000001,9920620,1.5360390456541715
cloud_cover,0.45000000000000001,0.46000000000000002,10038231,1.5542491059325043
cloud_cover,0.46000000000000002,0.46999999999999997,10108388,1.5651117225155453
cloud_cover,0.46999999999999997,0.47999999999999998,10134904,1.5692172735128094
cloud_cover,0.47999999999999998,0.48999999999999999,10239193,1.5853646489825106
cloud_cover,0.48999999999999999,0.5,10271742,1.590404307279774
cloud_cover,0.5,0.51000000000000001,10289940,1.5932219576436442
cloud_cover,0.51000000000000001,0.52000000000000002,10347302,1.6021034863925341
cloud_cover,0.52000000000000002,0.53000000000000003,10330130,1.5994446946545204
cloud_cover,0.53000000000000003,0.54000000000000004,10407335,1.6113985740007437
cloud_cover,0.54000000000000004,0.55000000000000004,10395548,1.6095735577990218
cloud_cover,0.55000000000000004,0.56000000000000005,10390106,1.6087309567835157
cloud_cover,0.56000000000000005,0.57000000000000006,10412723,1.6122328140359417
cloud_cover,0.57000000000000006,0.57999999999999996,10400612,1.6103576319523882
cloud_cover,0.57999999999999996,0.58999999999999997,10343001,1.6014375497942812
cloud_cover,0.58999999999999997,0.59999999999999998,10327954,1.5991077781146927
cloud_cover,0.59999999999999998,0.60999999999999999,10340053,1.6009811022026399
cloud_cover,0.60999999999999999,0.62,10199478,1.5792154576317528
cloud_cover,0.62,0.63,10034984,1.5537463632832305
cloud_cover,0.63,0.64000000000000001,9762247,1.5115176839068829
cloud_cover,0.64000000000000001,0.65000000000000002,9594861,1.4856008126129647
cloud_cover,0.65000000000000002,0.66000000000000003,9410368,1.4570352137239966
cloud_cover,0.66000000000000003,0.67000000000000004,9139479,1.4150926656737526
cloud_cover,0.67000000000000004,0.68000000000000005,8878470,1.3746798673539753
cloud_cover,0.68000000000000005,0.69000000000000006,8685142,1.3447463191868012
cloud_cover,0.69000000000000006,0.70000000000000007,8238280,1.2755573491406635
cloud_cover,0.70000000000000007,0.70999999999999996,7969953,1.2340114831561675
cloud_cover,0.70999999999999996,0.71999999999999997,7604651,1.1774506900348005
cloud_cover,0.71999999999999997,0.72999999999999998,7293599,1.1292895854638341
cloud_cover,0.72999999999999998,0.73999999999999999,7015212,1.0861860998144968
cloud_cover,0.73999999999999999,0.75,6490825,1.004993703872161
cloud_cover,0.75,0.76000000000000001,6253493,0.96824688575160045
cloud_cover,0.76000000000000001,0.77000000000000002,5888726,0.9117689282684861
cloud_cover,0.77000000000000002,0.78000000000000003,5485231,0.84929459957469167
cloud_cover,0.78000000000000003,0.79000000000000004,5143016,0.79630843520103933
cloud_cover,0.79000000000000004,0.80000000000000004,4768453,0.73831373395682642
cloud_cover,0.80000000000000004,0.81000000000000005,4452498,0.68939348334046746
cloud_cover,0.81000000000000005,0.82000000000000006,4067905,0.62984580742048712
cloud_cover,0.82000000000000006,0.83000000000000007,3723533,0.57652566833341212
cloud_cover,0.83000000000000007,0.83999999999999997,3454688,0.53489959887113681
cloud_cover,0.83999999999999997,0.84999999999999998,3247071,0.50275364241462095
cloud_cover,0.84999999999999998,0.85999999999999999,2897479,0.44862527523108475
cloud_cover,0.85999999999999999,0.87,2525110,0.39097027752013536
cloud_cover,0.87,0.88,2262154,0.35025601941035611
cloud_cover,0.88,0.89000000000000001,2024656,0.31348349901699618
cloud_cover,0.89000000000000001,0.90000000000000002,1729440,0.2677743293378993
cloud_cover,0.90000000000000002,0.91000000000000003,1589850,0.24616119524115274
cloud_cover,0.91000000000000003,0.92000000000000004,1313490,0.20337155601931106
cloud_cover,0.92000000000000004,0.93000000000000005,1091544,0.16900699795471827
cloud_cover,0.93000000000000005,0.93999999999999995,954310,0.14775865033216157
cloud_cover,0.93999999999999995,0.94999999999999996,806206,0.12482726834015083
cloud_cover,0.94999999999999996,0.95999999999999996,702062,0.10870234365090681
cloud_cover,0.95999999999999996,0.96999999999999997,663726,0.10276666696394589
cloud_cover,0.96999999999999997,0.97999999999999998,568640,0.088044219304921276
cloud_cover,0.97999999999999998,0.98999999999999999,282209,0.043695257255596739
cloud_cover,0.98999999999999999,1,18891,0.0029249496111586732
