kind,dataset,seed,lead_hours,exact_mae,exact_rmse,cumulative_mae,cumulative_rmse
agf,cloud_cover,2021,1,0.058721673069282575,0.10776941273331699,0.058721673069282575,0.10776941273331699
agf,cloud_cover,2021,2,0.09157174469671343,0.16307962270606066,0.075146708882998,0.13821940830222634
agf,cloud_cover,2021,3,0.11487925167268502,0.19901025405848405,0.08839088981289368,0.16105308740004282
agf,cloud_cover,2021,4,0.13180600487334013,0.22383324985916464,0.09924466857800529,0.178826462405437
agf,cloud_cover,2021,5,0.14456574738239536,0.24205247793550166,0.1083088843388833,0.19313467668986284
agf,cloud_cover,2021,6,0.1547737393669844,0.25629278755428037,0.11605302684356682,0.20501666991281167
agf,cloud_cover,2021,7,0.1630287866599695,0.26780534595229494,0.12276384967448149,0.21511150363522802
agf,cloud_cover,2021,8,0.1699526804184413,0.27732764284714073,0.12866245351747646,0.22383624998551183
agf,cloud_cover,2021,9,0.17626750408244762,0.28592034642686287,0.13395190358025105,0.2315579550593639
agf,cloud_cover,2021,10,0.18162591827593802,0.29326981969861876,0.13871930504981975,0.23844893921079416
agf,cloud_cover,2021,11,0.18535514407112286,0.29733174324504935,0.1429589267790291,0.24438887261692172
agf,cloud_cover,2021,12,0.19021678499957986,0.30418470392836333,0.1468970816307417,0.24991889780364349
agf,cloud_cover,2022,1,0.0588171465101638,0.10780399837089684,0.0588171465101638,0.10780399837089684
agf,cloud_cover,2022,2,0.09175084201262253,0.16306706141818725,0.07528399426139316,0.13822548351211358
agf,cloud_cover,2022,3,0.11526040523592064,0.19883208819246134,0.08860946458623566,0.1609831956854399
agf,cloud_cover,2022,4,0.1325056581453901,0.22380578344301824,0.09958351297602426,0.17877066075130524
agf,cloud_cover,2022,5,0.1456337945165093,0.24205376519025748,0.10879356928412127,0.19309366733511144
agf,cloud_cover,2022,6,0.15624652335302772,0.25637826763663,0.11670239496227235,0.20500229183311297
agf,cloud_cover,2022,7,0.16495430522081456,0.2680387459271891,0.12359552499920694,0.21514128489343698
agf,cloud_cover,2022,8,0.172355379313623,0.2778600162760875,0.12969050678850896,0.22394379761006464
agf,cloud_cover,2022,9,0.17917282385876526,0.28686859906214657,0.13518854201853742,0.23178059285837527
agf,cloud_cover,2022,10,0.18513081808627832,0.2948133011039957,0.1401827696253115,0.23883363907537283
agf,cloud_cover,2022,11,0.18939587166580274,0.2996504840195714,0.1446566879926289,0.24498710246441696
agf,cloud_cover,2022,12,0.19492863960247583,0.3072256994060431,0.14884601729344948,0.25076435061769153
agf,cloud_cover,2023,1,0.058982117361247526,0.10747642816393456,0.058982117361247526,0.10747642816393456
agf,cloud_cover,2023,2,0.09159326202561618,0.16198060122722654,0.07528768969343186,0.1374570801828905
agf,cloud_cover,2023,3,0.11464094690654886,0.19652351515586777,0.0884054420978042,0.15959364000906567
agf,cloud_cover,2023,4,0.13137309682255865,0.21992701764171135,0.09914735577899281,0.1766198480372516
agf,cloud_cover,2023,5,0.14399409251177012,0.23672913122411762,0.10811670312554826,0.19016780192920824
agf,cloud_cover,2023,6,0.15410381451445718,0.2500195945088981,0.11578122169036642,0.20138220795762415
agf,cloud_cover,2023,7,0.1623961777124677,0.26089463870649776,0.12244050112209516,0.21091459835580056
agf,cloud_cover,2023,8,0.16946449756204673,0.27001956234219676,0.1283185006770891,0.21917611030989217
agf,cloud_cover,2023,9,0.1759893319729577,0.2783614706084701,0.1336152597099634,0.22651721714398626
agf,cloud_cover,2023,10,0.18165436468264862,0.28559371499042935,0.1384191702072319,0.23309959609701966
agf,cloud_cover,2023,11,0.18504096971006756,0.28929326443501746,0.1426575156165806,0.23875525883849533
agf,cloud_cover,2023,12,0.19024129082381713,0.2959591363861437,0.14662283021718367,0.24403493948337227
agf,cloud_cover,2024,1,0.058835688378527026,0.10796122295000206,0.058835688378527026,0.10796122295000206
agf,cloud_cover,2024,2,0.09155614549106555,0.16308325116198658,0.0751959169347963,0.13829637101244496
agf,cloud_cover,2024,3,0.11479276015786129,0.19877508813143707,0.08839486467581796,0.16100031897699688
agf,cloud_cover,2024,4,0.13189533276386758,0.22367145366073077,0.09926998169783036,0.17874019365743443
agf,cloud_cover,2024,5,0.14485606649040286,0.24189173006246253,0.10838719865634486,0.19303048276756699
agf,cloud_cover,2024,6,0.1553147918214645,0.25620523095818815,0.11620846418386481,0.20491663213680272
agf,cloud_cover,2024,7,0.16388135629498682,0.2678521328480442,0.12301887734259652,0.2150381101868041
agf,cloud_cover,2024,8,0.17119632442182361,0.2777089756681482,0.1290410582274999,0.22383364274490689
agf,cloud_cover,2024,9,0.17797712129470308,0.2867907854957311,0.13447839856830027,0.23167528800286533
agf,cloud_cover,2024,10,0.18387110112146354,0.29478572070818176,0.1394176688236166,0.2387382610254036
agf,cloud_cover,2024,11,0.18790559662074344,0.2995042327018904,0.14382566225971902,0.24488631094684168
agf,cloud_cover,2024,12,0.1933220368191154,0.30700892879319286,0.14795036013966872,0.25065195666159434
agf,cloud_cover,2025,1,0.05936554413530876,0.10834500074081406,0.05936554413530876,0.10834500074081406
agf,cloud_cover,2025,2,0.09298977320804279,0.163774627521201,0.07617765867167578,0.1388538220670125
agf,cloud_cover,2025,3,0.11709384280594036,0.19953787627194192,0.08981638671643062,0.16163346587505936
agf,cloud_cover,2025,4,0.13485163417679794,0.22426771094776501,0.10107519858152246,0.17935449398196174
agf,cloud_cover,2025,5,0.14847495626832558,0.2423171827531335,0.11055515011888309,0.19359222871981083
agf,cloud_cover,2025,6,0.15943746463064926,0.2563247962309484,0.11870220253751078,0.2053826332589795
agf,cloud_cover,2025,7,0.1684070208359402,0.2675675244230662,0.12580289086585786,0.21536830128617318
agf,cloud_cover,2025,8,0.175914829669238,0.27674396392662876,0.13206688321628035,0.22396198281239224
agf,cloud_cover,2025,9,0.18265963527930795,0.28495133594347927,0.1376883001121723,0.23153330017708748
agf,cloud_cover,2025,10,0.1883385639696049,0.2919201079330355,0.14275332649791556,0.2382616988174295
agf,cloud_cover,2025,11,0.19242298681558467,0.29594223723842594,0.1472687501631582,0.2440693230538033
agf,cloud_cover,2025,12,0.19768277478018595,0.30262321723056756,0.15146991888124386,0.2494742790052612
agf,component_of_wind,2021,1,0.25040619228989347,0.4209553610300905,0.25040619228989347,0.4209553610300905
agf,component_of_wind,2021,2,0.5077629837901655,0.8316769388373833,0.3790845880400295,0.6591243989467748
agf,component_of_wind,2021,3,0.7378367727032511,1.1699291127979259,0.49866864959443674,0.8636403718265369
agf,component_of_wind,2021,4,0.9383614174965694,1.4498095749573991,0.6085918415699699,1.0415819553909562
agf,component_of_wind,2021,5,1.1144556226235578,1.6864304429022288,0.7097645977806875,1.1986341825537596
agf,component_of_wind,2021,6,1.26891380832296,1.8903587905012917,0.8029561328710663,1.3389719859377882
agf,component_of_wind,2021,7,1.4052659201408981,2.0693502360003575,0.8890003881953279,1.4657658297671972
agf,component_of_wind,2021,8,1.5266169122356625,2.2295477494556573,0.9687024537003698,1.5815407614528398
agf,component_of_wind,2021,9,1.6361153562437136,2.37430663858357,1.0428594428718523,1.6881120768189084
agf,component_of_wind,2021,10,1.7357567412095019,2.506778831128871,1.1121491727056174,1.786937087961198
agf,component_of_wind,2021,11,1.8327434540036587,2.6364546115786536,1.177657743732712,1.880095125306812
agf,component_of_wind,2021,12,1.9159726536169397,2.7509370761667298,1.2391839862230645,1.9674431224149693
agf,component_of_wind,2022,1,0.25303922834320924,0.4245908851152327,0.25303922834320924,0.4245908851152327
agf,component_of_wind,2022,2,0.512023898750014,0.8392673164218458,0.3825315635466116,0.6650740741213956
agf,component_of_wind,2022,3,0.7450259504726611,1.1831038553397442,0.5033630258552947,0.8726170944648115
agf,component_of_wind,2022,4,0.9488509913198425,1.469604416727521,0.6147350172214316,1.0540539505074762
agf,component_of_wind,2022,5,1.1275752103977634,1.7121170261868626,0.717303055856698,1.2145339545422857
agf,component_of_wind,2022,6,1.2844221633199533,1.9212068507537003,0.8118229071005739,1.358092988781424
agf,component_of_wind,2022,7,1.4232080570030397,2.1047846997696174,0.8991636428009261,1.4878852696479679
agf,component_of_wind,2022,8,1.546860338001619,2.268604298233574,0.9801257297010127,1.6063617078436792
agf,component_of_wind,2022,9,1.6579817381640816,2.4156128522988434,1.055443063974687,1.7152378825497272
agf,component_of_wind,2022,10,1.7588401459347336,2.55000076801056,1.1257827721706917,1.8160636789622078
agf,component_of_wind,2022,11,1.8570320334738164,2.68198446389401,1.192259977743703,1.911066183265398
agf,component_of_wind,2022,12,1.942718898722209,2.800761129426047,1.2547982211585786,2.000378639764861
agf,component_of_wind,2023,1,0.2505217044588975,0.4203563519784233,0.2505217044588975,0.4203563519784233
agf,component_of_wind,2023,2,0.5072784894824063,0.8287809239267838,0.37890009697065186,0.6571062632913879
agf,component_of_wind,2023,3,0.7368459650821366,1.1667220980737913,0.49821538634114676,0.861165438354182
agf,component_of_wind,2023,4,0.9370167031274638,1.4480067773426217,0.607915715537726,1.0394158652672922
agf,component_of_wind,2023,5,1.112572125581694,1.686742665460104,0.7088469975465197,1.197216954721313
agf,component_of_wind,2023,6,1.2661539586974944,1.8927197036872427,0.8017314910716822,1.3384711465005383
agf,component_of_wind,2023,7,1.4011880208834782,2.0731172284879333,0.8873681381876529,1.466134134534972
agf,component_of_wind,2023,8,1.5210111399077009,2.233534106678374,0.966573513402659,1.582542247020433
agf,component_of_wind,2023,9,1.6277000050481167,2.376595530118048,1.0400320124743765,1.689303802116683
agf,component_of_wind,2023,10,1.7233016486565527,2.5054478531977407,1.108358976092594,1.7877638257808581
agf,component_of_wind,2023,11,1.8177374249938067,2.6319934169327746,1.1728479259927043,1.8802413847570347
agf,component_of_wind,2023,12,1.898884319064762,2.743587567856921,1.233350958748709,1.9667158974837262
agf,component_of_wind,2024,1,0.25020250446175896,0.4200073977597507,0.25020250446175896,0.4200073977597507
agf,component_of_wind,2024,2,0.5074440377622365,0.831174882830027,0.3788232711119977,0.6585050873077696
agf,component_of_wind,2024,3,0.7373110326290268,1.1715214675165535,0.4983191916176741,0.8640448385110125
agf,component_of_wind,2024,4,0.9372735922362821,1.4540314821542626,0.6080577917723261,1.0433034074477432
agf,component_of_wind,2024,5,1.1120162295992735,1.6919344310113145,0.7088494793377156,1.2013800496770262
agf,component_of_wind,2024,6,1.2646696219138103,1.8957226283076187,0.8014861697670647,1.3422825337391662
agf,component_of_wind,2024,7,1.3987587271572557,2.0733319079878165,0.8868108208228064,1.469161062986425
agf,component_of_wind,2024,8,1.5174459497350707,2.230609000210824,0.9656402119368394,1.5844816232284515
agf,component_of_wind,2024,9,1.6232095666169875,2.369978228599962,1.038703473567967,1.6898866799228864
agf,component_of_wind,2024,10,1.718251237093804,2.4952749122333127,1.1066582499205506,1.7868365847622476
agf,component_of_wind,2024,11,1.8115438888229842,2.618795218319342,1.1707387625480445,1.8777631325581454
agf,component_of_wind,2024,12,1.892425496263064,2.7294733397926767,1.2308793236909628,1.9629052217435974
agf,component_of_wind,2025,1,0.25277064760374185,0.4248218751841513,0.25277064760374185,0.4248218751841513
agf,component_of_wind,2025,2,0.5185441606724149,0.8526492156002191,0.3856574041380784,0.6736038563201103
agf,component_of_wind,2025,3,0.761941214186983,1.2211101714166632,0.5110853408210466,0.8941652273183595
agf,component_of_wind,2025,4,0.9788696265060126,1.53989561897719,0.6280314122422881,1.0920019320702945
agf,component_of_wind,2025,5,1.1724231036834634,1.819075580785076,0.7369097505305231,1.2711340485715568
agf,component_of_wind,2025,6,1.344297891480143,2.0650962236442583,0.8381411073554598,1.4343134978157879
agf,component_of_wind,2025,7,1.4975420020451466,2.2836194084121186,0.9323412351682723,1.5837770794877792
agf,component_of_wind,2025,8,1.6347845570393282,2.4792159760150843,1.0201466504021541,1.7213715722609217
agf,component_of_wind,2025,9,1.758754748764649,2.654567835774862,1.1022142168868758,1.8484735778785075
agf,component_of_wind,2025,10,1.8713124239632701,2.8132316144641805,1.1791240375945153,1.9663662738578354
agf,component_of_wind,2025,11,1.977080477280567,2.961246640196267,1.2516655321114292,2.0766000379494702
agf,component_of_wind,2025,12,2.0732460168941893,3.0996042299391076,1.3201305725099926,2.1802616677053845
agf,humidity,2021,1,1.010828372173272,1.6749142565052313,1.010828372173272,1.6749142565052313
agf,humidity,2021,2,1.9781992120506693,3.12292844876539,1.4945137921119707,2.5057952692461405
agf,humidity,2021,3,2.8615892304892863,4.3644412116886,1.9502056049044094,3.2458366642535856
agf,humidity,2021,4,3.614925324775086,5.382679499767582,2.3663855348720784,3.89164507471637
agf,humidity,2021,5,4.238822721007253,6.218996585106756,2.740872972099113,4.4554578681842845
agf,humidity,2021,6,4.764354428562762,6.92129789754327,3.0781198815097213,4.952438602385077
agf,humidity,2021,7,5.209834419137017,7.516866086905351,3.3826505297421923,5.393953816620327
agf,humidity,2021,8,5.592882574097887,8.02780043047767,3.658929535286654,5.789092590622562
agf,humidity,2021,9,5.918104167934082,8.45747999250476,3.909948938914146,6.143087461222182
agf,humidity,2021,10,6.186722505571182,8.805159742382719,4.1376262955798495,6.45885864603727
agf,humidity,2021,11,6.3809099385636765,9.06212467854054,4.3415611722147425,6.7372145160249985
agf,humidity,2021,12,6.509780596575984,9.246836249854915,4.522246124244846,6.980894369730074
agf,humidity,2022,1,1.0088678235032198,1.690796361237176,1.0088678235032198,1.690796361237176
agf,humidity,2022,2,1.972133715834066,3.1524786614480873,1.490500769668643,2.529517152151612
agf,humidity,2022,3,2.859174560959617,4.409097744104029,1.9467253667656343,3.278061264585194
agf,humidity,2022,4,3.6128347225266095,5.429892105100542,2.363252705705878,3.928128855961666
agf,humidity,2022,5,4.236607162999145,6.258939825101427,2.7379235971645315,4.492106698875161
agf,humidity,2022,6,4.758025511492559,6.945623740247638,3.074607249552536,4.985592611239696
agf,humidity,2022,7,5.195710157950039,7.515931844290065,3.377621950752179,5.419884468978237
agf,humidity,2022,8,5.56699329417318,7.995182823907471,3.6512933686798044,5.804620810044416
agf,humidity,2022,9,5.878932304184209,8.393212256813415,3.898808805958071,6.146317723059235
agf,humidity,2022,10,6.132313244146843,8.709254548404026,4.122159249776948,6.448613097124255
agf,humidity,2022,11,6.321540685155099,8.956308390204455,4.322103016629508,6.715393231188879
agf,humidity,2022,12,6.439535855186629,9.112118397342524,4.498555753175935,6.946775453592718
agf,humidity,2023,1,1.0134539003802898,1.68425227109479,1.0134539003802898,1.68425227109479
agf,humidity,2023,2,1.9753274733577735,3.1583650860220733,1.4943906868690315,2.5310053071152554
agf,humidity,2023,3,2.866254465234901,4.446047600754117,1.951678612990988,3.295416766635272
agf,humidity,2023,4,3.6350089971803956,5.515889127232713,2.37251120903834,3.9687639089956797
agf,humidity,2023,5,4.273764676268423,6.389840337303634,2.7527619024843566,4.557069395952168
agf,humidity,2023,6,4.8061337679329705,7.108019910812014,3.0949905467257923,5.072119124030233
agf,humidity,2023,7,5.249180564855309,7.695580089407386,3.4027319778871523,5.523719080508332
agf,humidity,2023,8,5.621697856663319,8.178807742229528,3.6801027127341728,5.921076796569147
agf,humidity,2023,9,5.930764248373506,8.569479896998516,3.9301762166940986,6.270824765460531
agf,humidity,2023,10,6.179703861715972,8.87167285409811,4.155128981196286,6.5773533308022865
agf,humidity,2023,11,6.375190893621886,9.10067176756062,4.356952791416795,6.8452903185862315
agf,humidity,2023,12,6.49080286876694,9.244714988521896,4.534773631195974,7.076385319156218
agf,humidity,2024,1,1.0031631345289391,1.6839683187501182,1.0031631345289391,1.6839683187501182
agf,humidity,2024,2,1.9726931686333098,3.146166346161126,1.4879281515811245,2.5233025954362813
agf,humidity,2024,3,2.861601324754808,4.403300469610573,1.9458192093056859,3.272265627051266
agf,humidity,2024,4,3.6238029149291497,5.435970772702009,2.3653151357115516,3.926606207770717
agf,humidity,2024,5,4.256098594703631,6.277775039805713,2.7434718275099677,4.4962963579822395
agf,humidity,2024,6,4.78806356685392,6.98054713080629,3.0842371174006264,4.996856394098021
agf,humidity,2024,7,5.234682305306309,7.564933888308361,3.391443572815724,5.43848281986682
agf,humidity,2024,8,5.611671965047604,8.053157831892053,3.668972121844709,5.829805086142142
agf,humidity,2024,9,5.924084526661052,8.451793735587746,3.919540166824303,6.176351278943748
agf,humidity,2024,10,6.175609050982007,8.76559638867314,4.145147055240073,6.481986702680823
agf,humidity,2024,11,6.386936343815092,9.025907020375222,4.348946081474166,6.752969136055964
agf,humidity,2024,12,6.496117910568686,9.170337722197443,4.527877067232042,6.986436905515132
agf,humidity,2025,1,1.0053693904588212,1.686555732102063,1.0053693904588212,1.686555732102063
agf,humidity,2025,2,1.9805706262735925,3.156017977299142,1.4929700083662067,2.530308253012041
agf,humidity,2025,3,2.886063021884117,4.425255561897776,1.9573343462055102,3.2857168927865597
agf,humidity,2025,4,3.6653277817659955,5.465082046397113,2.3843327050956313,3.9450896147134906
agf,humidity,2025,5,4.311117938032184,6.310977516003416,2.769689751682942,4.518481282023455
agf,humidity,2025,6,4.8543716378430615,7.016035172044851,3.1171367327096284,5.021754590700878
agf,humidity,2025,7,5.3138744847840504,7.60949817998992,3.430956411577403,5.466947144517312
agf,humidity,2025,8,5.706448145987554,8.114352804239145,3.715392878378672,5.863609159449981
agf,humidity,2025,9,6.035042444113613,8.53525436236038,3.9731317190158872,6.217411626754135
agf,humidity,2025,10,6.307336794620712,8.883327392246366,4.20655222657637,6.533141446397071
agf,humidity,2025,11,6.522939884456802,9.16427124448108,4.417132922747318,6.81444481183327
agf,humidity,2025,12,6.640564712892815,9.326796202880443,4.6024189052594435,7.058047218357686
agf,temperature,2021,1,0.3160447935195274,0.4416395816893762,0.3160447935195274,0.4416395816893762
agf,temperature,2021,2,0.5117798336133746,0.7431804453336064,0.41391231356645103,0.6112948120346781
agf,temperature,2021,3,0.7590469081221287,1.2219813904892105,0.5289571784183436,0.8642147135102806
agf,temperature,2021,4,0.9728665984316504,1.612724762086223,0.6399345334216703,1.1001684383980748
agf,temperature,2021,5,1.1164098520914896,1.8244662001544325,0.7352295971556341,1.2782925554735103
agf,temperature,2021,6,1.3851666878710418,2.272786030333122,0.8435524456082021,1.4908451532923856
agf,temperature,2021,7,1.5128506193649098,2.423719372614075,0.9391664704305889,1.6565942353324592
agf,temperature,2021,8,1.6161200394414512,2.5350369800093966,1.0237856665569467,1.7901307114905154
agf,temperature,2021,9,1.8032268089110448,2.789285345598419,1.1103902379296242,1.9269047273035351
agf,temperature,2021,10,1.9094536481496043,2.9178433134980883,1.1902965789516222,2.0476929959119334
agf,temperature,2021,11,1.965086802658788,2.9553248862037087,1.2607320538340918,2.1461257109261895
agf,temperature,2021,12,2.034543594404987,3.015563489660242,1.3252163488816664,2.231554659840211
agf,temperature,2022,1,0.21294393058146152,0.350991497867411,0.21294393058146152,0.350991497867411
agf,temperature,2022,2,0.39500175735132154,0.6225318313544104,0.3039728439663915,0.5053419202009095
agf,temperature,2022,3,0.7025785751561414,1.1273026484133237,0.43684142102964146,0.7706171063384588
agf,temperature,2022,4,0.9564927372418038,1.4694184419408225,0.5667542500826821,0.9925652033065855
agf,temperature,2022,5,1.1467358146424163,1.69029738808109,0.6827505629946289,1.1660058311529946
agf,temperature,2022,6,1.454244632030096,2.1440522565116296,0.8113329078338735,1.378090954307597
agf,temperature,2022,7,1.6147723615940666,2.3221101523083134,0.9261099726567581,1.5485939996156826
agf,temperature,2022,8,1.7469581822713034,2.4750813089045414,1.0287159988585763,1.692373744006052
agf,temperature,2022,9,1.9426345038291526,2.743929531277391,1.1302624994108625,1.8391477612024743
agf,temperature,2022,10,2.0586021191339876,2.899762285474095,1.223096461383175,1.9710606713158936
agf,temperature,2022,11,2.125900357111132,2.9892069679139635,1.3051695428129895,2.084273581700218
agf,temperature,2022,12,2.1994647670372798,3.0934008327096953,1.3796941448316804,2.1862313217977993
agf,temperature,2023,1,0.2365299815275172,0.36573943220466487,0.2365299815275172,0.36573943220466487
agf,temperature,2023,2,0.41590910187186714,0.636409866113133,0.3262195416996922,0.5190293103262698
agf,temperature,2023,3,0.703778673490705,1.115278539457424,0.4520725856300298,0.7708499790339258
agf,temperature,2023,4,0.9426106838807123,1.4490133571383743,0.5747071101927004,0.9851736876936007
agf,temperature,2023,5,1.104461967321382,1.6325759019487227,0.6806580816184368,1.144340233961816
agf,temperature,2023,6,1.3788432378769828,2.061508570142515,0.7970222743281945,1.3414786891144883
agf,temperature,2023,7,1.4966551244735173,2.1819922002536263,0.8969698243489549,1.4908521246041815
agf,temperature,2023,8,1.5919136685550304,2.270789828025055,0.9838378048747143,1.6091522164294958
agf,temperature,2023,9,1.7717164187058467,2.511681003199516,1.0713798730781734,1.7328046728081872
agf,temperature,2023,10,1.8671889756685704,2.6038769415870155,1.150960783337213,1.8385778045511576
agf,temperature,2023,11,1.9271122395107736,2.6462568632579773,1.2215200066257186,1.9260500989477145
agf,temperature,2023,12,1.9974462415575074,2.6973130960000233,1.2861805262033676,2.001704622691926
agf,temperature,2024,1,0.21510924787871552,0.3551360777552484,0.21510924787871552,0.3551360777552484
agf,temperature,2024,2,0.3824220455763365,0.6167927547216263,0.29876564672752604,0.5032667960438449
agf,temperature,2024,3,0.636296461366083,1.1062555677524408,0.4112759182737116,0.7594639155754865
agf,temperature,2024,4,0.8459406042842923,1.463218400362029,0.5199420897763568,0.9837891547915342
agf,temperature,2024,5,0.9734457482780858,1.6383871885133268,0.6106428214767027,1.145048207179625
agf,temperature,2024,6,1.2055560200045643,2.049660935468708,0.7097950212313462,1.3389540030818103
agf,temperature,2024,7,1.2999386303863931,2.1622534350337492,0.7941012511106387,1.4847860284291123
agf,temperature,2024,8,1.3759697230030956,2.2475917912715784,0.8668348100971958,1.600148263119681
agf,temperature,2024,9,1.5161607864580742,2.457306926801471,0.93898214080396,1.716655438287743
agf,temperature,2024,10,1.572347793121407,2.5180644552018014,1.0023187060357048,1.8128100188595797
agf,temperature,2024,11,1.6165079284272237,2.5286369929959744,1.0581540898894792,1.88912694330487
agf,temperature,2024,12,1.6695451687800285,2.5788823293230854,1.1091033464636917,1.9559192373327363
agf,temperature,2025,1,0.2791218758536619,0.41505733221577795,0.2791218758536619,0.41505733221577795
agf,temperature,2025,2,0.3973360449824159,0.6334567131585922,0.3382289604180389,0.5355091019169355
agf,temperature,2025,3,0.6379607856455096,1.1037542141106145,0.4381395688271958,0.7728331776950542
agf,temperature,2025,4,0.8585889250879237,1.4536302526181186,0.5432519078923778,0.9880352059726061
agf,temperature,2025,5,1.0158444226718022,1.6384589949574777,0.6377704108482626,1.147989734372428
agf,temperature,2025,6,1.3201653808015121,2.1020331346608674,0.751502905840471,1.3544953211642201
agf,temperature,2025,7,1.4934403862764483,2.273903083168193,0.857493974474182,1.5202716243194547
agf,temperature,2025,8,1.6601167108914623,2.4403963679131078,0.957821816526342,1.6633593686610497
agf,temperature,2025,9,1.9215452641226023,2.7729099651043967,1.0649021995925931,1.8203523709275857
agf,temperature,2025,10,2.088442643041208,2.9581859938909933,1.1672562439374548,1.964026709684163
agf,temperature,2025,11,2.221666479639176,3.1035761373798363,1.2631117199103383,2.0934137844904637
agf,temperature,2025,12,2.3639192640940165,3.2650614181857387,1.354845681925645,2.2148517645764056
control,cloud_cover,2021,1,0.058827460965309455,0.10788511958739304,0.058827460965309455,0.10788511958739304
control,cloud_cover,2021,2,0.0914170355114769,0.16287962915014614,0.07512224823839318,0.13814661164949946
control,cloud_cover,2021,3,0.11451240898270065,0.1986577396051483,0.088252301819829,0.16086626964190073
control,cloud_cover,2021,4,0.1313277505141464,0.22337453082264971,0.09902116399340836,0.17855674948440134
control,cloud_cover,2021,5,0.14403101054442033,0.24135096186939967,0.10802313330361075,0.19275909210256487
control,cloud_cover,2021,6,0.15423883440461958,0.25541149363323334,0.1157257501537789,0.20453824785802477
control,cloud_cover,2021,7,0.16250791702766107,0.2667954491281113,0.12240891685004777,0.2145410985257521
control,cloud_cover,2021,8,0.16953474654385248,0.2763442708170176,0.12829964556177337,0.22320431691329484
control,cloud_cover,2021,9,0.17600888370665085,0.28510558623304344,0.13360067202231532,0.23090318606413857
control,cloud_cover,2021,10,0.18171576877061527,0.29288449997996724,0.1384121816971453,0.23782932164467174
control,cloud_cover,2021,11,0.18536511163864355,0.29705529544764386,0.14268062987364513,0.24380873854373009
control,cloud_cover,2021,12,0.19075261593211668,0.30467907650000364,0.1466866287118511,0.24944923507433153
control,cloud_cover,2022,1,0.05844551689991117,0.10790814166565547,0.05844551689991117,0.10790814166565547
control,cloud_cover,2022,2,0.09108403236369561,0.16264092038042272,0.0747647746318034,0.1380149195194602
control,cloud_cover,2022,3,0.11401495966186592,0.19779446007687354,0.08784816964182424,0.1604357446217728
control,cloud_cover,2022,4,0.1306306868845624,0.22185697923728256,0.09854379895250877,0.17779159407387637
control,cloud_cover,2022,5,0.14308985238930702,0.2394224836868043,0.10745300963986841,0.19170943085204661
control,cloud_cover,2022,6,0.15307196147530003,0.25319920151137343,0.11505616827910703,0.2032536859174085
control,cloud_cover,2022,7,0.1612059133449999,0.26445091202581666,0.121648989002806,0.21307498676869654
control,cloud_cover,2022,8,0.16815899107112625,0.27391653724254306,0.12746273926134605,0.22159561121565197
control,cloud_cover,2022,9,0.17468831784226024,0.28276045036073444,0.13271002577033653,0.22919918352785357
control,cloud_cover,2022,10,0.18046862401035077,0.29057091079297986,0.13748588559433791,0.236055469279484
control,cloud_cover,2022,11,0.18441131887226092,0.2950234002177603,0.1417518340741491,0.24201064072091447
control,cloud_cover,2022,12,0.18995908143803178,0.30276654042659307,0.145769104687806,0.2476435998307364
control,cloud_cover,2023,1,0.058734250593543494,0.10831025650364345,0.058734250593543494,0.10831025650364345
control,cloud_cover,2023,2,0.09181223679739696,0.16397971570906755,0.07527324369547023,0.1389612514838429
control,cloud_cover,2023,3,0.11550296098638388,0.20016279142439933,0.0886831494591081,0.16195225829311474
control,cloud_cover,2023,4,0.13292780034161222,0.2253323337798806,0.09974431217973415,0.17990293392924886
control,cloud_cover,2023,5,0.14624620889875395,0.24380916587779047,0.1090446915235381,0.19437241157707064
control,cloud_cover,2023,6,0.15698340600775962,0.2582534157694682,0.11703447727090836,0.2063968663634974
control,cloud_cover,2023,7,0.16580356191263443,0.26998433311159625,0.12400148936258351,0.2166265841731678
control,cloud_cover,2023,8,0.1733382481545778,0.27978260766434004,0.13016858421158278,0.22549053371073027
control,cloud_cover,2023,9,0.1802542658802113,0.2886864666442177,0.1357336599525415,0.2333589801068833
control,cloud_cover,2023,10,0.18630100409609718,0.29646025019136163,0.14079039436689708,0.2404155573818482
control,cloud_cover,2023,11,0.19057348263756066,0.3010371234363094,0.14531612966423013,0.24654333050824137
control,cloud_cover,2023,12,0.1961952800354348,0.30835900849435793,0.14955605886183052,0.2522738310709679
control,cloud_cover,2024,1,0.058895568807301596,0.10823004283376039,0.058895568807301596,0.10823004283376039
control,cloud_cover,2024,2,0.09235269044428643,0.16363414248581012,0.07562412962579401,0.13872612363730202
control,cloud_cover,2024,3,0.11620981099785789,0.1995135478141881,0.08915269008314863,0.16155033325073265
control,cloud_cover,2024,4,0.1336827604163676,0.22449079593486973,0.10028520766645338,0.17936809079358265
control,cloud_cover,2024,5,0.147046822564992,0.24282693737920477,0.10963753064616111,0.19373000257921016
control,cloud_cover,2024,6,0.1577598129772908,0.25714691564284514,0.1176579110346827,0.20566198227566365
control,cloud_cover,2024,7,0.1664536306414384,0.2686756407695919,0.1246287281213621,0.2157934547081945
control,cloud_cover,2024,8,0.17365407473240238,0.27810380685172204,0.13075689644774213,0.22452990698615827
control,cloud_cover,2024,9,0.18015777347688253,0.28660258437325,0.13624588278431327,0.23224758685963873
control,cloud_cover,2024,10,0.18559625163026539,0.29378132896713943,0.1411809196689085,0.23911460508902996
control,cloud_cover,2024,11,0.18950502789005938,0.2976665991469485,0.14557402041628584,0.2450163905308707
control,cloud_cover,2024,12,0.19447936042517341,0.3044917133083356,0.14964946541702648,0.2505125664496
control,cloud_cover,2025,1,0.05901023510028342,0.10820314961552097,0.05901023510028342,0.10820314961552097
control,cloud_cover,2025,2,0.09188281066980265,0.1632703790518674,0.07544652288504304,0.1385011520935102
control,cloud_cover,2025,3,0.1152000749479319,0.198998394014701,0.088697706906006,0.1612094900875767
control,cloud_cover,2025,4,0.13229820337676768,0.22367896978637267,0.09959783102369642,0.17888388734566235
control,cloud_cover,2025,5,0.14528359964606352,0.24178045728180073,0.10873498474816982,0.19310907287384463
control,cloud_cover,2025,6,0.15567596693505242,0.2560493545188721,0.11655848177931694,0.2049458636162691
control,cloud_cover,2025,7,0.16413772896720616,0.2676234499879324,0.12335551709187254,0.21502131225397622
control,cloud_cover,2025,8,0.17120521770902028,0.2772723767975479,0.129336729669016,0.22375185027137623
control,cloud_cover,2025,9,0.17763684227198995,0.2860250364789022,0.13470340884712423,0.23149980693336616
control,cloud_cover,2025,10,0.18310857327287106,0.293614095435107,0.1395439252896989,0.23844049205825935
control,cloud_cover,2025,11,0.18689205664737346,0.2979187349119187,0.1438483008676693,0.24444636056744573
control,cloud_cover,2025,12,0.1920375433694015,0.30507490889596134,0.147864071076147,0.25006081846543615
control,component_of_wind,2021,1,0.2504544927287567,0.4204013198882297,0.2504544927287567,0.4204013198882297
control,component_of_wind,2021,2,0.5076777892404198,0.8316859765844342,0.3790661409845883,0.6589532735372705
control,component_of_wind,2021,3,0.7385154494096937,1.1722942003597663,0.4988825771262901,0.8646217912297672
control,component_of_wind,2021,4,0.9403115040185762,1.4560115445610027,0.6092398088493616,1.0443517299625436
control,component_of_wind,2021,5,1.1175431436580312,1.696981806990782,0.7109004758110955,1.2035305892880936
control,component_of_wind,2021,6,1.2729399747146668,1.9051923354219362,0.8045737256283574,1.3461170845380441
control,component_of_wind,2021,7,1.4102214036595007,2.088298570803776,0.8910948224899492,1.4751841605388178
control,component_of_wind,2021,8,1.5328336975683376,2.25229297710415,0.9713121818747479,1.593188697520047
control,component_of_wind,2021,9,1.6433723801250424,2.4001871151078404,1.0459855372358917,1.7018584611070429
control,component_of_wind,2021,10,1.7439989424298954,2.5360450702311197,1.115786877755292,1.802731943274381
control,component_of_wind,2021,11,1.842284993781636,2.6678126767949326,1.181832161030414,1.8977414583821377
control,component_of_wind,2021,12,1.9284971406487899,2.788231610739598,1.2440542426652788,1.9872486127519278
control,component_of_wind,2022,1,0.2513666692649988,0.42198842560097805,0.2513666692649988,0.42198842560097805
control,component_of_wind,2022,2,0.5095288692666596,0.8323320572376582,0.3804477692658292,0.6598677461607987
control,component_of_wind,2022,3,0.7399973914280773,1.1703209489177213,0.5002976433199119,0.8641955813206369
control,component_of_wind,2022,4,0.9398083702727328,1.4488249472822177,0.6101753250581171,1.0415848184605108
control,component_of_wind,2022,5,1.113868563539319,1.682830325222657,0.7109139727543575,1.1976237839721333
control,component_of_wind,2022,6,1.2658887037494624,1.8840282636569226,0.8034097612535417,1.3367295998029902
control,component_of_wind,2022,7,1.4003708193053146,2.0613001414740624,0.8886899124037949,1.462387207429676
control,component_of_wind,2022,8,1.520301057630258,2.2205381931194714,0.9676413055571028,1.5772136934432843
control,component_of_wind,2022,9,1.6285335701876975,2.3642368519182466,1.0410737794049467,1.682935272084935
control,component_of_wind,2022,10,1.7274435997515551,2.4964892692206173,1.1097107614396076,1.7810923289257647
control,component_of_wind,2022,11,1.8229591482020657,2.6249906255129853,1.1745515238725583,1.8735836984388332
control,component_of_wind,2022,12,1.9077579994731688,2.7417053205708104,1.2356520635059425,1.9606636353213716
control,component_of_wind,2023,1,0.25047437855929844,0.4195752081123434,0.25047437855929844,0.4195752081123434
control,component_of_wind,2023,2,0.5073683904734517,0.8272167085742922,0.3789213845163751,0.655869971185982
control,component_of_wind,2023,3,0.7364125086079437,1.1617064541269384,0.498085092546898,0.8582720477345138
control,component_of_wind,2023,4,0.9353458297932546,1.4369538936028448,0.6074002768584872,1.03377091467447
control,component_of_wind,2023,5,1.108671398621742,1.6681158592271499,0.7076545012111382,1.1880521651773288
control,component_of_wind,2023,6,1.2594058423132501,1.866281646634083,0.7996130580614901,1.3254148357197404
control,component_of_wind,2023,7,1.3917454615523,2.0396234930055903,0.8842034014173201,1.4491579285766636
control,component_of_wind,2023,8,1.5090061869595182,2.1946532653287725,0.9623037496100949,1.5619264494813163
control,component_of_wind,2023,9,1.6142084059945336,2.334187597644191,1.0347376003194768,1.6655111197370698
control,component_of_wind,2023,10,1.7094469546907494,2.461652920516961,1.102208535756604,1.76139378648842
control,component_of_wind,2023,11,1.802507806239583,2.5861626492450007,1.1658721058005113,1.8516164426878003
control,component_of_wind,2023,12,1.8853652646512826,2.6990497168262353,1.2258298690380753,1.9364526703280978
control,component_of_wind,2024,1,0.2520423814539159,0.4218666834611067,0.2520423814539159,0.4218666834611067
control,component_of_wind,2024,2,0.5108264331724462,0.8351778186602467,0.38143440731318107,0.6616243221785916
control,component_of_wind,2024,3,0.7435175852192605,1.1783305807940287,0.5021287999485409,0.8687071706528336
control,component_of_wind,2024,4,0.9469639930555598,1.4640046791849635,0.6133375982252955,1.0496744907001434
control,component_of_wind,2024,5,1.1255523991235856,1.7056677664365334,0.7157805584049536,1.2096750534889122
control,component_of_wind,2024,6,1.2822392937309863,1.9134105666057368,0.8101903476259591,1.352633768589112
control,component_of_wind,2024,7,1.4206455118113162,2.095192437170848,0.8973982282238672,1.4816756932773987
control,component_of_wind,2024,8,1.5438794372781126,2.257068494384916,0.9782083793556479,1.5992927424602574
control,component_of_wind,2024,9,1.6553761771716697,2.4028882052914073,1.0534492457796503,1.7073621608856477
control,component_of_wind,2024,10,1.7578367236027004,2.5375360037549215,1.1238879935619552,1.80761884550282
control,component_of_wind,2024,11,1.8567154423645098,2.6679099325571545,1.1905086707258237,1.9019751053338447
control,component_of_wind,2024,12,1.9444802433639437,2.7871326490879866,1.2533396351123336,1.990827104455558
control,component_of_wind,2025,1,0.25225975408208007,0.4215647184323601,0.25225975408208007,0.4215647184323601
control,component_of_wind,2025,2,0.5108302077584387,0.8326562978143103,0.3815449809202594,0.6599368614181165
control,component_of_wind,2025,3,0.742927399096214,1.173837838608064,0.5020057869789109,0.8658191869485683
control,component_of_wind,2025,4,0.9456808177167907,1.457821589160121,0.6129245446633809,1.0457261088935024
control,component_of_wind,2025,5,1.1235816186916807,1.6979990502437885,0.7150559594690409,1.204771609386193
control,component_of_wind,2025,6,1.279544920442649,1.904901396286769,0.8091374529646421,1.3469733035890918
control,component_of_wind,2025,7,1.41745512140028,2.086592086117073,0.8960399770268762,1.4755090655352365
control,component_of_wind,2025,8,1.540575573269912,2.249687758052205,0.9766069265572557,1.592991840298728
control,component_of_wind,2025,9,1.6519703610888572,2.397195830543529,1.051647308171878,1.7012260897508888
control,component_of_wind,2025,10,1.7536885381373721,2.533073051895345,1.1218514311684273,1.801776649928628
control,component_of_wind,2025,11,1.8550328773069025,2.668073627252629,1.188504289908289,1.8969498925361328
control,component_of_wind,2025,12,1.9404791198713338,2.785743599364535,1.251168859071876,1.9862648204633107
control,humidity,2021,1,1.0117255468601913,1.704256470469114,1.0117255468601913,1.704256470469114
control,humidity,2021,2,2.0091236632634835,3.24141485989864,1.5104246050618373,2.5895231618106416
control,humidity,2021,3,2.943495371646873,4.606708630430427,1.9881148605901826,3.397696514639968
control,humidity,2021,4,3.754929796893212,5.749114887829252,2.42981859466594,4.113555238788271
control,humidity,2021,5,4.430653340263998,6.679165833433893,2.8299855437855514,4.739126565956228
control,humidity,2021,6,4.988795198137266,7.429504550616893,3.1897871528441706,5.283530084271271
control,humidity,2021,7,5.448602068273399,8.026372655535402,3.512474997905489,5.755950944319949
control,humidity,2021,8,5.8295898735551575,8.498931958015806,3.8021143573616976,6.165920889665491
control,humidity,2021,9,6.135936710450521,8.854026401405852,4.061427952149344,6.519563949782209
control,humidity,2021,10,6.371321336347808,9.096710076218441,4.292417290569191,6.8212356730175525
control,humidity,2021,11,6.507574727058501,9.215879285022039,4.493795239340947,7.072513967752335
control,humidity,2021,12,6.580602392477736,9.268158822904557,4.667695835435679,7.280818177645251
control,humidity,2022,1,1.0205647872570942,1.7089053816605504,1.0205647872570942,1.7089053816605504
control,humidity,2022,2,2.0203877569798556,3.251158769634923,1.5204762721184748,2.597151415382097
control,humidity,2022,3,2.955807081858884,4.618184209741388,1.998919875365278,3.4067587892280224
control,humidity,2022,4,3.763211163994112,5.7524380643786746,2.4399926975224866,4.1203325117173435
control,humidity,2022,5,4.434653416239122,6.67180777839476,2.838924841265814,4.741762943469626
control,humidity,2022,6,4.987766387856805,7.414074920869829,3.197065099030979,5.2818886456863074
control,humidity,2022,7,5.4404222030459115,8.003344681904252,3.517544685318826,5.7500759260818795
control,humidity,2022,8,5.810186755615237,8.467650738084151,3.8041249441058778,6.155736360421491
control,humidity,2022,9,6.102136997282051,8.817161755726687,4.059459616681008,6.505442700272605
control,humidity,2022,10,6.328094539843511,9.066724462907752,4.286323108997259,6.805090411045697
control,humidity,2022,11,6.502578063982806,9.251584564946276,4.487800832177762,7.0626055711331635
control,humidity,2022,12,6.599815981456928,9.358378354500068,4.663802094617693,7.281618509492404
control,humidity,2023,1,1.016903203065809,1.7104888830899974,1.016903203065809,1.7104888830899974
control,humidity,2023,2,2.0226996046359136,3.257312443551119,1.5198014038508614,2.6015242238049052
control,humidity,2023,3,2.9593234191927915,4.616002643191576,1.999642075631505,3.4079973090775297
control,humidity,2023,4,3.7619042184169844,5.7321403765788945,2.4402076113278746,4.114023890087571
control,humidity,2023,5,4.421587819964986,6.624842968863109,2.8364836530552973,4.724178545206352
control,humidity,2023,6,4.960035809019476,7.335696288122166,3.1904090123826605,5.250424660071307
control,humidity,2023,7,5.401782422563234,7.901101304384252,3.5063194995513136,5.70499976823152
control,humidity,2023,8,5.766433725768596,8.34993277158159,3.788833777828474,6.098673357569088
control,humidity,2023,9,6.05705473228121,8.683554411039777,4.040858328323222,6.437344612908445
control,humidity,2023,10,6.281108254490242,8.911151790309896,4.264883320939925,6.725795694325064
control,humidity,2023,11,6.462095440953653,9.092109549764672,4.464629877304809,6.974171396093248
control,humidity,2023,12,6.5619575592690635,9.193997552364193,4.639407184135163,7.185397949289334
control,humidity,2024,1,1.0182464646524219,1.7156947199235297,1.0182464646524219,1.7156947199235297
control,humidity,2024,2,2.0222431468342172,3.2752315835478467,1.5202448057433195,2.614455038611567
control,humidity,2024,3,2.9619717424823313,4.664422642032224,2.00082045132299,3.436451119073556
control,humidity,2024,4,3.773047996429752,5.815246290525364,2.4438773375996807,4.160669366244291
control,humidity,2024,5,4.440975010525464,6.733259983970508,2.8432968721848373,4.787096579609675
control,humidity,2024,6,4.984071688956186,7.460261462901671,3.2000926749800622,5.326615082260794
control,humidity,2024,7,5.42436211825812,8.028273702837286,3.5178454525912133,5.790264588761747
control,humidity,2024,8,5.780512985624543,8.468158418793456,3.8006788942203795,6.188697914958164
control,humidity,2024,9,6.0588188888434225,8.78952137493906,4.051583338067385,6.529042307357444
control,humidity,2024,10,6.271638774521411,9.00608156683627,4.2735888817127865,6.817367866338729
control,humidity,2024,11,6.446244682875693,9.175569930010454,4.471103045454869,7.064354373063212
control,humidity,2024,12,6.529610899054478,9.245824284114986,4.64264536658817,7.271183973301284
control,humidity,2025,1,1.0178897088759293,1.7124021760085422,1.0178897088759293,1.7124021760085422
control,humidity,2025,2,2.01795742759138,3.251730852203366,1.517923568233655,2.5986606884672363
control,humidity,2025,3,2.9472700017766638,4.606397358465539,1.994372379414658,3.4022037647995313
control,humidity,2025,4,3.7461865394286913,5.726117482009746,2.432325919418166,4.108326690680342
control,humidity,2025,5,4.403979985686969,6.625256386233737,2.826656732671927,4.720326577107921
control,humidity,2025,6,4.94221252567862,7.346674219880861,3.179249364839709,5.250095825567043
control,humidity,2025,7,5.385611020938651,7.927275513413054,3.494443887139558,5.709925370182511
control,humidity,2025,8,5.752214004372103,8.391000215891307,3.776665151793626,6.109742412271416
control,humidity,2025,9,6.045970383776377,8.743779494102766,4.028810177569487,6.455706335362512
control,humidity,2025,10,6.272372575490941,8.99204764154249,4.253166417361633,6.752349364359985
control,humidity,2025,11,6.447747748708027,9.173249871176035,4.452673811120396,7.007079099562346
control,humidity,2025,12,6.536517135708209,9.273903308921541,4.6263274215027135,7.223203439644952
control,temperature,2021,1,0.41792349997040346,0.5807388831106558,0.41792349997040346,0.5807388831106558
control,temperature,2021,2,0.4544191603496376,0.6985084358465535,0.4361713301600205,0.6423284538713082
control,temperature,2021,3,0.6567683579624153,1.1327526649821873,0.5097036727608187,0.8383118523416885
control,temperature,2021,4,0.8761809649033815,1.482295847670663,0.6013229957964594,1.0374850921038996
control,temperature,2021,5,1.0321360091186913,1.6611114875214756,0.6874855984609058,1.188679320870617
control,temperature,2021,6,1.3102438440787374,2.099686206585684,0.791278639397211,1.38283975966447
control,temperature,2021,7,1.442375988686738,2.2302553087803103,0.884292546438572,1.5328551113990845
control,temperature,2021,8,1.5506783070062575,2.331338040844507,0.9675907665095328,1.6538837099568398
control,temperature,2021,9,1.7303630450635559,2.5764964545754783,1.0523432419044243,1.7801680503981392
control,temperature,2021,10,1.8193303736513609,2.666144502606847,1.1290419550791178,1.887572809130962
control,temperature,2021,11,1.8523540263215883,2.672108379122115,1.1947975979193424,1.9718351924373796
control,temperature,2021,12,1.9083898255043015,2.713892099831524,1.2542636168847556,2.0439888416404512
control,temperature,2022,1,0.4444323684594947,0.6313580569168152,0.4444323684594947,0.6313580569168152
control,temperature,2022,2,0.6879196668006876,0.9320800084124324,0.5661760176300912,0.7960484087402903
control,temperature,2022,3,0.9871233468435852,1.409831429608437,0.7064917940345893,1.0416350605382652
control,temperature,2022,4,1.1743350122662621,1.718189309443244,0.8234525985925074,1.2457111724947239
control,temperature,2022,5,1.2532267048614754,1.849943139110589,0.909407419846301,1.3877661848492389
control,temperature,2022,6,1.4716105492079639,2.2632990676225546,1.0031079414065782,1.568013477225041
control,temperature,2022,7,1.5193060405404963,2.3386523415952682,1.076850526997138,1.6996340935374974
control,temperature,2022,8,1.5540942197929235,2.385363586098302,1.1365059885966111,1.7996962174659146
control,temperature,2022,9,1.6921057245117164,2.606695083557719,1.1982392925871783,1.9063085636886148
control,temperature,2022,10,1.7307708463440203,2.6521296083931913,1.2514924479628626,1.9934869580623988
control,temperature,2022,11,1.7467339682524607,2.6542590583032384,1.296514404352826,2.0623242331327747
control,temperature,2022,12,1.7948533919621457,2.7054233663583287,1.3380426533202694,2.1233681824613617
control,temperature,2023,1,0.3509833371915955,0.4481235289693042,0.3509833371915955,0.4481235289693042
control,temperature,2023,2,0.44519901088519725,0.6751161870828195,0.3980911740383964,0.5729731945201046
control,temperature,2023,3,0.6804259822362271,1.1548569787655762,0.49220277677100666,0.8145123704157194
control,temperature,2023,4,0.888998296661827,1.5230736188715466,0.5914016567437117,1.0380323276737544
control,temperature,2023,5,1.0208747604212622,1.7160851033357731,0.6772962774792218,1.20457399399739
control,temperature,2023,6,1.2675427943468094,2.149982163406285,0.7756706969571531,1.4069716792956004
control,temperature,2023,7,1.364259509451948,2.2784003946730236,0.8597548130278382,1.561525087694055
control,temperature,2023,8,1.4386348411599614,2.3756895303173087,0.9321148165443535,1.6849489955538992
control,temperature,2023,9,1.5804445613600893,2.5976197227365367,1.004151454857213,1.8092371985297682
control,temperature,2023,10,1.6407218250010838,2.6810860208028973,1.0678084918716002,1.9143739294045798
control,temperature,2023,11,1.658847098776013,2.6691939570179177,1.121539274317456,1.9948313165419247
control,temperature,2023,12,1.6925759773185445,2.7056927263767916,1.169125666234213,2.0634446306598697
control,temperature,2024,1,0.3071572188758596,0.4332404697902425,0.3071572188758596,0.4332404697902425
control,temperature,2024,2,0.43862203747895934,0.6689641182112113,0.3728896281774095,0.5635646795702217
control,temperature,2024,3,0.7132116607539186,1.1535596333158793,0.4863303057029125,0.8095081065548467
control,temperature,2024,4,0.93778112965042,1.5072482006847314,0.5991930116897894,1.0292846134817861
control,temperature,2024,5,1.0833294923265593,1.714621690931372,0.6960203078171434,1.1981347841719443
control,temperature,2024,6,1.3263188178453997,2.132749339568925,0.8010700594885195,1.3979898992628335
control,temperature,2024,7,1.4414985700421137,2.288085272650809,0.8925598467104614,1.5566258732806384
control,temperature,2024,8,1.5483216968800197,2.427307200357283,0.9745300779816563,1.690170442975844
control,temperature,2024,9,1.7204640260252597,2.6730592550909753,1.0574116277642789,1.8257009245066766
control,temperature,2024,10,1.8319620661993186,2.8233296233795686,1.1348666716077829,1.9485852548439706
control,temperature,2024,11,1.9124557037966798,2.8798028688192403,1.2055565836249553,2.050789416014609
control,temperature,2024,12,2.0055873794552035,2.9826809043419287,1.2722258166108094,2.143974014424672
control,temperature,2025,1,0.3575328968726155,0.4881394734360119,0.3575328968726155,0.4881394734360119
control,temperature,2025,2,0.47723596828849346,0.7020710859055099,0.4173844325805545,0.6046420243379255
control,temperature,2025,3,0.720523163120587,1.1670367367510064,0.5184306760938987,0.8352960952295831
control,temperature,2025,4,0.935456124569546,1.5443679467538827,0.6226870382128105,1.0580915668171362
control,temperature,2025,5,1.0765763838723008,1.7421599319677596,0.7134649073447086,1.2258345959901833
control,temperature,2025,6,1.3182299610233017,2.161518575758191,0.8142590829578075,1.425103203103773
control,temperature,2025,7,1.4346318856743554,2.3057485919148997,0.9028837690601713,1.5812287900823632
control,temperature,2025,8,1.533496995744277,2.425031071837853,0.9817104223956846,1.709633261312071
control,temperature,2025,9,1.6941923643469448,2.6646393541306663,1.0608750826124913,1.8403825083407188
control,temperature,2025,10,1.7651413952084074,2.7545238507066254,1.131301713872083,1.9511655910549965
control,temperature,2025,11,1.8445333390067158,2.8206692969274108,1.1961409525206859,2.045541646868288
control,temperature,2025,12,1.9179902938470992,2.9132552169485177,1.256295064297887,2.1313865377354064
