kind,dataset,seed,epoch,mae,rmse,latitude_weighted_mae,latitude_weighted_rmse,checkpoint,checkpoint_sha256
agf,cloud_cover,2021,92,0.14689708163074167,0.24991889780364349,0.1585472108040003,0.2521835488473716,D:\CLCRN-main\修改稿2026_10_5\重新训练2026_10_5\runs\seed_2021\cloud_cover\agf\saved_model\epo92.tar,83b00ac7593fbfd6c7b6703144d0e3218189e31d72fb2e082d45ccd712f51b59
agf,cloud_cover,2022,99,0.14884601729344948,0.25076435061769153,0.16042633282027655,0.2537804675183133,D:\CLCRN-main\修改稿2026_10_5\重新训练2026_10_5\runs\seed_2022\cloud_cover\agf\saved_model\epo99.tar,eb3ac2ac0472afa97163b251e596247fde9f65b06911495c253002f9532e8551
agf,cloud_cover,2023,74,0.14662283021718367,0.24403493948337227,0.15811195621152546,0.24716134869005554,D:\CLCRN-main\修改稿2026_10_5\重新训练2026_10_5\runs\seed_2023\cloud_cover\agf\saved_model\epo74.tar,4aca7773fda2f2ceaa70bef8ef752401fbd7ec1fc4687e454c2ce4b7121df9a9
agf,cloud_cover,2024,84,0.14795036013966872,0.25065195666159434,0.15958007599711582,0.25355562962877737,D:\CLCRN-main\修改稿2026_10_5\重新训练2026_10_5\runs\seed_2024\cloud_cover\agf\saved_model\epo84.tar,cbf9a235977a9b513e8cc4cd25d87365e21c13cf9fadd0f1ab9e0bb7481444e4
agf,cloud_cover,2025,88,0.15146991888124386,0.24947427900526123,0.16337529050049213,0.25248051496932516,D:\CLCRN-main\修改稿2026_10_5\重新训练2026_10_5\runs\seed_2025\cloud_cover\agf\saved_model\epo88.tar,61e195d0f2f507a8c36e7c49c919ac754320b746a8611d64ee25ec2f4e104112
agf,component_of_wind,2021,86,1.2391839862230642,1.9674431224149693,1.2141238219694641,1.9093847261009904,D:\CLCRN-main\修改稿2026_10_5\重新训练2026_10_5\runs\seed_2021\component_of_wind\agf\saved_model\epo86.tar,a3950948446f286d997021bd29a51ff5b01eb7943289fc96fbaf76364ecc6b7c
agf,component_of_wind,2022,82,1.2547982211585786,2.000378639764861,1.230375729133236,1.941001063272175,D:\CLCRN-main\修改稿2026_10_5\重新训练2026_10_5\runs\seed_2022\component_of_wind\agf\saved_model\epo82.tar,e01801a4adfac5ad2d30815fedfc552800c46a525d75d4bd41661ebac0e703e3
agf,component_of_wind,2023,98,1.233350958748709,1.9667158974837262,1.206280444115538,1.9089485429865496,D:\CLCRN-main\修改稿2026_10_5\重新训练2026_10_5\runs\seed_2023\component_of_wind\agf\saved_model\epo98.tar,9f0cdf074ffe481f2e14fbdea128b5987c4d110b265da52a4b5a5c2204391575
agf,component_of_wind,2024,84,1.2308793236909628,1.9629052217435972,1.2101756069224536,1.9102770306054486,D:\CLCRN-main\修改稿2026_10_5\重新训练2026_10_5\runs\seed_2024\component_of_wind\agf\saved_model\epo84.tar,4c0e2051afbc84b81ba40fe39ba653391367f4080f1b958625f6e93476fba0e5
agf,component_of_wind,2025,94,1.3201305725099926,2.1802616677053845,1.295085124104322,2.12269872082694,D:\CLCRN-main\修改稿2026_10_5\重新训练2026_10_5\runs\seed_2025\component_of_wind\agf\saved_model\epo94.tar,c4f8964c7c45efc183bf65bd10705f5fa59b27fee768efa7aaabfe03d7a68cb3
agf,humidity,2021,97,4.522246124244846,6.9808943697300725,4.516864541100062,6.911006920932409,D:\CLCRN-main\修改稿2026_10_5\重新训练2026_10_5\runs\seed_2021\humidity\agf\saved_model\epo97.tar,3ee8e0868466d65047bce2524743c278e44df38d73eef43aefdc394092afe25e
agf,humidity,2022,85,4.498555753175935,6.946775453592718,4.486407990506053,6.884830453577221,D:\CLCRN-main\修改稿2026_10_5\重新训练2026_10_5\runs\seed_2022\humidity\agf\saved_model\epo85.tar,19513eb36fa660953e6e90e3c778b229d33175fb045e51fae1fd21d72404f61d
agf,humidity,2023,78,4.534773631195974,7.076385319156218,4.518549868713273,7.015740345817925,D:\CLCRN-main\修改稿2026_10_5\重新训练2026_10_5\runs\seed_2023\humidity\agf\saved_model\epo78.tar,6a93eb6500932e7006c80684255958590154752065fad7bbbe6d41df79d9a15d
agf,humidity,2024,87,4.527877067232042,6.986436905515132,4.508701480607993,6.90491324152494,D:\CLCRN-main\修改稿2026_10_5\重新训练2026_10_5\runs\seed_2024\humidity\agf\saved_model\epo87.tar,cd5e444c13c75591f89f09b63461dc2fff1024fe184fd3265fd0d8e8c76b42d0
agf,humidity,2025,94,4.6024189052594435,7.058047218357686,4.619386614932768,7.026053748080551,D:\CLCRN-main\修改稿2026_10_5\重新训练2026_10_5\runs\seed_2025\humidity\agf\saved_model\epo94.tar,9cc43a815db221ea5037a3ea3ebb3f62421850905768ba66085a3ef658d1eb61
agf,temperature,2021,67,1.3252163488816664,2.231554659840211,1.2184369085842002,2.1158465884247946,D:\CLCRN-main\修改稿2026_10_5\重新训练2026_10_5\runs\seed_2021\temperature\agf\saved_model\epo67.tar,b74783874d5e2bba9d0b7014d1903e40e21f05493188a0950708047f9aaa58a9
agf,temperature,2022,100,1.3796941448316802,2.1862313217977993,1.2677123429570405,2.009397952621911,D:\CLCRN-main\修改稿2026_10_5\重新训练2026_10_5\runs\seed_2022\temperature\agf\saved_model\epo100.tar,d9483ef4a5d5ad0f3cfd5e1841bfe36fbc65d6f19ddde32b78a0182f66a45e6e
agf,temperature,2023,87,1.2861805262033676,2.001704622691926,1.316708094429735,2.004689143637505,D:\CLCRN-main\修改稿2026_10_5\重新训练2026_10_5\runs\seed_2023\temperature\agf\saved_model\epo87.tar,ee66072380c8824de448b525421aaf50d22d1ccb86044590dc43430cc0418c9d
agf,temperature,2024,78,1.1091033464636917,1.9559192373327363,1.0339251762148753,1.9037988018649605,D:\CLCRN-main\修改稿2026_10_5\重新训练2026_10_5\runs\seed_2024\temperature\agf\saved_model\epo78.tar,89520814367d5bb69a3dd5f342542e67fc27b023e9988cf8f9665ad12adca2b6
agf,temperature,2025,90,1.354845681925645,2.2148517645764056,1.3547076628950636,2.217836487100417,D:\CLCRN-main\修改稿2026_10_5\重新训练2026_10_5\runs\seed_2025\temperature\agf\saved_model\epo90.tar,f0bfdfa2ff7a776752e2c24bfc30be5c8c4cfae78f2b3238bd856b0f8c4ccfb0
control,cloud_cover,2021,100,0.1466866287118511,0.24944923507433153,0.15822658248592544,0.25201014647228576,D:\CLCRN-main\修改稿2026_10_5\重新训练2026_10_5\runs\seed_2021\cloud_cover\control\saved_model\epo100.tar,5ecfec7bca285d3f0d85224ccd157080fd5ab11e79afdded152e40fadbb6026c
control,cloud_cover,2022,99,0.145769104687806,0.2476435998307364,0.157211558219043,0.2506207268443769,D:\CLCRN-main\修改稿2026_10_5\重新训练2026_10_5\runs\seed_2022\cloud_cover\control\saved_model\epo99.tar,808e8bd1185b41137148dfd538159aa3c74ef4bf87a39be2ae501e69506cfe88
control,cloud_cover,2023,91,0.14955605886183052,0.2522738310709679,0.16142834340966308,0.25548099007461617,D:\CLCRN-main\修改稿2026_10_5\重新训练2026_10_5\runs\seed_2023\cloud_cover\control\saved_model\epo91.tar,735df6d3362757b48b72447d4ee38d8298155c0f91ba8223a8192ea0b37ad89c
control,cloud_cover,2024,91,0.14964946541702648,0.2505125664496,0.1611559850722093,0.25304701415401926,D:\CLCRN-main\修改稿2026_10_5\重新训练2026_10_5\runs\seed_2024\cloud_cover\control\saved_model\epo91.tar,36785e671ac712ad2c284079323c013bbe323999ca36a6993ab5694b0f47fd01
control,cloud_cover,2025,88,0.147864071076147,0.25006081846543615,0.15947548987732482,0.25272786831419825,D:\CLCRN-main\修改稿2026_10_5\重新训练2026_10_5\runs\seed_2025\cloud_cover\control\saved_model\epo88.tar,36891fca0203f5779cc465be3647c06300407d234f31340c49dfe60ec2865731
control,component_of_wind,2021,78,1.2440542426652788,1.9872486127519278,1.216930142890321,1.9269165009943703,D:\CLCRN-main\修改稿2026_10_5\重新训练2026_10_5\runs\seed_2021\component_of_wind\control\saved_model\epo78.tar,dcccbc9422938624b343f72d825a0ca080ded2b2aea32f790ed2a1704a67b5d1
control,component_of_wind,2022,93,1.2356520635059427,1.9606636353213716,1.21431737338672,1.907210096286429,D:\CLCRN-main\修改稿2026_10_5\重新训练2026_10_5\runs\seed_2022\component_of_wind\control\saved_model\epo93.tar,f5122778fae78fc1252d0de1d34d292b78165c7efd9e1c532b9a063f47a32b58
control,component_of_wind,2023,98,1.2258298690380753,1.9364526703280975,1.2066319725083783,1.8882456626347577,D:\CLCRN-main\修改稿2026_10_5\重新训练2026_10_5\runs\seed_2023\component_of_wind\control\saved_model\epo98.tar,f7fe065d3287dd0b1ecd6f5597fc21759c07ea56fc570c33c24a6d954687b866
control,component_of_wind,2024,84,1.2533396351123336,1.990827104455558,1.2310720834476256,1.9359220435053157,D:\CLCRN-main\修改稿2026_10_5\重新训练2026_10_5\runs\seed_2024\component_of_wind\control\saved_model\epo84.tar,dc1c1fe467b49675d753869379f6b2fe7f13cb338ad252ab4251fdd72017b5ef
control,component_of_wind,2025,89,1.251168859071876,1.9862648204633107,1.2266406895970332,1.9280564019614412,D:\CLCRN-main\修改稿2026_10_5\重新训练2026_10_5\runs\seed_2025\component_of_wind\control\saved_model\epo89.tar,f287c425f233a84830922f895cfdfbd2bde2bf4ae1cdeadf74d5847d7cb31005
control,humidity,2021,100,4.667695835435679,7.280818177645251,4.693719816048037,7.276569429417021,D:\CLCRN-main\修改稿2026_10_5\重新训练2026_10_5\runs\seed_2021\humidity\control\saved_model\epo100.tar,504aac6ff00974ceea1dd951f576995d8316b0ddf929262e4e717f15c5ea8c63
control,humidity,2022,89,4.663802094617693,7.281618509492404,4.675466827845109,7.262532644715408,D:\CLCRN-main\修改稿2026_10_5\重新训练2026_10_5\runs\seed_2022\humidity\control\saved_model\epo89.tar,ed09d909f53d2f8c3e4f6a0300d8e9e14eac2d5f63e65aea9f27c828c3c13ad9
control,humidity,2023,82,4.639407184135163,7.185397949289334,4.632992041070141,7.148850594261487,D:\CLCRN-main\修改稿2026_10_5\重新训练2026_10_5\runs\seed_2023\humidity\control\saved_model\epo82.tar,f62968d195b8c987c5dacb205368cc18e3df3bb560e1b871c215b21e41de60a3
control,humidity,2024,85,4.6426453665881695,7.271183973301283,4.6526159135519745,7.2577908818975105,D:\CLCRN-main\修改稿2026_10_5\重新训练2026_10_5\runs\seed_2024\humidity\control\saved_model\epo85.tar,9253a3a89329c84184ef53ab93ea17662840363f6c22a37a894838b1731c32bf
control,humidity,2025,66,4.6263274215027135,7.223203439644952,4.631741604513085,7.193204262551239,D:\CLCRN-main\修改稿2026_10_5\重新训练2026_10_5\runs\seed_2025\humidity\control\saved_model\epo66.tar,eb6637dd3fdd8e8eeee352e39b4e558703513553a3cd62721cdffc4d2bee645a
control,temperature,2021,90,1.2542636168847556,2.0439888416404512,1.2343284990851189,2.0363264211298246,D:\CLCRN-main\修改稿2026_10_5\重新训练2026_10_5\runs\seed_2021\temperature\control\saved_model\epo90.tar,2ad448fbcb1f027b109767cddb0b50c6bc212158b4db26d0f985406e0ad10381
control,temperature,2022,80,1.3380426533202694,2.1233681824613617,1.2822542788430284,2.093471992878013,D:\CLCRN-main\修改稿2026_10_5\重新训练2026_10_5\runs\seed_2022\temperature\control\saved_model\epo80.tar,ccac018c4b93607190755ff9634b54950aaa20ad2537f198392b8d7dcad21247
control,temperature,2023,92,1.1691256662342133,2.0634446306598697,1.0474445503890677,1.9663007430821056,D:\CLCRN-main\修改稿2026_10_5\重新训练2026_10_5\runs\seed_2023\temperature\control\saved_model\epo92.tar,c28dc357de284db02aee283955582b87a5668bfd37db639739629a1acce1d153
control,temperature,2024,66,1.2722258166108094,2.143974014424672,1.1177157375557918,1.9120468441701686,D:\CLCRN-main\修改稿2026_10_5\重新训练2026_10_5\runs\seed_2024\temperature\control\saved_model\epo66.tar,302e7345507d629ac12e45bd2917aab8244c6f4d8791d40242d0294a63b50f70
control,temperature,2025,92,1.256295064297887,2.1313865377354064,1.1790874252681172,2.0591521308617486,D:\CLCRN-main\修改稿2026_10_5\重新训练2026_10_5\runs\seed_2025\temperature\control\saved_model\epo92.tar,a7b084631e1565994b2504641d85db2d4c8c8fc9cafa55d172df079b6acef489
