kind,dataset,seed,ratio,maskseed,mae,rmse,n_examples,clean_mae_same_subset,relative_increase_percent
control,temperature,2021,0.0,,1.2567182270189126,2.0531898669192024,64,1.2567182270189126,0.0
control,temperature,2021,0.1,11,2.711024025901376,6.571573463180221,64,1.2567182270189126,115.72250386884674
control,temperature,2021,0.1,22,2.7116550803863597,6.621094023882123,64,1.2567182270189126,115.77271834584057
control,temperature,2021,0.1,33,2.725035631447099,6.6685851815243495,64,1.2567182270189126,116.83743999728664
control,temperature,2021,0.2,11,4.192898766981671,9.172470530285814,64,1.2567182270189126,233.63873275934998
control,temperature,2021,0.2,22,4.200842206735008,9.232845282982781,64,1.2567182270189126,234.2708107846827
control,temperature,2021,0.2,33,4.189206918982866,9.183637716267306,64,1.2567182270189126,233.3449638046685
control,temperature,2021,0.3,11,5.699935576170295,11.239637690338926,64,1.2567182270189126,353.5571660873599
control,temperature,2021,0.3,22,5.683064707952629,11.199508798737295,64,1.2567182270189126,352.21471176029206
control,temperature,2021,0.3,33,5.675040307794309,11.195390340166954,64,1.2567182270189126,351.57619152673465
control,temperature,2021,0.4,11,7.216246947665543,12.987079005841267,64,1.2567182270189126,474.2135979664552
control,temperature,2021,0.4,22,7.212693324225256,12.976142308248763,64,1.2567182270189126,473.93082786223573
control,temperature,2021,0.4,33,7.2193577557433555,13.000631103930248,64,1.2567182270189126,474.46113221963395
control,temperature,2022,0.0,,1.3397752507492744,2.1298542979629937,64,1.3397752507492744,0.0
control,temperature,2022,0.1,11,2.7650536658572187,6.4302858245111745,64,1.3397752507492744,106.38190355515613
control,temperature,2022,0.1,22,2.7622110555433514,6.45832694668261,64,1.3397752507492744,106.1697328711345
control,temperature,2022,0.1,33,2.774623586961146,6.499946873972043,64,1.3397752507492744,107.09619657546496
control,temperature,2022,0.2,11,4.2239509680463625,8.956118609446595,64,1.3397752507492744,215.2731001475137
control,temperature,2022,0.2,22,4.226528580203497,8.997001723242109,64,1.3397752507492744,215.4654915322398
control,temperature,2022,0.2,33,4.2220988166615525,8.979786046939594,64,1.3397752507492744,215.13485670826717
control,temperature,2022,0.3,11,5.715198130055796,10.968237928428985,64,1.3397752507492744,326.5788703634845
control,temperature,2022,0.3,22,5.702156314267389,10.935764287818834,64,1.3397752507492744,325.6054372610955
control,temperature,2022,0.3,33,5.6898975284420885,10.930388512010296,64,1.3397752507492744,324.6904490331488
control,temperature,2022,0.4,11,7.226536725861176,12.707258414361032,64,1.3397752507492744,439.3842528304436
control,temperature,2022,0.4,22,7.225614805298392,12.700222779770382,64,1.3397752507492744,439.3154412471374
control,temperature,2022,0.4,33,7.232019698237612,12.718572710063173,64,1.3397752507492744,439.79349851350645
control,temperature,2023,0.0,,1.1747416711684007,2.0752714508209413,64,1.1747416711684007,0.0
control,temperature,2023,0.1,11,2.6202005738256653,6.396780792063902,64,1.1747416711684007,123.04483088776514
control,temperature,2023,0.1,22,2.616347081726417,6.4209740326796725,64,1.1747416711684007,122.71680199479027
control,temperature,2023,0.1,33,2.627531821616382,6.462458502951591,64,1.1747416711684007,123.66890407514299
control,temperature,2023,0.2,11,4.094908299846186,8.922385399849324,64,1.1747416711684007,248.5794707336279
control,temperature,2023,0.2,22,4.097312244431426,8.964499528945286,64,1.1747416711684007,248.7841067522726
control,temperature,2023,0.2,33,4.095289017694692,8.947258609348202,64,1.1747416711684007,248.61187937783023
control,temperature,2023,0.3,11,5.6012728440012625,10.936638228903622,64,1.1747416711684007,376.80890032871855
control,temperature,2023,0.3,22,5.587915598929006,10.906718293136075,64,1.1747416711684007,375.67186353160116
control,temperature,2023,0.3,33,5.574840893008513,10.898832983668102,64,1.1747416711684007,374.5588779074947
control,temperature,2023,0.4,11,7.125196426786715,12.680468082444955,64,1.1747416711684007,506.5330448097563
control,temperature,2023,0.4,22,7.124555447876143,12.673154751002679,64,1.1747416711684007,506.478481417114
control,temperature,2023,0.4,33,7.130116600203716,12.690239313702172,64,1.1747416711684007,506.9518750545459
control,temperature,2024,0.0,,1.273688972335852,2.1503688927132365,64,1.273688972335852,0.0
control,temperature,2024,0.1,11,2.7443472558516078,6.626828845991836,64,1.273688972335852,115.46447488029017
control,temperature,2024,0.1,22,2.744475593101621,6.674120521119976,64,1.273688972335852,115.47455090770353
control,temperature,2024,0.1,33,2.7565547739407825,6.724721016325529,64,1.273688972335852,116.4229127999329
control,temperature,2024,0.2,11,4.238450044077278,9.223187117586283,64,1.273688972335852,232.76962713308822
control,temperature,2024,0.2,22,4.242642806319054,9.278819858720688,64,1.273688972335852,233.09880971477352
control,temperature,2024,0.2,33,4.2365827375033405,9.237313155336173,64,1.273688972335852,232.62302096670894
control,temperature,2024,0.3,11,5.755795290014551,11.286536715868543,64,1.273688972335852,351.89959362361793
control,temperature,2024,0.3,22,5.740008512705875,11.247933425897788,64,1.273688972335852,350.6601405348686
control,temperature,2024,0.3,33,5.729361792502459,11.240439644096535,64,1.273688972335852,349.82424413985706
control,temperature,2024,0.4,11,7.2761330044595525,13.024385932629926,64,1.273688972335852,471.26450511035347
control,temperature,2024,0.4,22,7.271828337232971,13.016423622634456,64,1.273688972335852,470.9265366329562
control,temperature,2024,0.4,33,7.278785774920834,13.040312885714945,64,1.273688972335852,471.47277969849074
control,temperature,2025,0.0,,1.2569630548823625,2.138028747808817,64,1.2569630548823625,0.0
control,temperature,2025,0.1,11,2.7292752383315624,6.491444492832139,64,1.2569630548823625,117.13249468473772
control,temperature,2025,0.1,22,2.729091606413325,6.522051963628163,64,1.2569630548823625,117.11788551086228
control,temperature,2025,0.1,33,2.7399617603514344,6.5629907784355215,64,1.2569630548823625,117.98268053374596
control,temperature,2025,0.2,11,4.224357846222119,9.040212764102883,64,1.2569630548823625,236.0765322269135
control,temperature,2025,0.2,22,4.230409747261244,9.085733937412426,64,1.2569630548823625,236.55800230796459
control,temperature,2025,0.2,33,4.226515177753754,9.062736656626408,64,1.2569630548823625,236.24816269156835
control,temperature,2025,0.3,11,5.746346765120204,11.06721751936697,64,1.2569630548823625,357.1611506638909
control,temperature,2025,0.3,22,5.7318005631192745,11.036001922923532,64,1.2569630548823625,356.00390089871865
control,temperature,2025,0.3,33,5.720972680292713,11.0295954396767,64,1.2569630548823625,355.14246883160234
control,temperature,2025,0.4,11,7.2764326637552585,12.814389547958225,64,1.2569630548823625,478.88993916660905
control,temperature,2025,0.4,22,7.272636953246547,12.805725120272163,64,1.2569630548823625,478.5879644590814
control,temperature,2025,0.4,33,7.279368937752831,12.823938028560038,64,1.2569630548823625,479.1235398270395
agf,temperature,2021,0.0,,1.3298430461339497,2.241948745967437,64,1.3298430461339497,0.0
agf,temperature,2021,0.1,11,2.7689585426899916,6.528174045442047,64,1.3298430461339497,108.21694340093467
agf,temperature,2021,0.1,22,2.766836162637143,6.5586423658993045,64,1.3298430461339497,108.05734711932695
agf,temperature,2021,0.1,33,2.777792051434517,6.59903471216867,64,1.3298430461339497,108.88119537940727
agf,temperature,2021,0.2,11,4.23847864518757,9.067003875166504,64,1.3298430461339497,218.72021720980186
agf,temperature,2021,0.2,22,4.239905447864051,9.107633844059754,64,1.3298430461339497,218.8275082679932
agf,temperature,2021,0.2,33,4.237865853996482,9.089228989787268,64,1.3298430461339497,218.67413724624
agf,temperature,2021,0.3,11,5.736819561755207,11.086728218266757,64,1.3298430461339497,331.3907252764144
agf,temperature,2021,0.3,22,5.7233170770729584,11.054333132169566,64,1.3298430461339497,330.3753810430101
agf,temperature,2021,0.3,33,5.712462201481685,11.050030827766088,64,1.3298430461339497,329.5591286572244
agf,temperature,2021,0.4,11,7.253993148187874,12.828042607666609,64,1.3298430461339497,445.4773906797726
agf,temperature,2021,0.4,22,7.251715281464082,12.818184480172775,64,1.3298430461339497,445.3061022912358
agf,temperature,2021,0.4,33,7.257300931834227,12.836206865222703,64,1.3298430461339497,445.72612557040276
agf,temperature,2022,0.0,,1.3869567794220832,2.2000197510534534,64,1.3869567794220832,0.0
agf,temperature,2022,0.1,11,2.836292360928686,6.657507675747194,64,1.3869567794220832,104.49753034918015
agf,temperature,2022,0.1,22,2.8363095668998235,6.705630187141329,64,1.3869567794220832,104.49877090486237
agf,temperature,2022,0.1,33,2.846407116691504,6.7443200869477495,64,1.3869567794220832,105.22680727495666
agf,temperature,2022,0.2,11,4.307007022551261,9.247361486580068,64,1.3869567794220832,210.53649879024374
agf,temperature,2022,0.2,22,4.310339112591464,9.298950540553749,64,1.3869567794220832,210.7767434820496
agf,temperature,2022,0.2,33,4.302962360544673,9.26115699748973,64,1.3869567794220832,210.24487744583004
agf,temperature,2022,0.3,11,5.799324655837457,11.296760501057955,64,1.3869567794220832,318.1330479709626
agf,temperature,2022,0.3,22,5.785197278048145,11.256894237442632,64,1.3869567794220832,317.11445979295183
agf,temperature,2022,0.3,33,5.771986206993461,11.248377100082365,64,1.3869567794220832,316.16193760547685
agf,temperature,2022,0.4,11,7.29724281837116,13.023720258464905,64,1.3869567794220832,426.1333969910565
agf,temperature,2022,0.4,22,7.296005513858593,13.018054875347943,64,1.3869567794220832,426.04418696440496
agf,temperature,2022,0.4,33,7.300674372439971,13.036231135952152,64,1.3869567794220832,426.3808130691725
agf,temperature,2023,0.0,,1.290341388977443,2.0107167791560854,64,1.290341388977443,0.0
agf,temperature,2023,0.1,11,2.7088847211853135,6.364931867886903,64,1.290341388977443,109.93550577588027
agf,temperature,2023,0.1,22,2.705291728004037,6.386899836309191,64,1.290341388977443,109.65705286318838
agf,temperature,2023,0.1,33,2.7180439991255603,6.430616285243751,64,1.290341388977443,110.6453394693887
agf,temperature,2023,0.2,11,4.161235291064561,8.897636146644972,64,1.290341388977443,222.49103428064222
agf,temperature,2023,0.2,22,4.1640629766819375,8.939429688907795,64,1.290341388977443,222.7101767216684
agf,temperature,2023,0.2,33,4.157778513026035,8.919892021039733,64,1.290341388977443,222.22313788763688
agf,temperature,2023,0.3,11,5.63999283144949,10.911275303505677,64,1.290341388977443,337.09307316872287
agf,temperature,2023,0.3,22,5.627622782466157,10.882126341977488,64,1.290341388977443,336.1344083464516
agf,temperature,2023,0.3,33,5.617292441883667,10.87701549471509,64,1.290341388977443,335.33381862107075
agf,temperature,2023,0.4,11,7.144905317991895,12.66363835435669,64,1.290341388977443,453.72209083783775
agf,temperature,2023,0.4,22,7.141551213688217,12.65370393970767,64,1.290341388977443,453.4621515432968
agf,temperature,2023,0.4,33,7.146974698688912,12.671775330475532,64,1.290341388977443,453.8824655041621
agf,temperature,2024,0.0,,1.1111417720482375,1.965727189839363,64,1.1111417720482375,0.0
agf,temperature,2024,0.1,11,2.6261811404838227,6.702205086016509,64,1.1111417720482375,136.3497806083573
agf,temperature,2024,0.1,22,2.627444284114366,6.750316129496101,64,1.1111417720482375,136.46346039813017
agf,temperature,2024,0.1,33,2.641778748113817,6.806941015191352,64,1.1111417720482375,137.75352655890708
agf,temperature,2024,0.2,11,4.161115571895304,9.357205936320726,64,1.1111417720482375,274.4900674758054
agf,temperature,2024,0.2,22,4.169683157049197,9.417543335236843,64,1.1111417720482375,275.2611288623375
agf,temperature,2024,0.2,33,4.161522750073345,9.376398227642378,64,1.1111417720482375,274.52671250061536
agf,temperature,2024,0.3,11,5.71756869831006,11.448507350665711,64,1.1111417720482375,414.56698345257115
agf,temperature,2024,0.3,22,5.703270122709607,11.411262120891594,64,1.1111417720482375,413.28014715857637
agf,temperature,2024,0.3,33,5.69077148277817,11.403041745659493,64,1.1111417720482375,412.1553006047116
agf,temperature,2024,0.4,11,7.27232084692029,13.198355430048176,64,1.1111417720482375,554.4908156512525
agf,temperature,2024,0.4,22,7.270487538422458,13.195015865349292,64,1.1111417720482375,554.3258224394094
agf,temperature,2024,0.4,33,7.277628903267517,13.21572188501317,64,1.1111417720482375,554.9685275401181
agf,temperature,2025,0.0,,1.3556108928460162,2.2202691435960418,64,1.3556108928460162,0.0
agf,temperature,2025,0.1,11,2.861758033900211,6.8554091252919145,64,1.3556108928460162,111.10467974273486
agf,temperature,2025,0.1,22,2.863909539562883,6.914930883752811,64,1.3556108928460162,111.26339089458722
agf,temperature,2025,0.1,33,2.8776232687426577,6.964734253819034,64,1.3556108928460162,112.27501814339043
agf,temperature,2025,0.2,11,4.384933313529473,9.526247530965003,64,1.3556108928460162,223.46548236445582
agf,temperature,2025,0.2,22,4.392963227001019,9.587482770339482,64,1.3556108928460162,224.0578288492711
agf,temperature,2025,0.2,33,4.3768602357401205,9.534437072400406,64,1.3556108928460162,222.8699517566718
agf,temperature,2025,0.3,11,5.919144625998645,11.624043719604796,64,1.3556108928460162,336.6403853226488
agf,temperature,2025,0.3,22,5.902510131243616,11.583693846293633,64,1.3556108928460162,335.41330055645125
agf,temperature,2025,0.3,33,5.895402179342152,11.586107326313481,64,1.3556108928460162,334.8889648537083
agf,temperature,2025,0.4,11,7.451271731581073,13.377553506629745,64,1.3556108928460162,449.66154159012524
agf,temperature,2025,0.4,22,7.451317255229999,13.3752110204335,64,1.3556108928460162,449.66489975500616
agf,temperature,2025,0.4,33,7.455002372482947,13.391682271814721,64,1.3556108928460162,449.93674156982155
control,humidity,2021,0.0,,4.656987518705137,7.241206524841986,64,4.656987518705137,0.0
control,humidity,2021,0.1,11,5.4742295551041025,8.891001038995348,64,4.656987518705137,17.5487272215451
control,humidity,2021,0.1,22,5.469163342206836,8.86834657424418,64,4.656987518705137,17.43993988043848
control,humidity,2021,0.1,33,5.463320522777697,8.878538154890208,64,4.656987518705137,17.314476382723033
control,humidity,2021,0.2,11,6.295012310770592,10.243906458000748,64,4.656987518705137,35.17348469340335
control,humidity,2021,0.2,22,6.299992806025936,10.262071810190044,64,4.656987518705137,35.28043141025281
control,humidity,2021,0.2,33,6.293499800827703,10.244189056749473,64,4.656987518705137,35.141006402731236
control,humidity,2021,0.3,11,7.131816429634152,11.464520881727577,64,4.656987518705137,53.14227064145396
control,humidity,2021,0.3,22,7.126086662324572,11.463100946920056,64,4.656987518705137,53.01923472420991
control,humidity,2021,0.3,33,7.138321320477796,11.49213835708841,64,4.656987518705137,53.28195087073344
control,humidity,2021,0.4,11,7.991263686031743,12.594563743104564,64,4.656987518705137,71.59727514695366
control,humidity,2021,0.4,22,7.991726231395053,12.604154914775352,64,4.656987518705137,71.60720743389778
control,humidity,2021,0.4,33,8.01537081986074,12.635342912014297,64,4.656987518705137,72.11493025623126
control,humidity,2022,0.0,,4.659111722236655,7.25275233636044,64,4.659111722236655,0.0
control,humidity,2022,0.1,11,5.51267163195007,8.919280788042993,64,4.659111722236655,18.320228416923534
control,humidity,2022,0.1,22,5.511206904397113,8.90169912064235,64,4.659111722236655,18.288790502568197
control,humidity,2022,0.1,33,5.503122910818395,8.911381592946112,64,4.659111722236655,18.115281171591313
control,humidity,2022,0.2,11,6.3695290050818585,10.292847629133819,64,4.659111722236655,36.71123134227183
control,humidity,2022,0.2,22,6.374878874424515,10.309916930606056,64,4.659111722236655,36.826057293259936
control,humidity,2022,0.2,33,6.36838013707893,10.292973338707878,64,4.659111722236655,36.68657282211989
control,humidity,2022,0.3,11,7.239975843137169,11.536933049864231,64,4.659111722236655,55.3939092849558
control,humidity,2022,0.3,22,7.233718840337436,11.534526609871524,64,4.659111722236655,55.25961323942698
control,humidity,2022,0.3,33,7.244338243738942,11.561782453865503,64,4.659111722236655,55.48754087959973
control,humidity,2022,0.4,11,8.123180261119463,12.681084027475938,64,4.659111722236655,74.35040723212893
control,humidity,2022,0.4,22,8.12764713391031,12.691467745579233,64,4.659111722236655,74.44628114666779
control,humidity,2022,0.4,33,8.14902802308643,12.72161688536007,64,4.659111722236655,74.90518598627646
control,humidity,2023,0.0,,4.636350479949518,7.156033420659403,64,4.636350479949518,0.0
control,humidity,2023,0.1,11,5.471924256327232,8.856031126746503,64,4.636350479949518,18.022230631425696
control,humidity,2023,0.1,22,5.466032168493257,8.830961426115275,64,4.636350479949518,17.895146023403584
control,humidity,2023,0.1,33,5.455892576770566,8.836108899087867,64,4.636350479949518,17.676448326442575
control,humidity,2023,0.2,11,6.303390501600613,10.2370640036462,64,4.636350479949518,35.95586720331907
control,humidity,2023,0.2,22,6.308176870123134,10.255366176903795,64,4.636350479949518,36.059102895772014
control,humidity,2023,0.2,33,6.3018161177703105,10.235488070323315,64,4.636350479949518,35.92190980865897
control,humidity,2023,0.3,11,7.153210391945322,11.486041860515384,64,4.636350479949518,54.28536783145024
control,humidity,2023,0.3,22,7.147002825629897,11.484227288133159,64,4.636350479949518,54.151478766284235
control,humidity,2023,0.3,33,7.157272365422007,11.51032268679961,64,4.636350479949518,54.37297927269593
control,humidity,2023,0.4,11,8.018907652168613,12.63543437323533,64,4.636350479949518,72.95732250716141
control,humidity,2023,0.4,22,8.020245999306402,12.645264306963695,64,4.636350479949518,72.98618889988941
control,humidity,2023,0.4,33,8.041640672951567,12.674249236231653,64,4.636350479949518,73.4476439546289
control,humidity,2024,0.0,,4.634641039769728,7.232211045481523,64,4.634641039769728,0.0
control,humidity,2024,0.1,11,5.46706487674237,8.895112695710528,64,4.634641039769728,17.960912826465638
control,humidity,2024,0.1,22,5.460851271413655,8.870314204075619,64,4.634641039769728,17.826844076040405
control,humidity,2024,0.1,33,5.4556799368947395,8.882682600160214,64,4.634641039769728,17.715264031878597
control,humidity,2024,0.2,11,6.297678843225488,10.258733744522718,64,4.634641039769728,35.882774721607944
control,humidity,2024,0.2,22,6.300440877530491,10.270953504061106,64,4.634641039769728,35.94237015265216
control,humidity,2024,0.2,33,6.296045680785028,10.254528460819413,64,4.634641039769728,35.84753655695947
control,humidity,2024,0.3,11,7.140700709283313,11.48412226718446,64,4.634641039769728,54.07235744924268
control,humidity,2024,0.3,22,7.135992408055851,11.482289851550073,64,4.634641039769728,53.97076810959243
control,humidity,2024,0.3,33,7.143458764257957,11.507200021941161,64,4.634641039769728,54.131867019692194
control,humidity,2024,0.4,11,8.002696564268263,12.61928059320171,64,4.634641039769728,72.67133518210672
control,humidity,2024,0.4,22,8.004378961641729,12.631906710283776,64,4.634641039769728,72.70763567137932
control,humidity,2024,0.4,33,8.026089802585679,12.662149913548705,64,4.634641039769728,73.17608275838454
control,humidity,2025,0.0,,4.615882825952819,7.182270760905967,64,4.615882825952819,0.0
control,humidity,2025,0.1,11,5.432442768646676,8.822168615271014,64,4.615882825952819,17.69022250960848
control,humidity,2025,0.1,22,5.4272746424127645,8.801199289755138,64,4.615882825952819,17.578258527228897
control,humidity,2025,0.1,33,5.4207118486859445,8.810022587846845,64,4.615882825952819,17.436080010696344
control,humidity,2025,0.2,11,6.255393401312176,10.182813146718907,64,4.615882825952819,35.51889502353054
control,humidity,2025,0.2,22,6.26069312732822,10.200455066206949,64,4.615882825952819,35.63371002676776
control,humidity,2025,0.2,33,6.254671700839633,10.180828142070919,64,4.615882825952819,35.50325986770542
control,humidity,2025,0.3,11,7.096079226668128,11.412552161073767,64,4.615882825952819,53.7317885707669
control,humidity,2025,0.3,22,7.093678617362457,11.41842197120584,64,4.615882825952819,53.67978098313549
control,humidity,2025,0.3,33,7.102056423364654,11.442711745134984,64,4.615882825952819,53.86128052110235
control,humidity,2025,0.4,11,7.958965019667327,12.563866395446658,64,4.615882825952819,72.42562950077536
control,humidity,2025,0.4,22,7.960382498531544,12.573165127762003,64,4.615882825952819,72.45633822796069
control,humidity,2025,0.4,33,7.986175846068363,12.6046211422909,64,4.615882825952819,73.01513377172529
agf,humidity,2021,0.0,,4.514918259577826,6.954202053171756,64,4.514918259577826,0.0
agf,humidity,2021,0.1,11,5.32526424950629,8.622078559262265,64,4.514918259577826,17.948187394299286
agf,humidity,2021,0.1,22,5.320139963975332,8.598884926952062,64,4.514918259577826,17.834690643387184
agf,humidity,2021,0.1,33,5.310350960251526,8.60511563840616,64,4.514918259577826,17.617876004428012
agf,humidity,2021,0.2,11,6.141080943394627,9.969997041880204,64,4.514918259577826,36.01754429035573
agf,humidity,2021,0.2,22,6.147140930726891,9.996171398363897,64,4.514918259577826,36.151765708858896
agf,humidity,2021,0.2,33,6.1407647295927745,9.97808025522927,64,4.514918259577826,36.01054053561042
agf,humidity,2021,0.3,11,6.993152350803332,11.211310611430932,64,4.514918259577826,54.889899412204144
agf,humidity,2021,0.3,22,6.982731663107795,11.208438774168773,64,4.514918259577826,54.659093734306616
agf,humidity,2021,0.3,33,6.993638379120966,11.227663300385325,64,4.514918259577826,54.900664353886164
agf,humidity,2021,0.4,11,7.867042993367552,12.357254817573416,64,4.514918259577826,74.24552430553133
agf,humidity,2021,0.4,22,7.87123522592204,12.36916118301483,64,4.514918259577826,74.33837720592646
agf,humidity,2021,0.4,33,7.884521210689854,12.386382364033631,64,4.514918259577826,74.63264576194362
agf,humidity,2022,0.0,,4.491672632410579,6.918873671270466,64,4.491672632410579,0.0
agf,humidity,2022,0.1,11,5.3236902193239075,8.550700421088218,64,4.491672632410579,18.523558037372002
agf,humidity,2022,0.1,22,5.321294172375929,8.53195267661947,64,4.491672632410579,18.470213834798322
agf,humidity,2022,0.1,33,5.311146007714949,8.527001247734196,64,4.491672632410579,18.244280969883953
agf,humidity,2022,0.2,11,6.164394880967545,9.900504084791097,64,4.491672632410579,37.24052007902574
agf,humidity,2022,0.2,22,6.167267776584292,9.919693256676206,64,4.491672632410579,37.30448056439186
agf,humidity,2022,0.2,33,6.16553975744561,9.909673100583175,64,4.491672632410579,37.266008946353324
agf,humidity,2022,0.3,11,7.02262224235407,11.13622005884161,64,4.491672632410579,56.34759736675616
agf,humidity,2022,0.3,22,7.020881456812883,11.145002183614011,64,4.491672632410579,56.30884152492062
agf,humidity,2022,0.3,33,7.0311569650730235,11.161117962254238,64,4.491672632410579,56.53760949402851
agf,humidity,2022,0.4,11,7.908909356699344,12.294112006929659,64,4.491672632410579,76.0793807552001
agf,humidity,2022,0.4,22,7.916481299810887,12.309730029384777,64,4.491672632410579,76.2479581144873
agf,humidity,2022,0.4,33,7.932093096569588,12.332356697693049,64,4.491672632410579,76.5955301224304
agf,humidity,2023,0.0,,4.529184175313276,7.049101009122756,64,4.529184175313276,0.0
agf,humidity,2023,0.1,11,5.342212189951776,8.672553195052975,64,4.529184175313276,17.950871131935475
agf,humidity,2023,0.1,22,5.340942760184892,8.652495410509704,64,4.529184175313276,17.92284335214671
agf,humidity,2023,0.1,33,5.3320365278874915,8.656899921962264,64,4.529184175313276,17.726202368855624
agf,humidity,2023,0.2,11,6.168025775679173,10.01257039249336,64,4.529184175313276,36.18403529047352
agf,humidity,2023,0.2,22,6.172350702916447,10.03435795119329,64,4.529184175313276,36.27952549510787
agf,humidity,2023,0.2,33,6.170364848609704,10.021687572125657,64,4.529184175313276,36.23567975534823
agf,humidity,2023,0.3,11,7.020113970691455,11.243200583414197,64,4.529184175313276,54.997317374621566
agf,humidity,2023,0.3,22,7.012040534478729,11.236259211963967,64,4.529184175313276,54.8190637223031
agf,humidity,2023,0.3,33,7.020954604961541,11.262200418403774,64,4.529184175313276,55.01587776513668
agf,humidity,2023,0.4,11,7.893576825777321,12.385171502953092,64,4.529184175313276,74.28253125147721
agf,humidity,2023,0.4,22,7.899004692856882,12.397706010494932,64,4.529184175313276,74.40237329961352
agf,humidity,2023,0.4,33,7.915597441695961,12.422195576026468,64,4.529184175313276,74.76872512362456
agf,humidity,2024,0.0,,4.5240209353360115,6.964205056742686,64,4.5240209353360115,0.0
agf,humidity,2024,0.1,11,5.353380922446377,8.633799346312282,64,4.5240209353360115,18.33236403997247
agf,humidity,2024,0.1,22,5.350609608052764,8.61484675091936,64,4.5240209353360115,18.271106268772375
agf,humidity,2024,0.1,33,5.343193620171708,8.623372171102055,64,4.5240209353360115,18.107181565791187
agf,humidity,2024,0.2,11,6.186853753305816,10.003184958850794,64,4.5240209353360115,36.75563932478356
agf,humidity,2024,0.2,22,6.191485567658674,10.019340940373349,64,4.5240209353360115,36.85802201529413
agf,humidity,2024,0.2,33,6.187209748017874,10.001868923280522,64,4.5240209353360115,36.76350831383437
agf,humidity,2024,0.3,11,7.0445805950512295,11.248328197957468,64,4.5240209353360115,55.71503084850355
agf,humidity,2024,0.3,22,7.03646202563444,11.245798520650558,64,4.5240209353360115,55.53557612155087
agf,humidity,2024,0.3,33,7.048172158387994,11.272902340395602,64,4.5240209353360115,55.79441959113098
agf,humidity,2024,0.4,11,7.922667587265702,12.410512999412909,64,4.5240209353360115,75.12446782426889
agf,humidity,2024,0.4,22,7.924533573018077,12.418923725891462,64,4.5240209353360115,75.16571400281329
agf,humidity,2024,0.4,33,7.941572977712592,12.441985765308381,64,4.5240209353360115,75.5423569259577
agf,humidity,2025,0.0,,4.6003122881278005,7.046142565050034,64,4.6003122881278005,0.0
agf,humidity,2025,0.1,11,5.42179848208616,8.68391632934164,64,4.6003122881278005,17.857183219460993
agf,humidity,2025,0.1,22,5.4157321019059355,8.66174210089449,64,4.6003122881278005,17.72531434186586
agf,humidity,2025,0.1,33,5.410202764954495,8.667321672575085,64,4.6003122881278005,17.605119524533364
agf,humidity,2025,0.2,11,6.241637954983162,10.017795474167263,64,4.6003122881278005,35.67857058511423
agf,humidity,2025,0.2,22,6.246433217946712,10.045319203236332,64,4.6003122881278005,35.782808355578766
agf,humidity,2025,0.2,33,6.2449976686548325,10.027483304636513,64,4.6003122881278005,35.7516028807769
agf,humidity,2025,0.3,11,7.088132715968338,11.248731184742443,64,4.6003122881278005,54.07938139897479
agf,humidity,2025,0.3,22,7.080321573654753,11.246823558795494,64,4.6003122881278005,53.909585484602985
agf,humidity,2025,0.3,33,7.095975145258611,11.281278496283054,64,4.6003122881278005,54.249857418842225
agf,humidity,2025,0.4,11,7.953235190616397,12.386624792582435,64,4.6003122881278005,72.8846802670682
agf,humidity,2025,0.4,22,7.959528487537075,12.404930127915854,64,4.6003122881278005,73.02148178241139
agf,humidity,2025,0.4,33,7.972953633364038,12.422880222346121,64,4.6003122881278005,73.31331296660318
control,component_of_wind,2021,0.0,,1.246316334975603,1.9910774116281813,64,1.246316334975603,0.0
control,component_of_wind,2021,0.1,11,1.494324582037078,2.4153499645384517,64,1.246316334975603,19.899301654128585
control,component_of_wind,2021,0.1,22,1.494470627001082,2.4115248297114484,64,1.246316334975603,19.911019783780382
control,component_of_wind,2021,0.1,33,1.4943199952337143,2.4142160737978013,64,1.246316334975603,19.89893362530357
control,component_of_wind,2021,0.2,11,1.7535236850957645,2.7907313554831013,64,1.246316334975603,40.69651788124003
control,component_of_wind,2021,0.2,22,1.7590047941075941,2.804602158008201,64,1.246316334975603,41.13630261790857
control,component_of_wind,2021,0.2,33,1.7538281839910834,2.795639027352163,64,1.246316334975603,40.72094979204579
control,component_of_wind,2021,0.3,11,2.026849302640334,3.157643960370595,64,1.246316334975603,62.62719550089264
control,component_of_wind,2021,0.3,22,2.0309668943780834,3.16343914361603,64,1.246316334975603,62.95757645011049
control,component_of_wind,2021,0.3,33,2.0221514875918416,3.149083908704199,64,1.246316334975603,62.25025949221998
control,component_of_wind,2021,0.4,11,2.3038053535433805,3.4905061774597166,64,1.246316334975603,84.84916621015628
control,component_of_wind,2021,0.4,22,2.305484514716183,3.4894224701686483,64,1.246316334975603,84.9838961439363
control,component_of_wind,2021,0.4,33,2.302220118503373,3.4876052921029395,64,1.246316334975603,84.72197257596238
control,component_of_wind,2022,0.0,,1.2362357394345291,1.9620700362878905,64,1.2362357394345291,0.0
control,component_of_wind,2022,0.1,11,1.4893897893380057,2.398469379238647,64,1.2362357394345291,20.47781356161671
control,component_of_wind,2022,0.1,22,1.4900115335828314,2.3958918097428272,64,1.2362357394345291,20.528106901713006
control,component_of_wind,2022,0.1,33,1.4905851857557029,2.4001881521108683,64,1.2362357394345291,20.57451003944577
control,component_of_wind,2022,0.2,11,1.7515326216410827,2.7807288154255807,64,1.2362357394345291,41.682736210349105
control,component_of_wind,2022,0.2,22,1.756401209475623,2.793507271927973,64,1.2362357394345291,42.07655978939944
control,component_of_wind,2022,0.2,33,1.7514888354643172,2.784352352612786,64,1.2362357394345291,41.67919431495095
control,component_of_wind,2022,0.3,11,2.027126082483248,3.1508175982145596,64,1.2362357394345291,63.97568989636903
control,component_of_wind,2022,0.3,22,2.029712337814715,3.1551737211850117,64,1.2362357394345291,64.18489395421723
control,component_of_wind,2022,0.3,33,2.021226465454783,3.1407328505201444,64,1.2362357394345291,63.49846562269097
control,component_of_wind,2022,0.4,11,2.3022221044568654,3.4828392751921067,64,1.2362357394345291,86.22840539377488
control,component_of_wind,2022,0.4,22,2.3040305856731265,3.481785226462455,64,1.2362357394345291,86.37469474285066
control,component_of_wind,2022,0.4,33,2.301312697494686,3.480706347436902,64,1.2362357394345291,86.15484280913421
control,component_of_wind,2023,0.0,,1.2260778152503644,1.937928307679782,64,1.2260778152503644,0.0
control,component_of_wind,2023,0.1,11,1.4868388105292603,2.3950207870123137,64,1.2260778152503644,21.26789931564406
control,component_of_wind,2023,0.1,22,1.4870513857121956,2.392350955826267,64,1.2260778152503644,21.28523713713395
control,component_of_wind,2023,0.1,33,1.4870858898964319,2.3952279142718695,64,1.2260778152503644,21.288051329170308
control,component_of_wind,2023,0.2,11,1.7550538163225653,2.790650594642292,64,1.2260778152503644,43.143754376159585
control,component_of_wind,2023,0.2,22,1.7598445240907405,2.8036139499536175,64,1.2260778152503644,43.534488773975674
control,component_of_wind,2023,0.2,33,1.7544989701510818,2.7950213968944007,64,1.2260778152503644,43.09850062761424
control,component_of_wind,2023,0.3,11,2.036088479971466,3.1703137218675144,64,1.2260778152503644,66.06519216365545
control,component_of_wind,2023,0.3,22,2.0386660898569047,3.174647954984973,64,1.2260778152503644,66.2754243245654
control,component_of_wind,2023,0.3,33,2.030848422370198,3.160837285363767,64,1.2260778152503644,65.63780839273238
control,component_of_wind,2023,0.4,11,2.316098130757233,3.5086454570569994,64,1.2260778152503644,88.90302898795106
control,component_of_wind,2023,0.4,22,2.3169451200577953,3.506247429357513,64,1.2260778152503644,88.97211019063063
control,component_of_wind,2023,0.4,33,2.314311524092338,3.505794454843975,64,1.2260778152503644,88.75731175510724
control,component_of_wind,2024,0.0,,1.2565546488895478,1.9960468964383988,64,1.2565546488895478,0.0
control,component_of_wind,2024,0.1,11,1.5087285422754928,2.4305784395711285,64,1.2565546488895478,20.06867696592409
control,component_of_wind,2024,0.1,22,1.5086642685534042,2.4264964788324233,64,1.2565546488895478,20.06356189017744
control,component_of_wind,2024,0.1,33,1.5087325976680301,2.4299010275855983,64,1.2565546488895478,20.068999704974154
control,component_of_wind,2024,0.2,11,1.770032457575508,2.8112390205667652,64,1.2565546488895478,40.8639456421362
control,component_of_wind,2024,0.2,22,1.7745405699626258,2.8233769619392284,64,1.2565546488895478,41.222713355987864
control,component_of_wind,2024,0.2,33,1.7699046028988548,2.81624153368466,64,1.2565546488895478,40.85377062294653
control,component_of_wind,2024,0.3,11,2.0435952205705625,3.178421690275339,64,1.2565546488895478,62.63480640309152
control,component_of_wind,2024,0.3,22,2.047508087045783,3.1846617881154353,64,1.2565546488895478,62.94620284563213
control,component_of_wind,2024,0.3,33,2.039364137776681,3.1701787119660123,64,1.2565546488895478,62.2980854496797
control,component_of_wind,2024,0.4,11,2.319158242152833,3.5103116268798216,64,1.2565546488895478,84.56485312456068
control,component_of_wind,2024,0.4,22,2.3202628090112505,3.5091413812154006,64,1.2565546488895478,84.65275752723775
control,component_of_wind,2024,0.4,33,2.317928725278153,3.5079371040738625,64,1.2565546488895478,84.46700486338344
control,component_of_wind,2025,0.0,,1.2536667734887412,1.992010063783557,64,1.2536667734887412,0.0
control,component_of_wind,2025,0.1,11,1.499827213078844,2.4158881685957616,64,1.2536667734887412,19.635236794629265
control,component_of_wind,2025,0.1,22,1.500026388732626,2.4130594927571987,64,1.2536667734887412,19.65112424239399
control,component_of_wind,2025,0.1,33,1.5002843300444322,2.4170297227318795,64,1.2536667734887412,19.671699192393554
control,component_of_wind,2025,0.2,11,1.7590732341152442,2.794341106783299,64,1.2536667734887412,40.314258247432264
control,component_of_wind,2025,0.2,22,1.7638700832323349,2.8080820078049844,64,1.2536667734887412,40.69688377588445
control,component_of_wind,2025,0.2,33,1.758426566453262,2.7984785710275855,64,1.2536667734887412,40.2626761463782
control,component_of_wind,2025,0.3,11,2.0324371110867823,3.1622455517560017,64,1.2536667734887412,62.11940477858049
control,component_of_wind,2025,0.3,22,2.0354304330028086,3.1671900644739948,64,1.2536667734887412,62.35817013308507
control,component_of_wind,2025,0.3,33,2.0279002976851466,3.1538896667691456,64,1.2536667734887412,61.75752126235628
control,component_of_wind,2025,0.4,11,2.3092207054856395,3.4954537735925757,64,1.2536667734887412,84.1973285340786
control,component_of_wind,2025,0.4,22,2.309770838413332,3.492730036506202,64,1.2536667734887412,84.24121044427405
control,component_of_wind,2025,0.4,33,2.30835647466847,3.4937952572743294,64,1.2536667734887412,84.12839228758588
agf,component_of_wind,2021,0.0,,1.2409491821258858,1.9709740994042901,64,1.2409491821258858,0.0
agf,component_of_wind,2021,0.1,11,1.4912217268967431,2.3989046936765885,64,1.2409491821258858,20.16783188027993
agf,component_of_wind,2021,0.1,22,1.4916649931366888,2.395897833813665,64,1.2409491821258858,20.203551815175746
agf,component_of_wind,2021,0.1,33,1.4915467235920705,2.3998905344478008,64,1.2409491821258858,20.194021244035376
agf,component_of_wind,2021,0.2,11,1.7516426070348838,2.7783120998982067,64,1.2409491821258858,41.153451911231585
agf,component_of_wind,2021,0.2,22,1.756724581474354,2.7917599291938178,64,1.2409491821258858,41.56297508209698
agf,component_of_wind,2021,0.2,33,1.7514142702330595,2.782393439497748,64,1.2409491821258858,41.135051737790704
agf,component_of_wind,2021,0.3,11,2.027717924379189,3.149438961986289,64,1.2409491821258858,63.40056092429827
agf,component_of_wind,2021,0.3,22,2.0299463333069965,3.153052576514611,64,1.2409491821258858,63.580133864101484
agf,component_of_wind,2021,0.3,33,2.021972938293594,3.1392112447481404,64,1.2409491821258858,62.93760996963036
agf,component_of_wind,2021,0.4,11,2.304553608872576,3.4834690443937335,64,1.2409491821258858,85.70894296611051
agf,component_of_wind,2021,0.4,22,2.305071409862331,3.4812667154553765,64,1.2409491821258858,85.75066917031073
agf,component_of_wind,2021,0.4,33,2.3021843885905766,3.480761866898214,64,1.2409491821258858,85.51802295777135
agf,component_of_wind,2022,0.0,,1.258158714186223,2.0071688608020284,64,1.258158714186223,0.0
agf,component_of_wind,2022,0.1,11,1.5103332838791736,2.437385472110709,64,1.258158714186223,20.043144545245806
agf,component_of_wind,2022,0.1,22,1.511076843434631,2.4354530483737613,64,1.258158714186223,20.102243572027835
agf,component_of_wind,2022,0.1,33,1.5111640950369676,2.439129115951602,64,1.258158714186223,20.10917843655269
agf,component_of_wind,2022,0.2,11,1.7723869215892272,2.818085427693852,64,1.258158714186223,40.87148955095121
agf,component_of_wind,2022,0.2,22,1.7772960220444318,2.8307502448233532,64,1.258158714186223,41.26167088497947
agf,component_of_wind,2022,0.2,33,1.7727304094718666,2.823051078011308,64,1.258158714186223,40.8987903897696
agf,component_of_wind,2022,0.3,11,2.0490254663036893,3.1890039630266687,64,1.258158714186223,62.85906088000981
agf,component_of_wind,2022,0.3,22,2.0512713222103884,3.1929660007504643,64,1.258158714186223,63.037564266059285
agf,component_of_wind,2022,0.3,33,2.0441631258271555,3.1797123390154463,64,1.258158714186223,62.472596086521584
agf,component_of_wind,2022,0.4,11,2.325940326602595,3.521134945614375,64,1.258158714186223,84.8685941111184
agf,component_of_wind,2022,0.4,22,2.3269979673597043,3.5197214974476734,64,1.258158714186223,84.95265669759374
agf,component_of_wind,2022,0.4,33,2.3238678218831126,3.5186126710179724,64,1.258158714186223,84.70386889035619
agf,component_of_wind,2023,0.0,,1.2346113994719008,1.9701819924836783,64,1.2346113994719008,0.0
agf,component_of_wind,2023,0.1,11,1.4835902173795041,2.3970202222243286,64,1.2346113994719008,20.166573710084236
agf,component_of_wind,2023,0.1,22,1.4834334381627936,2.393495716593464,64,1.2346113994719008,20.153875040950165
agf,component_of_wind,2023,0.1,33,1.4831217252340505,2.3951132295421464,64,1.2346113994719008,20.128627183294178
agf,component_of_wind,2023,0.2,11,1.7423225470957107,2.774092592285188,64,1.2346113994719008,41.123154041909935
agf,component_of_wind,2023,0.2,22,1.7477689878132263,2.78741999820393,64,1.2346113994719008,41.56430019687378
agf,component_of_wind,2023,0.2,33,1.742424393892506,2.778928211892293,64,1.2346113994719008,41.131403341798055
agf,component_of_wind,2023,0.3,11,2.016553733138688,3.142325680820555,64,1.2346113994719008,63.33509750527651
agf,component_of_wind,2023,0.3,22,2.0205897914079807,3.1489749864987093,64,1.2346113994719008,63.66200670691025
agf,component_of_wind,2023,0.3,33,2.011923742466287,3.134034127099821,64,1.2346113994719008,62.960081473966454
agf,component_of_wind,2023,0.4,11,2.2937250811105527,3.477884453339365,64,1.2346113994719008,85.78518569419356
agf,component_of_wind,2023,0.4,22,2.2946829565954006,3.475425759364867,64,1.2346113994719008,85.86277087486316
agf,component_of_wind,2023,0.4,33,2.291635678999075,3.474946794519862,64,1.2346113994719008,85.61595008593889
agf,component_of_wind,2024,0.0,,1.2322564329229297,1.967067502701195,64,1.2322564329229297,0.0
agf,component_of_wind,2024,0.1,11,1.4835498514278942,2.3946286651875863,64,1.2322564329229297,20.39294839864563
agf,component_of_wind,2024,0.1,22,1.4835133128373397,2.3912568783656276,64,1.2322564329229297,20.38998322114052
agf,component_of_wind,2024,0.1,33,1.4838002092940112,2.394779523596686,64,1.2322564329229297,20.413265425153114
agf,component_of_wind,2024,0.2,11,1.7444306951025215,2.7728770026807013,64,1.2322564329229297,41.56393494856481
agf,component_of_wind,2024,0.2,22,1.7498649655664547,2.7857315276727843,64,1.2322564329229297,42.00493653871622
agf,component_of_wind,2024,0.2,33,1.7439671985092933,2.7769502026363444,64,1.2322564329229297,41.52632130088203
agf,component_of_wind,2024,0.3,11,2.020269385276169,3.1417472942723585,64,1.2322564329229297,63.94877975877647
agf,component_of_wind,2024,0.3,22,2.0234446877915353,3.1469000643467284,64,1.2322564329229297,64.20646171770399
agf,component_of_wind,2024,0.3,33,2.0150910675854967,3.1325709220928655,64,1.2322564329229297,63.52854923270086
agf,component_of_wind,2024,0.4,11,2.2969945998744983,3.4740949930780713,64,1.2322564329229297,86.40556774582986
agf,component_of_wind,2024,0.4,22,2.2974924272596127,3.471822692460828,64,1.2322564329229297,86.44596740387291
agf,component_of_wind,2024,0.4,33,2.2952699019798843,3.471682384746956,64,1.2322564329229297,86.26560516592083
agf,component_of_wind,2025,0.0,,1.3248921968863943,2.1932458574180065,64,1.3248921968863943,0.0
agf,component_of_wind,2025,0.1,11,1.5873911622081411,2.630884298568885,64,1.3248921968863943,19.812854656298917
agf,component_of_wind,2025,0.1,22,1.5863082583673649,2.6242374040151715,64,1.3248921968863943,19.731119414494238
agf,component_of_wind,2025,0.1,33,1.5875570098937715,2.6303865578993446,64,1.3248921968863943,19.825372481222338
agf,component_of_wind,2025,0.2,11,1.851456903075339,3.003297383310849,64,1.3248921968863943,39.743966145050535
agf,component_of_wind,2025,0.2,22,1.8557535808992458,3.0133811308569247,64,1.3248921968863943,40.06827010230867
agf,component_of_wind,2025,0.2,33,1.8518431515250893,3.0083959756214043,64,1.3248921968863943,39.773119343375484
agf,component_of_wind,2025,0.3,11,2.12490413905309,3.3569867083507448,64,1.3248921968863943,60.38317261183887
agf,component_of_wind,2025,0.3,22,2.128181244921079,3.362476413176583,64,1.3248921968863943,60.63052148110466
agf,component_of_wind,2025,0.3,33,2.1199611337141846,3.3497345514831594,64,1.3248921968863943,60.01008525042775
agf,component_of_wind,2025,0.4,11,2.393152102664272,3.6679534882478775,64,1.3248921968863943,80.62994923574736
agf,component_of_wind,2025,0.4,22,2.396498192393311,3.6691319012837296,64,1.3248921968863943,80.88250485777478
agf,component_of_wind,2025,0.4,33,2.3929284030372693,3.6673886013909502,64,1.3248921968863943,80.6130648713041
control,cloud_cover,2021,0.0,,0.1466180730994703,0.2493259859146388,64,0.1466180730994703,0.0
control,cloud_cover,2021,0.1,11,0.1566537509562901,0.25490738867572493,64,0.1466180730994703,6.844775439117434
control,cloud_cover,2021,0.1,22,0.15657714649247131,0.25465175824895925,64,0.1466180730994703,6.792527812205296
control,cloud_cover,2021,0.1,33,0.15673086844750136,0.25490861262080033,64,0.1466180730994703,6.897372973364768
control,cloud_cover,2021,0.2,11,0.16794018080723086,0.2610916534859891,64,0.1466180730994703,14.542618967100296
control,cloud_cover,2021,0.2,22,0.1682325924719521,0.2613220267253624,64,0.1466180730994703,14.74205663432626
control,cloud_cover,2021,0.2,33,0.16816694394248088,0.26117711572032504,64,0.1466180730994703,14.697281438415267
control,cloud_cover,2021,0.3,11,0.18101514488044282,0.2684434182547035,64,0.1466180730994703,23.460321810147143
control,cloud_cover,2021,0.3,22,0.18118604435543753,0.2686343993764751,64,0.1466180730994703,23.57688279842227
control,cloud_cover,2021,0.3,33,0.18146635582511786,0.2685634266774782,64,0.1466180730994703,23.768067598327658
control,cloud_cover,2021,0.4,11,0.19678498631657249,0.2774577784999754,64,0.1466180730994703,34.21605001115202
control,cloud_cover,2021,0.4,22,0.19656391074509352,0.2773447311713743,64,0.1466180730994703,34.06526670947203
control,cloud_cover,2021,0.4,33,0.1966135228771956,0.2772832580668222,64,0.1466180730994703,34.09910437426551
control,cloud_cover,2022,0.0,,0.14564710584026366,0.24754384474425584,64,0.14564710584026366,0.0
control,cloud_cover,2022,0.1,11,0.15723579874253346,0.25414445921361917,64,0.14564710584026366,7.956692881339866
control,cloud_cover,2022,0.1,22,0.1572400749716394,0.25409300301150856,64,0.14564710584026366,7.959628901991467
control,cloud_cover,2022,0.1,33,0.1572631786982394,0.25411621417604946,64,0.14564710584026366,7.975491714003224
control,cloud_cover,2022,0.2,11,0.17050996122962184,0.26185049238522823,64,0.14564710584026366,17.070614102436153
control,cloud_cover,2022,0.2,22,0.17073068823096568,0.26196681406250777,64,0.14564710584026366,17.222163287070092
control,cloud_cover,2022,0.2,33,0.1706811595909509,0.2619133334013636,64,0.14564710584026366,17.188157365888877
control,cloud_cover,2022,0.3,11,0.18536323310221783,0.27022634801875023,64,0.14564710584026366,27.268737701875278
control,cloud_cover,2022,0.3,22,0.18576870942577747,0.2707901234093943,64,0.14564710584026366,27.54713411848815
control,cloud_cover,2022,0.3,33,0.1860646061898971,0.270715177148874,64,0.14564710584026366,27.7502941898212
control,cloud_cover,2022,0.4,11,0.20315869712950038,0.2811008557442482,64,0.14564710584026366,39.48694411567073
control,cloud_cover,2022,0.4,22,0.2030018006118818,0.28108743031216726,64,0.14564710584026366,39.379220370174096
control,cloud_cover,2022,0.4,33,0.20295952029181308,0.28092026425120104,64,0.14564710584026366,39.350191080628804
control,cloud_cover,2023,0.0,,0.14967137669678246,0.25253813669760544,64,0.14967137669678246,0.0
control,cloud_cover,2023,0.1,11,0.1612046494168453,0.25869958817392785,64,0.14967137669678246,7.7057303638143
control,cloud_cover,2023,0.1,22,0.16114732979031032,0.2585051723030488,64,0.14967137669678246,7.667433377576849
control,cloud_cover,2023,0.1,33,0.16116393890547442,0.25853122074853213,64,0.14967137669678246,7.678530432692288
control,cloud_cover,2023,0.2,11,0.1734910002432836,0.2653582220915761,64,0.14967137669678246,15.914615120269149
control,cloud_cover,2023,0.2,22,0.1736999793502605,0.2656101617096002,64,0.14967137669678246,16.05424041909984
control,cloud_cover,2023,0.2,33,0.17374858793063672,0.26551086218087366,64,0.14967137669678246,16.08671729039548
control,cloud_cover,2023,0.3,11,0.18689248522745552,0.2729627189941196,64,0.14967137669678246,24.868554931567765
control,cloud_cover,2023,0.3,22,0.18716059721109937,0.2732486688913192,64,0.14967137669678246,25.047688704210902
control,cloud_cover,2023,0.3,33,0.18741602127336895,0.2731881719669078,64,0.14967137669678246,25.218345290598165
control,cloud_cover,2023,0.4,11,0.202252821924219,0.2820736235905803,64,0.14967137669678246,35.13126316327049
control,cloud_cover,2023,0.4,22,0.20203294838169464,0.2820577357239777,64,0.14967137669678246,34.98435896062537
control,cloud_cover,2023,0.4,33,0.20199842211909905,0.2818063398966213,64,0.14967137669678246,34.961290914244316
control,cloud_cover,2024,0.0,,0.14973891803742845,0.25070364093051417,64,0.14973891803742845,0.0
control,cloud_cover,2024,0.1,11,0.1610920980146299,0.25808542603182216,64,0.14973891803742845,7.581983445588691
control,cloud_cover,2024,0.1,22,0.16101323946638027,0.2578264331902512,64,0.14973891803742845,7.529319415900759
control,cloud_cover,2024,0.1,33,0.1610400097330474,0.25794228777414485,64,0.14973891803742845,7.547197377767989
control,cloud_cover,2024,0.2,11,0.17319093980430958,0.2661876002318728,64,0.14973891803742845,15.661941514108646
control,cloud_cover,2024,0.2,22,0.173259515265651,0.26626564518403073,64,0.14973891803742845,15.707738199593102
control,cloud_cover,2024,0.2,33,0.17335538817152005,0.2661657366235741,64,0.14973891803742845,15.771764911636721
control,cloud_cover,2024,0.3,11,0.18599372157492175,0.2749122304731633,64,0.14973891803742845,24.212011154261926
control,cloud_cover,2024,0.3,22,0.1861688041468786,0.2750331244176274,64,0.14973891803742845,24.32893638268725
control,cloud_cover,2024,0.3,33,0.18632558741565694,0.27501858415339975,64,0.14973891803742845,24.43364080477952
control,cloud_cover,2024,0.4,11,0.20080083590746275,0.28560342953072615,64,0.14973891803742845,34.10063231341833
control,cloud_cover,2024,0.4,22,0.200491827209324,0.28531139865880173,64,0.14973891803742845,33.8942673268211
control,cloud_cover,2024,0.4,33,0.2003144911127682,0.28486502823111326,64,0.14973891803742845,33.77583712919441
control,cloud_cover,2025,0.0,,0.1479502431575194,0.2501716037995829,64,0.1479502431575194,0.0
control,cloud_cover,2025,0.1,11,0.15901765429614065,0.2560177106370291,64,0.1479502431575194,7.480495403335041
control,cloud_cover,2025,0.1,22,0.15894796000666625,0.2557775379463841,64,0.1479502431575194,7.433388830214915
control,cloud_cover,2025,0.1,33,0.1590106503990493,0.255940421391897,64,0.1479502431575194,7.475761448904228
control,cloud_cover,2025,0.2,11,0.17105493594488053,0.2626159571135005,64,0.1479502431575194,15.61652910753386
control,cloud_cover,2025,0.2,22,0.17136965168454785,0.2628693603026864,64,0.1479502431575194,15.829246392041618
control,cloud_cover,2025,0.2,33,0.17126627974217476,0.2626676324837754,64,0.1479502431575194,15.759376995299213
control,cloud_cover,2025,0.3,11,0.18432105140359076,0.2699952317262013,64,0.1479502431575194,24.583135160750057
control,cloud_cover,2025,0.3,22,0.18462801018038513,0.27042288963677763,64,0.1479502431575194,24.790609491473248
control,cloud_cover,2025,0.3,33,0.18478622309381385,0.27026136621511365,64,0.1479502431575194,24.897546060181863
control,cloud_cover,2025,0.4,11,0.1998356755042702,0.27924099157890475,64,0.1479502431575194,35.06951474997544
control,cloud_cover,2025,0.4,22,0.1996081471511578,0.27919019145169727,64,0.1479502431575194,34.915727673822985
control,cloud_cover,2025,0.4,33,0.1995908847754322,0.27900813036335526,64,0.1479502431575194,34.90405998382315
agf,cloud_cover,2021,0.0,,0.14686123682162133,0.24990311493001433,64,0.14686123682162133,0.0
agf,cloud_cover,2021,0.1,11,0.15718271534994224,0.25539138983250276,64,0.14686123682162133,7.028048211835136
agf,cloud_cover,2021,0.1,22,0.15715149993000446,0.25523677112557547,64,0.14686123682162133,7.0067931682216145
agf,cloud_cover,2021,0.1,33,0.15717911207379606,0.2554031293700033,64,0.14686123682162133,7.025594687525949
agf,cloud_cover,2021,0.2,11,0.16885380015643628,0.26171696776821685,64,0.14686123682162133,14.975063407321887
agf,cloud_cover,2021,0.2,22,0.16917360276001622,0.26200108396536753,64,0.14686123682162133,15.192821755611142
agf,cloud_cover,2021,0.2,33,0.16917985507702346,0.2619533548137162,64,0.14686123682162133,15.19707905123424
agf,cloud_cover,2021,0.3,11,0.18251204136699548,0.26923270877848404,64,0.14686123682162133,24.275162947644134
agf,cloud_cover,2021,0.3,22,0.1829162008659182,0.26978042476780173,64,0.14686123682162133,24.550361160371725
agf,cloud_cover,2021,0.3,33,0.18309665676876344,0.269601328031911,64,0.14686123682162133,24.673236268024823
agf,cloud_cover,2021,0.4,11,0.19943897723953796,0.2793995423054829,64,0.14686123682162133,35.80096528928045
agf,cloud_cover,2021,0.4,22,0.1991499918594286,0.27915478701036167,64,0.14686123682162133,35.60419084670896
agf,cloud_cover,2021,0.4,33,0.19917450187887198,0.27909349433216857,64,0.14686123682162133,35.62088008341555
agf,cloud_cover,2022,0.0,,0.14901479834711986,0.2509269252704208,64,0.14901479834711986,0.0
agf,cloud_cover,2022,0.1,11,0.16133420127869158,0.2572880930660045,64,0.14901479834711986,8.267234575504713
agf,cloud_cover,2022,0.1,22,0.16135054044015837,0.257240247031809,64,0.14901479834711986,8.27819936668519
agf,cloud_cover,2022,0.1,33,0.16137820619214457,0.2573632840183049,64,0.14901479834711986,8.296765141556595
agf,cloud_cover,2022,0.2,11,0.17518950406954067,0.264901179067547,64,0.14901479834711986,17.565172058582124
agf,cloud_cover,2022,0.2,22,0.1753730210882054,0.2651240772177836,64,0.14901479834711986,17.68832561158513
agf,cloud_cover,2022,0.2,33,0.1751684884139119,0.26467818657850334,64,0.14901479834711986,17.551068992402197
agf,cloud_cover,2022,0.3,11,0.19059542996454107,0.27354479282929217,64,0.14901479834711986,27.903692840332496
agf,cloud_cover,2022,0.3,22,0.19102040495776387,0.27406704362318424,64,0.14901479834711986,28.188882632176426
agf,cloud_cover,2022,0.3,33,0.1912757613608657,0.27388629303532175,64,0.14901479834711986,28.360245749084445
agf,cloud_cover,2022,0.4,11,0.20886893893102373,0.28457028043975774,64,0.14901479834711986,40.166574895788344
agf,cloud_cover,2022,0.4,22,0.2086861797239218,0.28436782310420866,64,0.14901479834711986,40.043929890641806
agf,cloud_cover,2022,0.4,33,0.2086105057195861,0.2842230911175345,64,0.14901479834711986,39.9931470119109
agf,cloud_cover,2023,0.0,,0.1466572444087054,0.24415392749617135,64,0.1466572444087054,0.0
agf,cloud_cover,2023,0.1,11,0.15817078592488087,0.25002308092548753,64,0.1466572444087054,7.850646289309426
agf,cloud_cover,2023,0.1,22,0.15820625892090825,0.24991733990987464,64,0.1466572444087054,7.87483397684603
agf,cloud_cover,2023,0.1,33,0.1582848359939817,0.2500759754300319,64,0.1466572444087054,7.928412695981413
agf,cloud_cover,2023,0.2,11,0.17126274012900922,0.2568369758739465,64,0.1466572444087054,16.777552189466395
agf,cloud_cover,2023,0.2,22,0.17141360069986908,0.2570316693212149,64,0.1466572444087054,16.880418277990074
agf,cloud_cover,2023,0.2,33,0.17141078761526765,0.2569938116491597,64,0.1466572444087054,16.878500142535692
agf,cloud_cover,2023,0.3,11,0.1860562240355724,0.2649318702204558,64,0.1466572444087054,26.864666512531542
agf,cloud_cover,2023,0.3,22,0.18638481840751334,0.2655040413327718,64,0.1466572444087054,27.088722523719923
agf,cloud_cover,2023,0.3,33,0.18661047574437362,0.2652183037640513,64,0.1466572444087054,27.242589683688777
agf,cloud_cover,2023,0.4,11,0.20352675563039688,0.2753278711725351,64,0.1466572444087054,38.77715789013951
agf,cloud_cover,2023,0.4,22,0.2032769585842781,0.2751334191989491,64,0.1466572444087054,38.606830780063284
agf,cloud_cover,2023,0.4,33,0.20338343190343267,0.275127210791667,64,0.1466572444087054,38.67943088896608
agf,cloud_cover,2024,0.0,,0.1480838315299214,0.2509424439514505,64,0.1480838315299214,0.0
agf,cloud_cover,2024,0.1,11,0.15869294993871108,0.25617813611235346,64,0.1480838315299214,7.1642651997736895
agf,cloud_cover,2024,0.1,22,0.15865335065565964,0.25607134801661086,64,0.1480838315299214,7.1375240743974055
agf,cloud_cover,2024,0.1,33,0.15870899422912998,0.256159537973623,64,0.1480838315299214,7.175099799508966
agf,cloud_cover,2024,0.2,11,0.1704147865554546,0.26232910928804276,64,0.1480838315299214,15.079941405366103
agf,cloud_cover,2024,0.2,22,0.17073139691452374,0.26272926383082096,64,0.1480838315299214,15.293746218354865
agf,cloud_cover,2024,0.2,33,0.17068106001895936,0.26251146298877154,64,0.1480838315299214,15.259754056587882
agf,cloud_cover,2024,0.3,11,0.18368391516742122,0.26981731863439057,64,0.1480838315299214,24.040493327123656
agf,cloud_cover,2024,0.3,22,0.18396294000198546,0.2700912419360875,64,0.1480838315299214,24.22891689212836
agf,cloud_cover,2024,0.3,33,0.18425227708320335,0.27013316078333033,64,0.1480838315299214,24.42430424686428
agf,cloud_cover,2024,0.4,11,0.199451232011711,0.27929990048217457,64,0.1480838315299214,34.68805469921301
agf,cloud_cover,2024,0.4,22,0.19926036192712596,0.27918165732709826,64,0.1480838315299214,34.559161434760654
agf,cloud_cover,2024,0.4,33,0.19917195209624575,0.2788808643552048,64,0.1480838315299214,34.49945887981809
agf,cloud_cover,2025,0.0,,0.15144997682746938,0.24956519789218515,64,0.15144997682746938,0.0
agf,cloud_cover,2025,0.1,11,0.1652596991308807,0.25954004765564204,64,0.15144997682746938,9.118339000568643
agf,cloud_cover,2025,0.1,22,0.16524314383508454,0.2594563725928601,64,0.15144997682746938,9.107407803256539
agf,cloud_cover,2025,0.1,33,0.16520681185374997,0.25944010926635175,64,0.15144997682746938,9.083418376453277
agf,cloud_cover,2025,0.2,11,0.17948260908821112,0.2696346172082335,64,0.15144997682746938,18.509499207567593
agf,cloud_cover,2025,0.2,22,0.17953638128659577,0.2697262188443339,64,0.15144997682746938,18.545004131048625
agf,cloud_cover,2025,0.2,33,0.1796893492180137,0.2698393915694144,64,0.15144997682746938,18.6460064122125
agf,cloud_cover,2025,0.3,11,0.19405943169450288,0.27956623607053194,64,0.15144997682746938,28.134342282253265
agf,cloud_cover,2025,0.3,22,0.194403188836039,0.27999344705481055,64,0.15144997682746938,28.361319630640523
agf,cloud_cover,2025,0.3,33,0.19454838651891274,0.27986307751685835,64,0.15144997682746938,28.457191340835088
agf,cloud_cover,2025,0.4,11,0.20989040444063298,0.29044393048247624,64,0.15144997682746938,38.587280656859036
agf,cloud_cover,2025,0.4,22,0.20991039015096172,0.29057133675072744,64,0.15144997682746938,38.60047690207966
agf,cloud_cover,2025,0.4,33,0.20979554722100602,0.29019605957835004,64,0.15144997682746938,38.52464795026245
