file,bytes,sha256
data/ablation_per_seed.csv,4459,ce30c898dda776e2a8f09d19ecdeceb984747cd9a10c1d76eb0ba56cbc688744
data/dataset_cloud_cover.json,1963,31a8818d4e12fb04fab7df8e1ef87fd43f970e6bb91b528b2ace480df22fb27b
data/dataset_component_of_wind.json,1980,8ba61432443d1b494e09bf2a630d062e68d869f248161419488a7cffc930632f
data/dataset_humidity.json,1880,9bc918cf184ae720736a69fea54199408f3fbcbeeada81c3ead5983c28d933fc
data/dataset_temperature.json,1896,49364087faad3aab597bf74bef70e1273f2b706982801967d810675f3354f786
data/gate_histogram.csv,77197,f21c4b51e8a3ea1efe43d64de53b244c4897ebbafb79601e50434455fb1b82e4
data/gate_per_seed.csv,2509,c61bc7f01e7bfacd02862e0dd17ba4a371da50aaae8aec37e482dc3504a4f0fe
data/horizon_per_seed.csv,49296,4cd1acb63f2eab6c7ac27ae03b994b9f514247916a0ab2546611c988a26696c6
data/inference_agf_cloud_cover_2021.json,10674,2c57a7c2ca9fc80165ede6d34908f3ad1a19a60ab1eae6a3842e6105a0a5ec55
data/inference_agf_cloud_cover_2022.json,10652,884b54248a703515ebf762e5e20c3803dae59a27ddf7f50e985d82fae8a5f25f
data/inference_agf_cloud_cover_2023.json,10629,8244b4bc792f98aa725f849857e35f43e04f4aefc2762e63b8e18485d0cd23b3
data/inference_agf_cloud_cover_2024.json,10661,88f1b0708a127c30de8424de73c705e96a9d11ea4aee17244390a1199973be94
data/inference_agf_cloud_cover_2025.json,10641,b45b3d549196455b4d528e1b7a6e0c357e02d9fa688eec789266363246433370
data/inference_agf_component_of_wind_2021.json,10498,e4f95fedab87a1165e0f58494de1d5d80f9ed42426a559ad55511da63c36b3b4
data/inference_agf_component_of_wind_2022.json,10539,a35df379c3a9d788b3f6e6ae00d68b367f58e785352cd0546c41a2467b06ec27
data/inference_agf_component_of_wind_2023.json,10511,20e56795fd322bfe7abdd18a78f596c19196fcfb8014e3c61e4f51866c0f9809
data/inference_agf_component_of_wind_2024.json,10526,563dd99feabfadb2e61f6bb6ee96727bb51b88a47c8f478a550cc389890133cd
data/inference_agf_component_of_wind_2025.json,10550,b270d1f78269a71568be36ad6a941b9d1c4fd11bdaefdcc85172cd4fadb4d841
data/inference_agf_humidity_2021.json,10520,f67f40ae22fdad979d4e123669a0d7cb80db0093aeeb955ebb75419ef21e39d4
data/inference_agf_humidity_2022.json,10508,5ac994c4b383b2740ea3f05e2b151109976ce123661653e81761261898a1da07
data/inference_agf_humidity_2023.json,10514,b1cdd888bfabd1b5da3a525b5f7e3cc0b5c312017b589f31750d83a98c3380e1
data/inference_agf_humidity_2024.json,10541,e4c73e9984d2e3e4598c781518af5825cf5694df942b77dfeb13d0d865053510
data/inference_agf_humidity_2025.json,10552,7ef9d684c09bbdf0ae85ee08f77c11eef57aefbc9bb1c7131fe05e2c3276e78f
data/inference_agf_temperature_2021.json,10590,ed66c0cf1c8b79283758bb5ef3044c74e33fa539b8a27396d01ef091a7bb5e46
data/inference_agf_temperature_2022.json,10546,2481e56177b48af1dac3789346fff8b77c2350462894a165dd6409617a29b7ac
data/inference_agf_temperature_2023.json,10477,05fa719f961b7041cf54fa72706b7107941aa9129ec3589de0ccb34f5428c66e
data/inference_agf_temperature_2024.json,10520,753565ba3e287928c063b0422e7b972862a4d1dd14ab28c8504ca19e2ee81b8b
data/inference_agf_temperature_2025.json,10502,59d45535afb4ae1e1e3c128a021dda0be7da9e5f674c07fbe3e61b8567ae746c
data/inference_control_cloud_cover_2021.json,7253,fe58b192778c1f95ad460e8665dab7231764fdd2166430a0c6ad21909358eb28
data/inference_control_cloud_cover_2022.json,7250,5236eb3ec934a70188324a67defc42e23354545d215cdee43e10735ffb6e9122
data/inference_control_cloud_cover_2023.json,7241,bb3b252daf4019ed762ce20584c5bf78243e314c49476d749c629142694319ea
data/inference_control_cloud_cover_2024.json,7239,9b0132feec9ed739629c02a31f946de4b1d6b6e9f55da957956cec7c03560c81
data/inference_control_cloud_cover_2025.json,7228,a3ef7bbeb611b59d40a5616aa97903ec59c3fba867c21855c97be59712c81cfc
data/inference_control_component_of_wind_2021.json,7231,cb7ee9b14d494ba3ba731873411648b8f1ef980cd79101138974bc735c02ad86
data/inference_control_component_of_wind_2022.json,7221,f271514140880d83dc8bfe2a4b1728aa90d3fea8b9f79242d04b85796510c6e1
data/inference_control_component_of_wind_2023.json,7234,88feb32ee4a9b064df1acc62e9d03bcc978cea5d2b2f7409f7af71207f384efa
data/inference_control_component_of_wind_2024.json,7243,734344507d227f3eb87483543b73158f9ae0a9f916e4fcace19910b0a3c8b655
data/inference_control_component_of_wind_2025.json,7205,338762dd05b8339a7e70c3240134c520fc3e4bbb7d1143cbed39b5f1e1a446ad
data/inference_control_humidity_2021.json,7111,103296ce7be063b691c7e4ae7a61ad89d516b32876823b20d8a89f615a085411
data/inference_control_humidity_2022.json,7103,89e55c41c24b856a9b8607cf7ebf49d43d4f3ce5f9220fe5af397ce42af79bb3
data/inference_control_humidity_2023.json,7103,8d770838eda9a7a1ee890f3070bc2f67e17aa36439bbd23faf3e3650426b7a71
data/inference_control_humidity_2024.json,7111,7f3f13816654c1e2e5a2e6aea5bb86ac3746066f24955c8ecf6c455a9aad8a11
data/inference_control_humidity_2025.json,7106,187973a2cf97d15025c9bd306460ea78da0e6b44fa628594d30309668208e4c1
data/inference_control_temperature_2021.json,7159,a1332a9d9349b98a1268865b30034ac7f55eb326e696ee7f0a2ec26a29ee4017
data/inference_control_temperature_2022.json,7164,6e0f85b6306ac0a600c8c32dd4b9a37ae1b5da59beb2c238cdccc842212ce899
data/inference_control_temperature_2023.json,7165,b110b4e51a95fa8c24a6d81bd2cada1486751052dd780908e7ed4f06608f6092
data/inference_control_temperature_2024.json,7170,6815cf0e64100782d24f004a0278053bbfbb28556cc198dc7f51e5f1649dd8c1
data/inference_control_temperature_2025.json,7159,caa8da8224e844420e27cd4c67d5f1424cda1c7dd8944afc6b16179da41b25b3
data/inference_mean_fusion_humidity_2023.json,5171,6918a0b455c97a6e5116dfe0cc44a49cbe2b5ad46138df4c7e063356b3c5139a
data/inference_mean_fusion_humidity_2024.json,5171,43120f0bb7fe1b54a9c2381c78ea59045c9a292d06081db9759b0af3f02596a3
data/inference_mean_fusion_humidity_2025.json,5170,e538ca65f095e68658bee52d837020842a8eb210b42f09099d25cfb63faa42ac
data/inference_mean_fusion_temperature_2023.json,5240,82558686951d6dbbce74d4a7c6efab70fdf946e5ec91143f8b9c9a710e0eb282
data/inference_mean_fusion_temperature_2024.json,5228,17a189170e2c9ed3e47fd6f7a246cb640611aaa6e7a0ba36143a26f6f32500c0
data/inference_mean_fusion_temperature_2025.json,5226,5b7d73e69c2ec3c52e2f722a5e02ce27374590befd8d5a1d11b6be903592f4d9
data/latitude_weighted_sensitivity.csv,2281,cd97f3eec1636d54150cf9cad7d950ff502e955e781c85c972a315beae42987c
data/manuscript_assets.json,17583,df90e94fac8ad590d550a70b8df314706f9e36a563f70f1108eabc41f78a5e0a
data/persistence_cloud_cover.json,3023,1f60039cbe6445ab53e901028413c0d31f68dd56b8630e659bcd2fdbcc4a0503
data/persistence_component_of_wind.json,2974,89589da1cb5fcdae3db40ad0d77ef254c0fce7fa7732a4bff6d55bf04f268ba5
data/persistence_humidity.json,2948,55f62abba98545f36453cea6ba9ee2b34544662c6aa748f5f71c08884bb37286
data/persistence_temperature.json,2982,6ade781e7d63f79e1e6db4e40a3041047fcdd0ddd959795b090b8c3ecd6ee311
data/primary_per_seed.csv,11260,ae1c0c7e333556a363c6e80589de365620b11ed656c72e1d970ef68965024f1b
data/raw_target_zero_fractions.csv,542,6b66f0a6223c2129849700009eb9f93c82aa42ea4892fcc4357f9ad44eeb43c6
data/robustness_indices_cloud_cover.json,813,46dd07e4f4c5c4b82d2959b48a78eaaaa50e9227307235dfa703d221411631a0
data/robustness_indices_component_of_wind.json,813,46dd07e4f4c5c4b82d2959b48a78eaaaa50e9227307235dfa703d221411631a0
data/robustness_indices_humidity.json,813,46dd07e4f4c5c4b82d2959b48a78eaaaa50e9227307235dfa703d221411631a0
data/robustness_indices_temperature.json,813,46dd07e4f4c5c4b82d2959b48a78eaaaa50e9227307235dfa703d221411631a0
data/robustness_per_seed_mask.csv,56303,031d9912f1b2a843cce93d8622824326720de894cd54890a11f2da1f1bc15b97
data/robustness_summary.csv,2616,1fe426769bebda218610d5a03422f1154e63e0c3924190fdee7c909b954abb08
data/table1_body.tex,872,c0fd36b43a43fb09e2325927a8da03433d39a9a7674c186119d82cd836a39493
data/table1_primary_statistics.csv,2439,1b7d495b3a286ed7566303c14fb464ed7731e3e2d485d8bd3f9baca4e5f0c99b
data/table2_body.tex,311,ccf88766b766e749ac363b3a3a45dc9ee42db07f0236d04cd16a51239928ba75
data/table2_current_context.csv,1532,366f85e48a053c5a380dad963bb017bc8780ce19c3bfd05bc161a6ae39326741
data/table3_ablation_statistics.csv,844,95ae6deb6b80b0511da58c7e4ac27d1a9407db2c98885ee8e2bd636cad7fc01d
data/table3_body.tex,476,e92eacd9149a9cbd2baa3d03ab9bc50ec752029a170f0071e6eadfcd5cd3dce9
data/table4_body.tex,199,f34c92b5d36c4ed39a6dc6d0cacd53b3d59e8b8fc41df3d43a3ee8d6cbe0f401
data/table4_gate_statistics.csv,560,d493250fbe4523c46c6ea7511a934ff82d0e7ea7d6090d830c93dd6f61bce409
figure2_metadata.json,2619,2642c7bc709eabd4f9b19e7cc0a90a6b54313433508285466f014c30b266499f
figures/fig1_motivation.pdf,7750343,c3b71de5155fc422a5bfbef69e166b3d1837ede63efb80df892aacbcbb2e6686
figures/fig1_motivation.png,5375269,77aa083f0726a303b0c9b6d7e907accb288119ef31223afb5e51936751c976b3
figures/fig1_motivation.svg,7167303,b7efb7d47ae37a83df5feb9bf154b2eef066abb9bec414c550ce492e22fb3f6f
figures/fig2_architecture.pdf,83837,43e13ac7d4b064b88df9a13e5610bbcfaef5c6e6700d07c47bf2673240046b1c
figures/fig2_architecture.png,858883,ea9a38f93df6f90edbee91ab2dc8b1aee9b0e335c8e4cb14813c5cd578e20e2c
figures/fig2_architecture.svg,329037,0d79f09be00adc8e065b230faf95175e1da09f0d6e7bf2af356b58af2290e7fe
figures/fig3_context_heatmap.pdf,38354,5da2d67f5f03e6f0bbf8914a008bc296d06ac1856e9cda5fe4a90e56729e5827
figures/fig3_context_heatmap.png,214475,aa108a1d7823052fb3ed80f40e9b1b6e083a47c88725e80ddd5e77f0b9bec78e
figures/fig3_context_heatmap.svg,78636,387d7ac5bf8a5fd30ce96cd853199c9fa6b04a8d170dbc2411cfcf13a95faaf3
figures/fig4_primary_replicates.pdf,21317,2ff182ba670bc7ce05af344cd0550e33dff36fc5f4ef5fa93209c1d5960270f4
figures/fig4_primary_replicates.png,219955,a72e651621f8d78a605907d7424ccc7da9d8ad90a5bfd7aecf3f9a1ad1496bd4
figures/fig4_primary_replicates.svg,46588,b73e14018587f30c608e4761fad99ba040b679a38920c890fbb2e39e18f697ff
figures/fig5_horizon_curves.pdf,38576,583ce89d5f72600e036f8e112f859bb79d0b2bbf8a22e7f853ff25fc37c011c8
figures/fig5_horizon_curves.png,344009,f1855f725f283b6bc3f85e6d4dbd41ce9586c692d88fb8bf55a010f78d11a4d1
figures/fig5_horizon_curves.svg,89237,fe18af896652b32d16cdbdd2dbad831a6dbcacb5bc498a83263021caf58e289b
figures/fig6_primary_bars.pdf,26495,1ace4be02afa5e8f5b88b41403bf7f04c189be140fa07d6b5aef9d13e7f4272a
figures/fig6_primary_bars.png,230754,d767a66f020f5ed63d9be33e1e84149feb886c04d96ea978559539c4b96c36db
figures/fig6_primary_bars.svg,43774,4a330a629b0be021f771479126832be81d134992c3827f77db09c3f76c350669
figures/fig7_missing_node_robustness.pdf,16145,8851ed975ac4a744b0e4185a993c382b98121b7e1bdbe9a780aa0f7d56c96ef5
figures/fig7_missing_node_robustness.png,181451,e5c1d29d2d7e8461a5c9111d3de59607c55840da69c75d9b35493a08689ed20a
figures/fig7_missing_node_robustness.svg,13685,df4235603acedb8370a9b619c1620436ab54c4404b62501b4e544f6376142d70
figures/fig8_gate_distribution.pdf,35018,4f731eb81e56779f41b5132c94cf17d2c2692751d93b742ec5a3f04dde633062
figures/fig8_gate_distribution.png,190459,2b5f786ba9fd779686aad9feea3522949afeca5fad708ce8943327cace38679f
figures/fig8_gate_distribution.svg,55373,88bd64dd0bb44dda2d0f8d69f7f0d8f7610e4ba0fa35478519b3bf5cf3aa6b46
manuscript_snippets/figure_captions.txt,5354,f14ed2e1a379503fc978d662cd646ffedbb9abd188c2b06ba8fd6d6adfea9e1a
manuscript_snippets/figures.tex,6543,7c591defd01b55ed71153e43e055bc5c716cdd1b656c20bf1320d075ba03c66c
manuscript_snippets/replacement_map.csv,1178,e124100837ffeb9e45250b9e5833324fc1b5b49bed7cf25178e44d4f127f0f4b
metadata/comparisons.json,9174,46fb09db791845da594785b88d18d9e82f12707a6918a731896fcc1a13e8d3ba
metadata/diagnostics.json,19835,ce06c1f5950db9f6c6a8c1a28b0f7893f116b50d42bceb497caddc11243415d5
metadata/input_manifest.json,31612,fdb5281adb13bab72c3ec2cb2d965469cf2232e547bdc1229d595d7cefc68f78
metadata/schematics.json,4957,a4ba02ff35c8db133d517e8002dd4db26924d4f6d3a3c9fe30c209628247f4e8
metadata/tables.json,58671,dbaf062e8c89951980068424e7e4658c83601594ce160afedbd9c8eb35e4985b
preview/comparison_page_03.png,247956,5c99163effea1727547f9c3c0a09e4b0994abe5f6509ac4fbe160bbff7865f23
preview/comparison_page_06.png,158431,2a7852321144c7d4c057060e2556b1a155f05ea1af4b864185c44800d03ad8cf
preview/figures_and_tables_preview.pdf,8141034,19a48cc4319180630df47db686864f2762e0fa26d2cd78ca3481a97246cb598b
preview/figures_contact.png,776781,96856a738afa63df400bf8dfba31908d6e07cdfcb7a8c0edc5a1afadd79bfb15
preview/old_vs_new_contact.png,530166,862c4c8656ab900f53ca41488e6cc2a4c38f1efd1b81720378d6da60c28109a4
preview/old_vs_new_results.pdf,593939,25732de102ad51072d28eb92ce44a4349522bf064ac8a1ece4c157623e04d49c
preview/portfolio_page_02.png,190320,12bbb61b726c6b12da375429def9a97bb875ff16a0b97e11d240c7cc9b97dd99
preview/portfolio_page_05.png,169500,53723a3a7cf1cbbf29d2166910317e90116143999db214b222052460d31a7424
preview/portfolio_page_07.png,134945,e5d93a5200b0d4123fb28027a1624c40fd713326db71781e60fc403fb2671c7f
preview/portfolio_page_08.png,135927,8135c2583647fdc11f9e7423c5428c13eb27d3295460d360b104adf10f34eaf7
preview/preview_manifest.json,4933,26a00100a4d823b6ec8308cb88a780ac4bb7a36b91068de61e44294dfbf05796
preview/tables_contact.png,127754,ff7118e9538c78b0ddd0908f21fe0db7708dd365c0931681e1b90473931cac20
README.md,5948,db37a265e617aec5fc8b9efd5ec48d6c01325408e36ee0c00081942cd51af9ff
reference_assets/fig1_background.png,5375269,77aa083f0726a303b0c9b6d7e907accb288119ef31223afb5e51936751c976b3
reference_code/adaptive_attention.py,4037,05b1fc67eda9bb1fba160e5c48a70de7d401a34c63ef4fbb19640ace36b0d82e
reference_code/clconv.py,4664,c07dfd30df610c0a16464aa1dd05493cc44352b180ceee24c47f334ea56e5906
reference_code/seq2seq_model.py,8550,8d2d73688a3f0d179451dad738d8e54a2ade45082fd4ccbac49d4dc252156960
reference_configs/seed_2021/cloud_cover/agf/model_param.json,1485,976af19f14f7c35b50936575dead6332bbe24d7b0853f6b89964fc490372e31d
reference_configs/seed_2021/cloud_cover/control/model_param.json,1490,40a5fbf9eda2e28cdb7419c12c64c66eb279075379d7f5d9e8d550bcaad18a4a
reference_configs/seed_2021/component_of_wind/agf/model_param.json,1503,d43910f8183f3819f832f99583ee18fd0a2c9a4026b97bc54ddceed99db01f18
reference_configs/seed_2021/component_of_wind/control/model_param.json,1508,e63381f79b5c7f05765c7424690b8482ac2d649f6d7c6d5d71e4ca48ab1dde17
reference_configs/seed_2021/humidity/agf/model_param.json,1476,325eb6a469b9fb6439b19236461d1f3a7d7aa2b8b7b34dbf8238dca93b2dddde
reference_configs/seed_2021/humidity/control/model_param.json,1481,97508835c0c30d03419b20eda69b2a7152695175d59279c02b09f9024fe49d93
reference_configs/seed_2021/temperature/agf/model_param.json,1485,7123d430b6d81bd57ddf847dc9e58434306403e56e49b3eb0fce8dca31dd757d
reference_configs/seed_2021/temperature/control/model_param.json,1490,6baa81efec19593f5636bf6ad98dffe793907d10c6b6d68a6623158f0a7b3080
reference_configs/seed_2022/cloud_cover/agf/model_param.json,1485,59c921889a748232177c33e9547d3e811fcadf07d7d396d596eb115f0afa61d9
reference_configs/seed_2022/cloud_cover/control/model_param.json,1490,5cf6f16cc01c892ea95d80cdaea90612083e931f6de042aaf6366bfc950f2b00
reference_configs/seed_2022/component_of_wind/agf/model_param.json,1503,d76f437ceeaff8505afcd9f22849f4a09fdc005164b6a4f4bdbc86e9fbbd5df5
reference_configs/seed_2022/component_of_wind/control/model_param.json,1508,3ded4c9ff4e3350557fb61cd10fe18b10fb88b4661bdff1ac40417857a0a145e
reference_configs/seed_2022/humidity/agf/model_param.json,1476,1638c34165be1c6cd30dcf390e8f7edbd447d6f6ae3f27ed01f8f67e5940346e
reference_configs/seed_2022/humidity/control/model_param.json,1481,709a4ac4287dd6c1f3c99b4659473462de29320719dfb87c027ea8e0c6687af4
reference_configs/seed_2022/temperature/agf/model_param.json,1485,1d2d25501c51bf0ae612e477643a172ee17b1d41c0d22714e106e16dc88786ae
reference_configs/seed_2022/temperature/control/model_param.json,1490,8817cca767154bf74f9b0a10ffbdf461c846dc9d27f91e01b91f0fad381107be
reference_configs/seed_2023/cloud_cover/agf/model_param.json,1485,ed42335080a5e045e89d17963ea470472b6671bdf00f1cc9c97926bbca25d6da
reference_configs/seed_2023/cloud_cover/control/model_param.json,1490,8085e637caffe8857f1ddd0bb5351a6242e5c1da123762202d54b7d4d98aa5a4
reference_configs/seed_2023/component_of_wind/agf/model_param.json,1503,399164538fe3544a3316ed96789654e915930444ca2751ab6231455c82ab33a3
reference_configs/seed_2023/component_of_wind/control/model_param.json,1508,017665716c7fe3ee643fe34808143d28cb8c0cbb20dadf7cfb1cf00e2088e1e3
reference_configs/seed_2023/humidity/agf/model_param.json,1476,b35405a3969e3122f48594c97e401d8be7876486bd2250345a255286333591d8
reference_configs/seed_2023/humidity/control/model_param.json,1481,1a4254e35c7c07f4343f552e070b687c62393d54c7bc6927c244f46663c23160
reference_configs/seed_2023/humidity/mean_fusion/model_param.json,1483,db234270cdc5cff3de1af5246c50d8a11c9708dba840f1d5a6ebc59bd8a3a3fa
reference_configs/seed_2023/temperature/agf/model_param.json,1485,a1433133bd6e03896d36e8ca4e45aee0b90efc1712659d71ddc1180263c1810d
reference_configs/seed_2023/temperature/control/model_param.json,1490,d8eef1447ba1ac776ca2007d4f9a89382eae9633e8c20c4f96b53f66c903b1eb
reference_configs/seed_2023/temperature/mean_fusion/model_param.json,1492,e7f7cedf69fb5900ae283e60bb76be31665607caa882543239722c050a2cd285
reference_configs/seed_2024/cloud_cover/agf/model_param.json,1485,f7efc77dad17a1b1ad7ba504bafccc1258b77508a945acd927cbf6699a05daa0
reference_configs/seed_2024/cloud_cover/control/model_param.json,1490,6caaedc5f8bca262966614209cd63d33d5af3b572af4567fc1c2d11cab7c5606
reference_configs/seed_2024/component_of_wind/agf/model_param.json,1503,142e792d2c8ec4cbd314224a78dd08757ff88f11e412ff653e7139bb21b7e0fb
reference_configs/seed_2024/component_of_wind/control/model_param.json,1508,8448166a54c8d1bbd826de60cbfb47700d3b81eb0371ad906f146c81bf21003d
reference_configs/seed_2024/humidity/agf/model_param.json,1476,b6dc134a4a566131d242e035a12905a1c403523489c312c8a3c4ff354c714c08
reference_configs/seed_2024/humidity/control/model_param.json,1481,723a7f3aa702d8588e26c250ae00e8966e5529e177d613e7857aadcbdaa8ff90
reference_configs/seed_2024/humidity/mean_fusion/model_param.json,1483,9ad0a4d08aaaec8c2c49cbf052d6f1fef3a93dda1bd15fdd56a0028c9bd82735
reference_configs/seed_2024/temperature/agf/model_param.json,1485,0b3bdc60e95970a9e58663bf37ee8558b79b0ec002ce7402ed78c4ee24cd63a7
reference_configs/seed_2024/temperature/control/model_param.json,1490,c30bc2022c9a4f59f314ef8ba5310a5105a9b06944f4425b59445966cdb9bf45
reference_configs/seed_2024/temperature/mean_fusion/model_param.json,1492,e09cb32b4df76bf4411e58fcea220beba6edb5bbd571e33e4981e8252e04ed7f
reference_configs/seed_2025/cloud_cover/agf/model_param.json,1485,eb429d2aba8a23d1e22a821ea936bc43da06a6f9853b61094a7a68e756af93af
reference_configs/seed_2025/cloud_cover/control/model_param.json,1490,ccf77915986f6e9b1595e2e8fc857e3858f68443cdb8f81f8be1a1d3e10ce19d
reference_configs/seed_2025/component_of_wind/agf/model_param.json,1503,c85fffa80f38dc86a0d3c1ea18a9470d48fde6bda2bd7b1ae06697a3c1d3a6ba
reference_configs/seed_2025/component_of_wind/control/model_param.json,1508,428703301b9d656ad27768230a34c66ecd97562aff4bcbb886329bc53de4e6a2
reference_configs/seed_2025/humidity/agf/model_param.json,1476,97260efd56da0f1c93572ad6d0aeab7892b8b3674d69c7573de78c58c6b7e329
reference_configs/seed_2025/humidity/control/model_param.json,1481,ea4d1a756cdafd81ecc3acf462fc360843df28598d0305325b33fb62c84c0c05
reference_configs/seed_2025/humidity/mean_fusion/model_param.json,1483,47ebe06d79bef8f13470e4a18ffe79b1c5aa826e6b0e848fc2b99ebab0214ef4
reference_configs/seed_2025/temperature/agf/model_param.json,1485,d056b75b95d99f608afa6f52055c08bdc275eb1510097477e841457a6c400384
reference_configs/seed_2025/temperature/control/model_param.json,1490,d85c5e9cfe0f288a383ff2ce3cf4965a47f3195992ad684858739727ec711a6a
reference_configs/seed_2025/temperature/mean_fusion/model_param.json,1492,3345949818e402ff67eaee6b19a000ccde9ef58def27dae9c238f805c0f6f1b6
reference_previews/fig_A1_main_baselines.png,92449,ad52391ffdaf646f6d3f3f1269eb5da5de5516a291a84658917bcac725c06c2c
reference_previews/fig_A2_horizon_curves.png,75078,812ba64428be4355507f7ad6b4447ab8ba0c3b626fb7b071dc4dacd1dd57730c
reference_previews/fig_B2_schedule_decomp_mae.png,59797,7ff15045455fe2906930371b7fcdd274d84538d20202bf3f000ebeb0c7f96e2d
reference_previews/fig_gate_distribution.png,42472,05fe7549c79bb97c1fb3e3e422479d137f87b92c0e7e98b361d70cb3047b5bfb
reference_previews/fig_missing_nodes_mae.png,38071,8ef61eead60c710ce85f6db9cb4feb3845b540f6a8e7a35090b8e9e568b6a15c
reference_previews/fig_primary_replicate_comparison.png,52670,edbf7e61ebbabe0525f7dd16430b8e16a90d590dced49166e1119c233e259fcd
reference_previews/old_sheet_1.png,323732,4f5c13424750e759896ff6c0cc2f8703d2835925609dfa6eaf9a420c262f08c1
reference_previews/old_sheet_2.png,267340,5506b864a09e579d786a3e6ecc50dac5876beff42b3492b484e5c8899e161924
requirements.txt,91,2f64b9b4ceb159bfb26ccb9de00bd3f58567dfb50d950fffa201667947319c27
scripts/comparisons.py,17643,7e435a45e18960a0a84aa5c79f2a196fac5eafa95b5f43945b8204391119d69e
scripts/diagnostics.py,21738,454eb9b49739d6efa8d8fbc19a7bc0893dcb92400b95336e4940309596461b41
scripts/draw_figure2.py,16509,ba40227004a2afd5dd23bf6f8c907800920b4615ce77c652c03b867735ec80a0
scripts/portfolio.py,12209,ff7de244ee758e9cf5421b65716e44fd5b40e944f2a5aa8ca4f27e9d51c4a744
scripts/rebuild_all.py,7107,ce3285ffecbbc71df07776d15ffb45371e95f529e84875ff8bdbb9141d967cf3
scripts/schematics.py,3315,a67e53f571de133c0ebabfb015d482390fe6ca6a485906eb4ffbf1b09fe9aae6
scripts/tables.py,20516,843937771ca5973cbe25581e9143725b50c5f58c4f543d43a98df215afe8e2fc
source_data/fig3_context_heatmap.csv,1750,4bc8c00285bff4cef81caeadc3a6a3bf5dc5e73b6406325d5759dcb71996661e
source_data/fig4_primary_replicates.csv,7445,a0332b90b0a99eb259bbdccf668f9f2a836d5c872fe6ed9371560df1add84e29
source_data/fig5_horizon_per_seed.csv,24350,c03f261d6912f11f2605b9394cc21205957ce1122270ddae0adb1e94358342ad
source_data/fig5_horizon_summary.csv,9124,037c2f07c2eb022efb881a65e9e23e418674b75fdb605f9093f6abec596a1e24
source_data/fig6_primary_bars.csv,678,9097a2ba43c6fde07c37ca4d3a6d2c17f5a5ad310ef0db2b4a4e848aaa2d2b87
source_data/fig7_robustness_per_mask.csv,31590,ff4846e1fac0dd8058a29a0c4c96d27116b60f143e618730fd169e7442386bc6
source_data/fig7_robustness_per_seed.csv,9398,12dfcdc323253e17493399ea1dc8265c669e93b1eb4811a9f8bfe9aab16ed1e3
source_data/fig7_robustness_summary.csv,1748,07504fcc7e7bc7ddca6bee9915941e9ae26c7e9eb046d799720a6d3064c41c37
source_data/fig8_gate_histogram_per_seed.csv,117953,7786426ab7d71c0226178645a1ddcde5f7f23694dd1bc072b698da33a543daec
source_data/fig8_gate_histogram_pooled.csv,29593,b259c4ad4c3add8e9921f2affa36ba657c92d8d682a845b7c62ba8b839e4bdbd
source_data/fig8_gate_statistics_per_seed.csv,2514,3c39e65f2085eb622ba413a5c2d6b4a0359c58f85dfc04984a6544e39b4c3535
source_data/fig8_gate_summary.csv,893,405c93d1af3c8f01bf538ff49516889562c11bebe821b6df8024ff74cd3517f2
tables/compile_console.txt,8714,e0a44aeca655bb8ce2061e63b63499bb3555f0e1988ac6fde822316514ddb757
tables/table1.tex,1811,f1857d14799e89d54fda1e640b87cdb2c908bde4e3b4f419077547638a21ed75
tables/table1_primary_statistics.csv,2439,1b7d495b3a286ed7566303c14fb464ed7731e3e2d485d8bd3f9baca4e5f0c99b
tables/table2.tex,1218,40663467d5ac5930f36abeb9738e62781a483f4fb61cbddb6f203615935fd21a
tables/table2_current_context.csv,1532,366f85e48a053c5a380dad963bb017bc8780ce19c3bfd05bc161a6ae39326741
tables/table3.tex,1277,d1b40fdcb1ddd54b715f46ab48124879ae092bf6d6d226528c5a74921f9f4583
tables/table3_ablation_statistics.csv,844,95ae6deb6b80b0511da58c7e4ac27d1a9407db2c98885ee8e2bd636cad7fc01d
tables/table4.tex,967,f3a57fc1cf12fd4a2a4feb268ed26a1e4c525f96dfb3f66acfe07144c8201592
tables/table4_gate_statistics.csv,560,d493250fbe4523c46c6ea7511a934ff82d0e7ea7d6090d830c93dd6f61bce409
tables/tables_preview.aux,1709,85ff363e377baa4d5dea6f1cc0ddca82a33019c6e7a2ea05f14869254a068522
tables/tables_preview.log,18460,4c00ac6f1cd5ec58f5abf803565e455fc8871f3ca95b49cd5ad7022dd5bf5c05
tables/tables_preview.pdf,71407,107fc72408e784311a21098e66678c56661e5f7a6d136441fb478f1320323a7b
tables/tables_preview.tex,604,06f4dd6380580d123a7000add657dbf4a428b378172cbf9530c33020aceb04c8
validation/comparisons.log,396,794de1be951197925f2c7d5df458da7731791146e99ffc0167f6959a9b0277de
validation/diagnostics.log,132,8540040aa446f68e8cb3d8f0238b809aeb619cc0e117ada2398d301c6187f584
validation/portfolio.log,144,030fd776de227e469f0908fa336929c3beb3a0b0c649ebe828a8e37030d7fd84
validation/schematics.log,309,6d9408ccfd2bca4f620fb05c813a4cb0df7eea17d242b229fe3a87965c5434b2
validation/tables.log,470,d7a7b173510a146b3cad0b8979e8082b5052d05b380da9a7eee1818358dcc359
validation/validation_summary.json,1659,bd1a5d26c05cc71ec55260236024c45e97e2e046612809c911976dfcd0b8e5fd
使用说明.txt,5160,9852dab65d56c91baa309e906539b2b6f51887473135de232a96d45fba4790bc
