kind,dataset,missing_ratio,mean_relative_mae_increase_percent,sd_across_trained_seeds_percent,n_trained_seeds,n_masks_per_nonzero_ratio,test_examples
control,temperature,0,0.0,0.0,5,3,64
control,temperature,0.1,115.80040209924668,5.962282159900096,5,3,64
control,temperature,0.2,233.36517117609796,11.93283565918996,5,3,64
control,temperature,0.3,352.13026443283235,17.852045635741277,5,3,64
control,temperature,0.4,474.0884944543574,23.91721572420663,5,3,64
agf,temperature,0,0.0,0.0,5,3,64
agf,temperature,0.1,114.32175659221548,12.850105300391983,5,3,64
agf,temperature,0.2,229.99170020941756,25.53921483116272,5,3,64
agf,temperature,0.3,346.5494041620635,38.114977017467176,5,3,64
agf,temperature,0.4,465.9455381331383,50.67004641533731,5,3,64
control,humidity,0,0.0,0.0,5,3,64
control,humidity,0.1,17.788590035931996,0.31103872979977165,5,3,64
control,humidity,0.2,35.872280681400824,0.575271147368853,5,3,64
control,humidity,0.3,54.12281254428949,0.8202434943497127,5,3,64
control,humidity,0.4,72.99097317841117,1.0167765317204611,5,3,64
agf,humidity,0,0.0,0.0,5,3,64
agf,humidity,0.1,18.009132846500187,0.2987555563620002,5,3,64
agf,humidity,0.2,36.4186834760605,0.6107167334921761,5,3,64
agf,humidity,0.3,55.18398770745127,0.8851234101733929,5,3,64
agf,humidity,0.4,74.70967064729048,1.1934468616649367,5,3,64
control,component_of_wind,0,0.0,0.0,5,3,64
control,component_of_wind,0.1,20.286011475895247,0.6407902416607726,5,3,64
control,component_of_wind,0.2,41.4655501449606,1.121750892729447,5,3,64
control,component_of_wind,0.3,63.439113111325256,1.5746606022356542,5,3,64
control,component_of_wind,0.4,85.74646503937491,1.9163742614193415,5,3,64
agf,component_of_wind,0,0.0,0.0,5,3,64
agf,component_of_wind,0.1,20.12230606830671,0.2199509015280512,5,3,64
agf,component_of_wind,0.2,41.025522367753275,0.6955589534259791,5,3,64
agf,component_of_wind,0.3,62.73015211528843,1.391475973102556,5,3,64
agf,component_of_wind,0.4,84.66728804858042,2.27903217515636,5,3,64
control,cloud_cover,0,0.0,0.0,5,3,64
control,cloud_cover,0.1,7.501755321187806,0.4130230880105924,5,3,64
control,cloud_cover,0.2,15.857670783014305,0.8932147302769963,5,3,64
control,cloud_cover,0.3,25.050127079839488,1.4849332248015141,5,3,64
control,cloud_cover,0.4,35.488915258437245,2.2436567550248108,5,3,64
agf,cloud_cover,0,0.0,0.0,5,3,64
agf,cloud_cover,0.1,7.88950549116164,0.85370730389771,5,3,64
agf,cloud_cover,0.2,16.669330194524427,1.501844008651066,5,3,64
agf,cloud_cover,0.3,26.452941869161304,1.9676631601533023,5,3,64
agf,cloud_cover,0.4,37.51681253999385,2.290899975738502,5,3,64
